rank,word,frequency,probability
1,వచ్చు,387,0.008621457850650507
2,ఒక,348,0.007752628764926038
3,అవ్వు,252,0.005613972553911959
4,అంటే,244,0.005435751202994119
5,తెలుగు,214,0.0047674211370522185
6,రాష్ట్రం,210,0.004678310461593299
7,నుండి,203,0.004522366779540189
8,జరుగు,177,0.003943147389057209
9,కానీ,172,0.003831759044733559
10,అయితే,162,0.003608982356086259
11,ఎక్కువ,162,0.003608982356086259
12,లో,161,0.0035867046872215293
13,రోజు,151,0.003363927998574229
14,అండి,146,0.003252539654250579
15,అను,146,0.003252539654250579
16,అనేది,142,0.003163428978791659
17,భూమి,140,0.0031188736410621993
18,ఓకు,137,0.003052040634468009
19,ఇప్పుడు,136,0.0030297629656032793
20,ఇంకా,135,0.0030074852967385494
21,ద్వారా,133,0.002962929959009089
22,నుంచి,130,0.0028960969524148995
23,సార్,129,0.002873819283550169
24,వెయ్యి,128,0.0028515416146854392
25,చూడు,125,0.002784708608091249
26,తెలంగాణ,123,0.0027401532703617893
27,కంప్యూటర్,121,0.0026955979326323295
28,ఒకటి,118,0.0026287649260381394
29,తీసుకో,117,0.0026064872571734095
30,దేశం,117,0.0026064872571734095
31,అక్కడ,116,0.002584209588308679
32,సంవత్సరం,116,0.002584209588308679
33,ప్రజలు,115,0.0025619319194439493
34,ప్రాంతం,110,0.0024505435751202994
35,ప్రభుత్వం,109,0.0024282659062555695
36,చేసుకో,108,0.0024059882373908396
37,లేదా,108,0.0024059882373908396
38,భాష,107,0.0023837105685261093
39,ఏ,103,0.0022945998930671892
40,లేదు,102,0.0022723222242024593
41,మూడు,101,0.0022500445553377295
42,అనే,100,0.0022277668864729996
43,కోసం,94,0.0020941008732846193
44,ఎంత,93,0.0020718232044198894
45,నాలుగు,93,0.0020718232044198894
46,పెట్టు,93,0.0020718232044198894
47,ఎన్నిక,91,0.0020272678666904296
48,కేంద్రం,90,0.0020049901978256997
49,వరకు,90,0.0020049901978256997
50,వాతావరణం,90,0.0020049901978256997
51,అలాగే,88,0.0019604348600962395
52,కాలం,87,0.0019381571912315096
53,కదా,85,0.0018936018535020496
54,ముఖ్యం,85,0.0018936018535020496
55,యొక్క,85,0.0018936018535020496
56,సినిమా,85,0.0018936018535020496
57,కొంచెం,83,0.0018490465157725896
58,బాగా,83,0.0018490465157725896
59,చెందు,82,0.0018267688469078595
60,పార్టీ,82,0.0018267688469078595
61,తర్వాత,81,0.0018044911780431296
62,పో,81,0.0018044911780431296
63,గురించి,80,0.0017822135091783995
64,సమయం,80,0.0017822135091783995
65,పాలు,79,0.0017599358403136696
66,పెద్ద,79,0.0017599358403136696
67,మంది,79,0.0017599358403136696
68,అంత,78,0.0017376581714489397
69,తరువాత,78,0.0017376581714489397
70,కాబట్టి,77,0.0017153805025842096
71,విద్య,76,0.0016931028337194797
72,ఏర్పడు,75,0.0016708251648547496
73,ప్రతి,75,0.0016708251648547496
74,ఆంధ్రప్రదేశ్,74,0.0016485474959900197
75,భారతదేశం,74,0.0016485474959900197
76,మొత్తం,74,0.0016485474959900197
77,ఆరు,73,0.0016262698271252895
78,ఏది,72,0.0016039921582605597
79,గ్రామం,72,0.0016039921582605597
80,స,72,0.0016039921582605597
81,అప్పుడు,71,0.0015817144893958295
82,చిత్రం,70,0.0015594368205310996
83,ఐదు,69,0.0015371591516663695
84,మధ్య,69,0.0015371591516663695
85,కోటి,68,0.0015148814828016396
86,సూర్యుడు,68,0.0015148814828016396
87,సరే,67,0.0014926038139369097
88,అందరు,66,0.0014703261450721796
89,మేడం,66,0.0014703261450721796
90,తొమ్మిది,65,0.0014480484762074497
91,దగ్గర,65,0.0014480484762074497
92,వంటి,65,0.0014480484762074497
93,చిన్న,64,0.0014257708073427196
94,ఏర్పాటు,63,0.0014034931384779897
95,ప్రపంచం,62,0.0013812154696132596
96,విషయం,62,0.0013812154696132596
97,ఇతర,61,0.0013589378007485297
98,నీరు,61,0.0013589378007485297
99,ముఖ్యమంత్రి,61,0.0013589378007485297
100,అవసరం,60,0.0013366601318837996
101,ఎందుకంటే,58,0.0012921047941543396
102,పెరుగు,58,0.0012921047941543396
103,రకం,58,0.0012921047941543396
104,విధం,58,0.0012921047941543396
105,కలుగు,57,0.0012698271252896097
106,కారణం,56,0.0012475494564248798
107,పద్ధతి,56,0.0012475494564248798
108,ఎనిమిది,55,0.0012252717875601497
109,ఏడు,55,0.0012252717875601497
110,రాయి,55,0.0012252717875601497
111,కొత్త,54,0.0012029941186954198
112,మంత్రి,54,0.0012029941186954198
113,మార్పు,54,0.0012029941186954198
114,శీతోష్ణస్థితి,54,0.0012029941186954198
115,సంస్థ,54,0.0012029941186954198
116,సహాయం,54,0.0012029941186954198
117,అందించు,53,0.0011807164498306897
118,వద్ద,53,0.0011807164498306897
119,అనేక,52,0.0011584387809659598
120,మళ్ళీ,52,0.0011584387809659598
121,ప్రత్యేకం,51,0.0011361611121012297
122,ఇందిర,50,0.0011138834432364998
123,ఇక్కడ,50,0.0011138834432364998
124,తక్కువ,50,0.0011138834432364998
125,పథకం,50,0.0011138834432364998
126,పొందు,50,0.0011138834432364998
127,అండ్,49,0.0010916057743717697
128,ఆరోగ్యం,49,0.0010916057743717697
129,ఇష్టం,49,0.0010916057743717697
130,మొదట,49,0.0010916057743717697
131,రైతు,49,0.0010916057743717697
132,కార్యక్రమం,48,0.0010693281055070398
133,నిర్వహించు,48,0.0010693281055070398
134,పేరు,48,0.0010693281055070398
135,ప్రకారం,48,0.0010693281055070398
136,బాగుండు,48,0.0010693281055070398
137,భాగం,48,0.0010693281055070398
138,ముందు,48,0.0010693281055070398
139,సాధారణం,48,0.0010693281055070398
140,హలి,48,0.0010693281055070398
141,శక్తి,47,0.0010470504366423097
142,కాంగ్రెస్,46,0.0010247727677775798
143,ప్రధాన,46,0.0010247727677775798
144,మాత్రమే,46,0.0010247727677775798
145,కలువు,45,0.0010024950989128499
146,తెల్,45,0.0010024950989128499
147,భారతం,45,0.0010024950989128499
148,సమాచారం,45,0.0010024950989128499
149,దూరం,44,0.0009802174300481198
150,పె,44,0.0009802174300481198
151,విధానం,44,0.0009802174300481198
152,వివిధం,44,0.0009802174300481198
153,సముద్రం,44,0.0009802174300481198
154,ఉద్యమం,43,0.0009579397611833897
155,కంటే,43,0.0009579397611833897
156,కలుపు,43,0.0009579397611833897
157,పనిచెయ్యి,42,0.0009356620923186597
158,పాట,42,0.0009356620923186597
159,బయట,42,0.0009356620923186597
160,మరి,42,0.0009356620923186597
161,వ్యవసాయం,42,0.0009356620923186597
162,అభివృద్ధి,41,0.0009133844234539297
163,అవకాశం,41,0.0009133844234539297
164,కాదు,41,0.0009133844234539297
165,తియ్యి,41,0.0009133844234539297
166,కి,40,0.0008911067545891997
167,నేర్,40,0.0008911067545891997
168,ఫోన్,40,0.0008911067545891997
169,శతాబ్దం,40,0.0008911067545891997
170,శాఖ,40,0.0008911067545891997
171,జీవితం,39,0.0008688290857244698
172,రాజకీయ,39,0.0008688290857244698
173,వ్యవస్థ,39,0.0008688290857244698
174,కావాలి,38,0.0008465514168597398
175,ప్రదేశం,38,0.0008465514168597398
176,వలన,38,0.0008465514168597398
177,స్థితి,38,0.0008465514168597398
178,అధికారి,37,0.0008242737479950098
179,ఎవరు,37,0.0008242737479950098
180,కాకుండా,37,0.0008242737479950098
181,కుటుంబం,37,0.0008242737479950098
182,పడు,37,0.0008242737479950098
183,ప్రస్తుతం,37,0.0008242737479950098
184,మాత్రం,37,0.0008242737479950098
185,రంగం,37,0.0008242737479950098
186,సంఖ్య,37,0.0008242737479950098
187,ఆర్డర్,36,0.0008019960791302798
188,ఏం,36,0.0008019960791302798
189,ఏంటంటే,36,0.0008019960791302798
190,చర్య,36,0.0008019960791302798
191,తెలుపు,36,0.0008019960791302798
192,లక్ష,36,0.0008019960791302798
193,సమస్య,36,0.0008019960791302798
194,ఒకసారి,35,0.0007797184102655498
195,చూపించు,35,0.0007797184102655498
196,దాదాపు,35,0.0007797184102655498
197,పదవి,35,0.0007797184102655498
198,పరిస్థితి,35,0.0007797184102655498
199,మనిషి,35,0.0007797184102655498
200,రూపాయ,35,0.0007797184102655498
201,ఉగాది,34,0.0007574407414008198
202,ఓ,34,0.0007574407414008198
203,నిర్మాణం,34,0.0007574407414008198
204,రేపు,34,0.0007574407414008198
205,వే,34,0.0007574407414008198
206,స్థానం,34,0.0007574407414008198
207,స్థాయి,34,0.0007574407414008198
208,అసలు,33,0.0007351630725360898
209,ఎన్నో,33,0.0007351630725360898
210,కొట్టు,33,0.0007351630725360898
211,చె,33,0.0007351630725360898
212,పై,33,0.0007351630725360898
213,వంద,33,0.0007351630725360898
214,వ్యక్తి,33,0.0007351630725360898
215,సభ,33,0.0007351630725360898
216,సాహిత్యం,33,0.0007351630725360898
217,హైదరాబాద్,33,0.0007351630725360898
218,అందుబాటు,32,0.0007128854036713598
219,కనిపించు,32,0.0007128854036713598
220,టెలిఫోన్,32,0.0007128854036713598
221,నాయకుడు,32,0.0007128854036713598
222,స్కూల్,32,0.0007128854036713598
223,అట్టు,31,0.0006906077348066298
224,చుట్టు,31,0.0006906077348066298
225,జర్,31,0.0006906077348066298
226,పండుగ,31,0.0006906077348066298
227,పదం,31,0.0006906077348066298
228,లభించు,31,0.0006906077348066298
229,క,30,0.0006683300659418998
230,గాంధీ,30,0.0006683300659418998
231,దక్షిణం,30,0.0006683300659418998
232,ని,30,0.0006683300659418998
233,ను,30,0.0006683300659418998
234,మానవుడు,30,0.0006683300659418998
235,రాజ్యాంగం,30,0.0006683300659418998
236,వచ్చెయ్యి,30,0.0006683300659418998
237,అర్థం,29,0.0006460523970771698
238,ఆంధ్ర,29,0.0006460523970771698
239,ఆర్థికం,29,0.0006460523970771698
240,ఆహారం,29,0.0006460523970771698
241,ఇబ్బంది,29,0.0006460523970771698
242,ఉత్పత్తి,29,0.0006460523970771698
243,ఉపరితలం,29,0.0006460523970771698
244,తగ్గు,29,0.0006460523970771698
245,తయారు,29,0.0006460523970771698
246,తొలి,29,0.0006460523970771698
247,నగరం,29,0.0006460523970771698
248,వన్,29,0.0006460523970771698
249,శాస్త్రం,29,0.0006460523970771698
250,సందర్భం,29,0.0006460523970771698
251,సాధించు,29,0.0006460523970771698
252,ఇరవై,28,0.0006237747282124399
253,ఏమి,28,0.0006237747282124399
254,గంట,28,0.0006237747282124399
255,గత,28,0.0006237747282124399
256,గా,28,0.0006237747282124399
257,గ్రహం,28,0.0006237747282124399
258,జనాభా,28,0.0006237747282124399
259,టీ,28,0.0006237747282124399
260,పాత్ర,28,0.0006237747282124399
261,మాట,28,0.0006237747282124399
262,రాష్ట,28,0.0006237747282124399
263,వెళ్ళి,28,0.0006237747282124399
264,అడుగు,27,0.0006014970593477099
265,ఉదాహరణ,27,0.0006014970593477099
266,ఊరు,27,0.0006014970593477099
267,ఎస్,27,0.0006014970593477099
268,ఒక్క,27,0.0006014970593477099
269,కనుక,27,0.0006014970593477099
270,కు,27,0.0006014970593477099
271,చంద్రుడు,27,0.0006014970593477099
272,తే,27,0.0006014970593477099
273,న,27,0.0006014970593477099
274,పెంచు,27,0.0006014970593477099
275,మారు,27,0.0006014970593477099
276,ఆఫ్,26,0.0005792193904829799
277,ఉద్యోగం,26,0.0005792193904829799
278,ఎప్పుడు,26,0.0005792193904829799
279,కథ,26,0.0005792193904829799
280,కింద,26,0.0005792193904829799
281,చేపట్టు,26,0.0005792193904829799
282,చేర్,26,0.0005792193904829799
283,నచ్చు,26,0.0005792193904829799
284,నిర్మించు,26,0.0005792193904829799
285,పది,26,0.0005792193904829799
286,ఫుడ్,26,0.0005792193904829799
287,వాహనం,26,0.0005792193904829799
288,సభ్యుడు,26,0.0005792193904829799
289,అంశం,25,0.0005569417216182499
290,ఆట,25,0.0005569417216182499
291,ఎత్తు,25,0.0005569417216182499
292,కొ,25,0.0005569417216182499
293,కొంత,25,0.0005569417216182499
294,పంట,25,0.0005569417216182499
295,మతం,25,0.0005569417216182499
296,మొదలైన,25,0.0005569417216182499
297,విద్యార్థి,25,0.0005569417216182499
298,అనగా,24,0.0005346640527535199
299,అన్న,24,0.0005346640527535199
300,అయిపో,24,0.0005346640527535199
301,ఆదేశం,24,0.0005346640527535199
302,ఐ,24,0.0005346640527535199
303,కళ,24,0.0005346640527535199
304,గాలి,24,0.0005346640527535199
305,చివర,24,0.0005346640527535199
306,జాతీయ,24,0.0005346640527535199
307,ది,24,0.0005346640527535199
308,మరింత,24,0.0005346640527535199
309,యంత్రం,24,0.0005346640527535199
310,విద్యుత్,24,0.0005346640527535199
311,శబ్దం,24,0.0005346640527535199
312,సమితి,24,0.0005346640527535199
313,సుమారు,24,0.0005346640527535199
314,అనిపించు,23,0.0005123863838887899
315,ఇలాంటి,23,0.0005123863838887899
316,ఒక్కరు,23,0.0005123863838887899
317,కేసీఆర్,23,0.0005123863838887899
318,క్రికెట్,23,0.0005123863838887899
319,గోదావరి,23,0.0005123863838887899
320,చేయి,23,0.0005123863838887899
321,జనవరి,23,0.0005123863838887899
322,తండ్రి,23,0.0005123863838887899
323,నేడు,23,0.0005123863838887899
324,లాంటి,23,0.0005123863838887899
325,లేకపోతే,23,0.0005123863838887899
326,సామాజిక,23,0.0005123863838887899
327,ఆడు,22,0.0004901087150240599
328,ఆధారం,22,0.0004901087150240599
329,ఇవన్నీ,22,0.0004901087150240599
330,ఈరోజు,22,0.0004901087150240599
331,ఉత్తరం,22,0.0004901087150240599
332,ఉష్ణోగ్రత,22,0.0004901087150240599
333,కూచిపూడి,22,0.0004901087150240599
334,కూర్చో,22,0.0004901087150240599
335,చరిత్ర,22,0.0004901087150240599
336,జాగ్రత్త,22,0.0004901087150240599
337,జూన్,22,0.0004901087150240599
338,తప్పు,22,0.0004901087150240599
339,నాడు,22,0.0004901087150240599
340,ప్రక్రియ,22,0.0004901087150240599
341,భావించు,22,0.0004901087150240599
342,ముందుగా,22,0.0004901087150240599
343,విజయం,22,0.0004901087150240599
344,విశ్వవిద్యాలయం,22,0.0004901087150240599
345,వేరే,22,0.0004901087150240599
346,వైవిధ్యం,22,0.0004901087150240599
347,శాతం,22,0.0004901087150240599
348,శాసనసభ,22,0.0004901087150240599
349,సంగీతం,22,0.0004901087150240599
350,సంస్కృతి,22,0.0004901087150240599
351,సగటు,22,0.0004901087150240599
352,అవునండి,21,0.00046783104615932987
353,కల్వకుంట్ల,21,0.00046783104615932987
354,గానీ,21,0.00046783104615932987
355,చేరు,21,0.00046783104615932987
356,పాత,21,0.00046783104615932987
357,ప్రయత్నం,21,0.00046783104615932987
358,భారతీయ,21,0.00046783104615932987
359,రాజీనామా,21,0.00046783104615932987
360,రూపం,21,0.00046783104615932987
361,వంట,21,0.00046783104615932987
362,వివరం,21,0.00046783104615932987
363,వుండు,21,0.00046783104615932987
364,సూచించు,21,0.00046783104615932987
365,అంతర్జాతీయ,20,0.00044555337729459987
366,అమలు,20,0.00044555337729459987
367,ఇక,20,0.00044555337729459987
368,కూడు,20,0.00044555337729459987
369,గారు,20,0.00044555337729459987
370,చెట్టు,20,0.00044555337729459987
371,తిరిగి,20,0.00044555337729459987
372,తిరుగు,20,0.00044555337729459987
373,తెలంగాణా,20,0.00044555337729459987
374,థ్యాంక్,20,0.00044555337729459987
375,పరిమాణం,20,0.00044555337729459987
376,పూర్తి,20,0.00044555337729459987
377,ప్రచారం,20,0.00044555337729459987
378,ప్రజాస్వామ్యం,20,0.00044555337729459987
379,ప్రధానమంత్రి,20,0.00044555337729459987
380,ప్రభావం,20,0.00044555337729459987
381,బట్టి,20,0.00044555337729459987
382,మహిళ,20,0.00044555337729459987
383,మొబైల్,20,0.00044555337729459987
384,లోక్సభ,20,0.00044555337729459987
385,విభాగం,20,0.00044555337729459987
386,వ్యాపారం,20,0.00044555337729459987
387,సమాజం,20,0.00044555337729459987
388,సమావేశం,20,0.00044555337729459987
389,అక్షరం,19,0.0004232757084298699
390,అధికారం,19,0.0004232757084298699
391,అనుకుంటున్నాను,19,0.0004232757084298699
392,అనుమతి,19,0.0004232757084298699
393,అవన్నీ,19,0.0004232757084298699
394,ఆర్,19,0.0004232757084298699
395,ఇంగ్లీషు,19,0.0004232757084298699
396,ఉపయోగపడు,19,0.0004232757084298699
397,ఏంటి,19,0.0004232757084298699
398,ఒకరు,19,0.0004232757084298699
399,ఒకే,19,0.0004232757084298699
400,కల్,19,0.0004232757084298699
401,కేవలం,19,0.0004232757084298699
402,గొప్ప,19,0.0004232757084298699
403,గ్రామీణ,19,0.0004232757084298699
404,చట్టం,19,0.0004232757084298699
405,చేప,19,0.0004232757084298699
406,జరుపు,19,0.0004232757084298699
407,దొరుకు,19,0.0004232757084298699
408,నాట్యం,19,0.0004232757084298699
409,పదార్థం,19,0.0004232757084298699
410,పరిశ్రమ,19,0.0004232757084298699
411,పాలన,19,0.0004232757084298699
412,పోలీసు,19,0.0004232757084298699
413,ఫస్ట్,19,0.0004232757084298699
414,రవాణా,19,0.0004232757084298699
415,విజయవాడ,19,0.0004232757084298699
416,వివరించు,19,0.0004232757084298699
417,శ్రీ,19,0.0004232757084298699
418,సౌర,19,0.0004232757084298699
419,అత్యంత,18,0.0004009980395651399
420,అధికం,18,0.0004009980395651399
421,అధ్యక్షుడు,18,0.0004009980395651399
422,ఇంత,18,0.0004009980395651399
423,కష్టం,18,0.0004009980395651399
424,కార్యాలయం,18,0.0004009980395651399
425,కావలసిన,18,0.0004009980395651399
426,కేసు,18,0.0004009980395651399
427,కొండ,18,0.0004009980395651399
428,కోరు,18,0.0004009980395651399
429,గుర్తించు,18,0.0004009980395651399
430,దృష్టి,18,0.0004009980395651399
431,నృత్యం,18,0.0004009980395651399
432,పైన,18,0.0004009980395651399
433,ప్రధానం,18,0.0004009980395651399
434,ఫిబ్రవరి,18,0.0004009980395651399
435,మరొక,18,0.0004009980395651399
436,మార్గం,18,0.0004009980395651399
437,లేదను,18,0.0004009980395651399
438,వస్తువు,18,0.0004009980395651399
439,వాయువు,18,0.0004009980395651399
440,వార్త,18,0.0004009980395651399
441,వేగం,18,0.0004009980395651399
442,శరీరం,18,0.0004009980395651399
443,శాసనం,18,0.0004009980395651399
444,ఎక్కడ,17,0.0003787203707004099
445,కొంతమంది,17,0.0003787203707004099
446,క్రమం,17,0.0003787203707004099
447,క్రితం,17,0.0003787203707004099
448,చక్రం,17,0.0003787203707004099
449,చద్,17,0.0003787203707004099
450,డబ్బు,17,0.0003787203707004099
451,తీగ,17,0.0003787203707004099
452,తూర్పు,17,0.0003787203707004099
453,నది,17,0.0003787203707004099
454,నమోదు,17,0.0003787203707004099
455,నివసించు,17,0.0003787203707004099
456,పట్టణం,17,0.0003787203707004099
457,పరికరం,17,0.0003787203707004099
458,పరీక్ష,17,0.0003787203707004099
459,ఫోర్,17,0.0003787203707004099
460,బాబు,17,0.0003787203707004099
461,బిర్యాని,17,0.0003787203707004099
462,మంతి,17,0.0003787203707004099
463,మార్,17,0.0003787203707004099
464,ముందుకు,17,0.0003787203707004099
465,వారం,17,0.0003787203707004099
466,వి,17,0.0003787203707004099
467,సంతోషం,17,0.0003787203707004099
468,సృష్టించు,17,0.0003787203707004099
469,సేవ,17,0.0003787203707004099
470,అతి,16,0.0003564427018356799
471,అధ్యయనం,16,0.0003564427018356799
472,అభ్యర్థి,16,0.0003564427018356799
473,అమ్మ,16,0.0003564427018356799
474,అవగాహన,16,0.0003564427018356799
475,ఆన్లైన్,16,0.0003564427018356799
476,ఇండియా,16,0.0003564427018356799
477,ఉన్నత,16,0.0003564427018356799
478,ఎలాంటి,16,0.0003564427018356799
479,కక్ష్య,16,0.0003564427018356799
480,కల్పించు,16,0.0003564427018356799
481,కొందరు,16,0.0003564427018356799
482,క్లాస్,16,0.0003564427018356799
483,చ,16,0.0003564427018356799
484,డెలివర్,16,0.0003564427018356799
485,తో,16,0.0003564427018356799
486,నియోజకవర్గం,16,0.0003564427018356799
487,పన్ను,16,0.0003564427018356799
488,పాడు,16,0.0003564427018356799
489,పొర,16,0.0003564427018356799
490,ప్రదర్శించు,16,0.0003564427018356799
491,మహి,16,0.0003564427018356799
492,మాట్లాడ్,16,0.0003564427018356799
493,మిలియన్,16,0.0003564427018356799
494,మ్యాడమ్,16,0.0003564427018356799
495,యుగం,16,0.0003564427018356799
496,రాజకీయం,16,0.0003564427018356799
497,రెస్టారెంట్,16,0.0003564427018356799
498,రైలు,16,0.0003564427018356799
499,వర్షం,16,0.0003564427018356799
500,వసూలు,16,0.0003564427018356799
501,వాడ్,16,0.0003564427018356799
502,వేడి,16,0.0003564427018356799
503,సంబంధం,16,0.0003564427018356799
504,సరైన,16,0.0003564427018356799
505,సాంకేతికం,16,0.0003564427018356799
506,సాంప్రదాయం,16,0.0003564427018356799
507,అత్యధిక,15,0.0003341650329709499
508,అమౌంట్,15,0.0003341650329709499
509,ఉద్యోగి,15,0.0003341650329709499
510,ఉష్ణం,15,0.0003341650329709499
511,ఎందుకు,15,0.0003341650329709499
512,ఒకవేళ,15,0.0003341650329709499
513,కారు,15,0.0003341650329709499
514,కాల్,15,0.0003341650329709499
515,ఖచ్చితం,15,0.0003341650329709499
516,డాక్టర్,15,0.0003341650329709499
517,తమిళం,15,0.0003341650329709499
518,పోటి,15,0.0003341650329709499
519,పోషించు,15,0.0003341650329709499
520,ప్రారంభం,15,0.0003341650329709499
521,ఫలితం,15,0.0003341650329709499
522,ఫైవ్,15,0.0003341650329709499
523,బరువు,15,0.0003341650329709499
524,బాధ్యత,15,0.0003341650329709499
525,బుక్,15,0.0003341650329709499
526,భారీ,15,0.0003341650329709499
527,మద్దతు,15,0.0003341650329709499
528,మరో,15,0.0003341650329709499
529,లేక,15,0.0003341650329709499
530,వాళ్ళకు,15,0.0003341650329709499
531,విశాఖపట్నం,15,0.0003341650329709499
532,వ్యాసం,15,0.0003341650329709499
533,సంఘటన,15,0.0003341650329709499
534,సహా,15,0.0003341650329709499
535,సాగు,15,0.0003341650329709499
536,సెకండ్,15,0.0003341650329709499
537,సొంతం,15,0.0003341650329709499
538,అన్నమాట,14,0.00031188736410621995
539,అలాంటి,14,0.00031188736410621995
540,ఆలయం,14,0.00031188736410621995
541,ఉంచు,14,0.00031188736410621995
542,కావ్యం,14,0.00031188736410621995
543,కేజీలు,14,0.00031188736410621995
544,కొంచం,14,0.00031188736410621995
545,కొర,14,0.00031188736410621995
546,క్రీడ,14,0.00031188736410621995
547,చంద్రశేఖర్,14,0.00031188736410621995
548,చాలామంది,14,0.00031188736410621995
549,తీర్పు,14,0.00031188736410621995
550,త్రాగు,14,0.00031188736410621995
551,త్రీ,14,0.00031188736410621995
552,ధర,14,0.00031188736410621995
553,నడువు,14,0.00031188736410621995
554,నష్టం,14,0.00031188736410621995
555,నిన్న,14,0.00031188736410621995
556,నిర్ణయం,14,0.00031188736410621995
557,నిలువు,14,0.00031188736410621995
558,నెంబర్,14,0.00031188736410621995
559,పక్షి,14,0.00031188736410621995
560,పోరాటం,14,0.00031188736410621995
561,ప్రముఖ,14,0.00031188736410621995
562,ప్రయాణం,14,0.00031188736410621995
563,ప్రేమ,14,0.00031188736410621995
564,ఫోటో,14,0.00031188736410621995
565,బిల్లు,14,0.00031188736410621995
566,మండలం,14,0.00031188736410621995
567,మరణించు,14,0.00031188736410621995
568,మేడమ్,14,0.00031188736410621995
569,మొక్క,14,0.00031188736410621995
570,రూపొందించు,14,0.00031188736410621995
571,రెడ్డి,14,0.00031188736410621995
572,లక్షణం,14,0.00031188736410621995
573,వర్క్,14,0.00031188736410621995
574,వివాహం,14,0.00031188736410621995
575,వైపు,14,0.00031188736410621995
576,సంఘం,14,0.00031188736410621995
577,సంజయ్,14,0.00031188736410621995
578,అంతరిక్షం,13,0.00028960969524148995
579,అనంతరం,13,0.00028960969524148995
580,అనుభవం,13,0.00028960969524148995
581,అయస్కాంతం,13,0.00028960969524148995
582,అలాంటివి,13,0.00028960969524148995
583,అవార్డు,13,0.00028960969524148995
584,ఆధారపడు,13,0.00028960969524148995
585,ఆన్,13,0.00028960969524148995
586,ఆలోచన,13,0.00028960969524148995
587,ఇలాంటివి,13,0.00028960969524148995
588,కలిగించు,13,0.00028960969524148995
589,కాంతి,13,0.00028960969524148995
590,కాక,13,0.00028960969524148995
591,కార్డు,13,0.00028960969524148995
592,కుమారబాబు,13,0.00028960969524148995
593,కృషి,13,0.00028960969524148995
594,కోవిడ్,13,0.00028960969524148995
595,క్రస్ట్,13,0.00028960969524148995
596,ఖాతా,13,0.00028960969524148995
597,గది,13,0.00028960969524148995
598,గుర్తు,13,0.00028960969524148995
599,చంప్,13,0.00028960969524148995
600,చలనం,13,0.00028960969524148995
601,చికెన్,13,0.00028960969524148995
602,చిట్టిబాబు,13,0.00028960969524148995
603,టైం,13,0.00028960969524148995
604,డిసెంబరు,13,0.00028960969524148995
605,తరగతి,13,0.00028960969524148995
606,తేడా,13,0.00028960969524148995
607,దయచెయ్యి,13,0.00028960969524148995
608,దరఖాస్తు,13,0.00028960969524148995
609,ధ్రువం,13,0.00028960969524148995
610,నంబర్,13,0.00028960969524148995
611,నన్నయ,13,0.00028960969524148995
612,నిమిషం,13,0.00028960969524148995
613,పత్రిక,13,0.00028960969524148995
614,పరిశోధన,13,0.00028960969524148995
615,పర్వతం,13,0.00028960969524148995
616,పశ్చిమం,13,0.00028960969524148995
617,పిలువు,13,0.00028960969524148995
618,పుట్టు,13,0.00028960969524148995
619,పొయ్యి,13,0.00028960969524148995
620,పొలం,13,0.00028960969524148995
621,ప్రణాళిక,13,0.00028960969524148995
622,ప్రాంతీయ,13,0.00028960969524148995
623,ప్రాణం,13,0.00028960969524148995
624,ప్లేస్,13,0.00028960969524148995
625,బలం,13,0.00028960969524148995
626,బాహుబలి,13,0.00028960969524148995
627,బొమ్మ,13,0.00028960969524148995
628,మంచు,13,0.00028960969524148995
629,మట్టి,13,0.00028960969524148995
630,మిగతా,13,0.00028960969524148995
631,మీటర్,13,0.00028960969524148995
632,ముప్పై,13,0.00028960969524148995
633,మొట్టమొదటి,13,0.00028960969524148995
634,మొరార్జీ,13,0.00028960969524148995
635,యుద్ధం,13,0.00028960969524148995
636,రకరకాలు,13,0.00028960969524148995
637,రికార్డు,13,0.00028960969524148995
638,రైతుబంధు,13,0.00028960969524148995
639,లు,13,0.00028960969524148995
640,వంటకం,13,0.00028960969524148995
641,వయసు,13,0.00028960969524148995
642,వరి,13,0.00028960969524148995
643,వర్గం,13,0.00028960969524148995
644,విటమిన్,13,0.00028960969524148995
645,వెంటనే,13,0.00028960969524148995
646,హింద్,13,0.00028960969524148995
647,అ,12,0.00026733202637675994
648,అక్షాంశం,12,0.00026733202637675994
649,ఆక్సిజన్,12,0.00026733202637675994
650,ఆనందం,12,0.00026733202637675994
651,ఆవు,12,0.00026733202637675994
652,ఇంకు,12,0.00026733202637675994
653,ఉన్నప్పుడు,12,0.00026733202637675994
654,ఎటువంటి,12,0.00026733202637675994
655,ఎదురు,12,0.00026733202637675994
656,ఏప్రిల్,12,0.00026733202637675994
657,ఏవైనా,12,0.00026733202637675994
658,కంపెనీ,12,0.00026733202637675994
659,కమిషన్,12,0.00026733202637675994
660,కర్ణాటక,12,0.00026733202637675994
661,కాగా,12,0.00026733202637675994
662,కుంచికపలక,12,0.00026733202637675994
663,కుమారుడు,12,0.00026733202637675994
664,కె,12,0.00026733202637675994
665,కేటాయించు,12,0.00026733202637675994
666,కోడ్,12,0.00026733202637675994
667,కోర్,12,0.00026733202637675994
668,చక్క,12,0.00026733202637675994
669,చూపు,12,0.00026733202637675994
670,జీవం,12,0.00026733202637675994
671,తయారవ్వు,12,0.00026733202637675994
672,తరువాయి,12,0.00026733202637675994
673,తల్లి,12,0.00026733202637675994
674,తాగు,12,0.00026733202637675994
675,దర్శకత్వం,12,0.00026733202637675994
676,దాక,12,0.00026733202637675994
677,నక్షత్రం,12,0.00026733202637675994
678,నూతనం,12,0.00026733202637675994
679,పురాతన,12,0.00026733202637675994
680,పురుషోత్తం,12,0.00026733202637675994
681,ప్రమాణం,12,0.00026733202637675994
682,ప్రాథమిక,12,0.00026733202637675994
683,ప్లేట్,12,0.00026733202637675994
684,బాగం,12,0.00026733202637675994
685,బాగుంది,12,0.00026733202637675994
686,భావం,12,0.00026733202637675994
687,మందు,12,0.00026733202637675994
688,మరణం,12,0.00026733202637675994
689,రాజధాని,12,0.00026733202637675994
690,రాజు,12,0.00026733202637675994
691,రాత్రి,12,0.00026733202637675994
692,లక్ష్యం,12,0.00026733202637675994
693,లోనే,12,0.00026733202637675994
694,వర్గీకరణ,12,0.00026733202637675994
695,విజ్ఞానం,12,0.00026733202637675994
696,వేలు,12,0.00026733202637675994
697,వ్యాప్తం,12,0.00026733202637675994
698,శిక్షణ,12,0.00026733202637675994
699,షెడ్యూల్,12,0.00026733202637675994
700,సంరక్షణ,12,0.00026733202637675994
701,సరఫరా,12,0.00026733202637675994
702,సాధనం,12,0.00026733202637675994
703,సాయంత్రం,12,0.00026733202637675994
704,సిక్స్,12,0.00026733202637675994
705,స్త్రీ,12,0.00026733202637675994
706,స్థాపించు,12,0.00026733202637675994
707,స్నేహితుడు,12,0.00026733202637675994
708,స్పష్టం,12,0.00026733202637675994
709,అందువల్ల,11,0.00024505435751202994
710,అటువంటి,11,0.00024505435751202994
711,అధికారికం,11,0.00024505435751202994
712,అభిప్రాయం,11,0.00024505435751202994
713,అమరావతి,11,0.00024505435751202994
714,అరెస్టు,11,0.00024505435751202994
715,ఆధునిక,11,0.00024505435751202994
716,ఆసరా,11,0.00024505435751202994
717,ఇష్టపడు,11,0.00024505435751202994
718,ఋషి,11,0.00024505435751202994
719,ఎండ,11,0.00024505435751202994
720,ఓటు,11,0.00024505435751202994
721,కదులు,11,0.00024505435751202994
722,కన్నా,11,0.00024505435751202994
723,కమిట్,11,0.00024505435751202994
724,కొద్ది,11,0.00024505435751202994
725,కొద్దిగా,11,0.00024505435751202994
726,గవర్నమెంట్,11,0.00024505435751202994
727,గుండె,11,0.00024505435751202994
728,గ్యాస్,11,0.00024505435751202994
729,చిత్తూరు,11,0.00024505435751202994
730,టెక్నాలజీ,11,0.00024505435751202994
731,డి,11,0.00024505435751202994
732,తగ్గించు,11,0.00024505435751202994
733,తమిళనాడు,11,0.00024505435751202994
734,తమ్ముడు,11,0.00024505435751202994
735,తయారుచెయ్యి,11,0.00024505435751202994
736,తొంభై,11,0.00024505435751202994
737,దీపం,11,0.00024505435751202994
738,దేశాయ్,11,0.00024505435751202994
739,ధరించు,11,0.00024505435751202994
740,నవంబరు,11,0.00024505435751202994
741,నాయుడు,11,0.00024505435751202994
742,నిజం,11,0.00024505435751202994
743,నిజామాబాద్,11,0.00024505435751202994
744,నిరవాకి,11,0.00024505435751202994
745,నేత,11,0.00024505435751202994
746,న్యాయస్థానం,11,0.00024505435751202994
747,పరిశీలించు,11,0.00024505435751202994
748,పలు,11,0.00024505435751202994
749,పొడవు,11,0.00024505435751202994
750,ప్రయోజనం,11,0.00024505435751202994
751,ప్రసాద్,11,0.00024505435751202994
752,ప్రోత్సహించు,11,0.00024505435751202994
753,బెల్,11,0.00024505435751202994
754,భౌతికం,11,0.00024505435751202994
755,మంత్రివర్గం,11,0.00024505435751202994
756,మానసికం,11,0.00024505435751202994
757,మార్కెట్,11,0.00024505435751202994
758,మాసం,11,0.00024505435751202994
759,మీడియా,11,0.00024505435751202994
760,రద్దు,11,0.00024505435751202994
761,రాజ్యం,11,0.00024505435751202994
762,రేటు,11,0.00024505435751202994
763,రేట్,11,0.00024505435751202994
764,లిపి,11,0.00024505435751202994
765,వండు,11,0.00024505435751202994
766,వహించు,11,0.00024505435751202994
767,వాడుక,11,0.00024505435751202994
768,విలువ,11,0.00024505435751202994
769,వీలు,11,0.00024505435751202994
770,వేరు,11,0.00024505435751202994
771,శాస్త్రి,11,0.00024505435751202994
772,శ్రీకాకుళం,11,0.00024505435751202994
773,సరేనండి,11,0.00024505435751202994
774,సాయం,11,0.00024505435751202994
775,స్వీకరించు,11,0.00024505435751202994
776,అక్టోబరు,10,0.00022277668864729993
777,అచ్చు,10,0.00022277668864729993
778,అతిపెద్ద,10,0.00022277668864729993
779,ఆధార్,10,0.00022277668864729993
780,ఆసక్తి,10,0.00022277668864729993
781,ఇందిరాగాంధి,10,0.00022277668864729993
782,ఉదయం,10,0.00022277668864729993
783,ఉప,10,0.00022277668864729993
784,ఉపయోగం,10,0.00022277668864729993
785,ఉపాధి,10,0.00022277668864729993
786,ఎ,10,0.00022277668864729993
787,ఎక్కు,10,0.00022277668864729993
788,ఎరువు,10,0.00022277668864729993
789,ఏమిటంటే,10,0.00022277668864729993
790,కన్ను,10,0.00022277668864729993
791,కలసి,10,0.00022277668864729993
792,కాకినాడ,10,0.00022277668864729993
793,కార్యదర్శి,10,0.00022277668864729993
794,కేరళ,10,0.00022277668864729993
795,క్రింద,10,0.00022277668864729993
796,క్వాలిటీ,10,0.00022277668864729993
797,ఖర్చు,10,0.00022277668864729993
798,గర్భం,10,0.00022277668864729993
799,గానం,10,0.00022277668864729993
800,చారిత్రక,10,0.00022277668864729993
801,చిన్నప్పుడు,10,0.00022277668864729993
802,చోటు,10,0.00022277668864729993
803,జాతి,10,0.00022277668864729993
804,జీవి,10,0.00022277668864729993
805,టీవీ,10,0.00022277668864729993
806,ట్వంటీ,10,0.00022277668864729993
807,డేటా,10,0.00022277668864729993
808,డ్,10,0.00022277668864729993
809,డ్రైవర్,10,0.00022277668864729993
810,తగ్గ్,10,0.00022277668864729993
811,తదితర,10,0.00022277668864729993
812,తిరుపతి,10,0.00022277668864729993
813,తెలుగుదేశం,10,0.00022277668864729993
814,తోడు,10,0.00022277668864729993
815,థౌజండ్,10,0.00022277668864729993
816,దా,10,0.00022277668864729993
817,దినం,10,0.00022277668864729993
818,దిశ,10,0.00022277668864729993
819,నిలబడు,10,0.00022277668864729993
820,నేపథ్యం,10,0.00022277668864729993
821,పంపిణీ,10,0.00022277668864729993
822,పడ్,10,0.00022277668864729993
823,పరిసరం,10,0.00022277668864729993
824,పాటించు,10,0.00022277668864729993
825,పాన్,10,0.00022277668864729993
826,పి,10,0.00022277668864729993
827,పిండి,10,0.00022277668864729993
828,పూజ,10,0.00022277668864729993
829,పెట్టుబడి,10,0.00022277668864729993
830,పెళ్ళి,10,0.00022277668864729993
831,పేద,10,0.00022277668864729993
832,పౌరుడు,10,0.00022277668864729993
833,ప్రభావితం,10,0.00022277668864729993
834,ప్రవేశించు,10,0.00022277668864729993
835,ప్రెసిడెంట్,10,0.00022277668864729993
836,ప్రోగ్రామ్,10,0.00022277668864729993
837,బియ్యం,10,0.00022277668864729993
838,బైక్,10,0.00022277668864729993
839,భద్రత,10,0.00022277668864729993
840,మాజి,10,0.00022277668864729993
841,మాధ్యమం,10,0.00022277668864729993
842,మామూలు,10,0.00022277668864729993
843,మ్యామ్,10,0.00022277668864729993
844,రంగస్థలం,10,0.00022277668864729993
845,రాజ్యసభ,10,0.00022277668864729993
846,లలి,10,0.00022277668864729993
847,లోతు,10,0.00022277668864729993
848,విజయనగరం,10,0.00022277668864729993
849,వృత్తి,10,0.00022277668864729993
850,వైద్య,10,0.00022277668864729993
851,శతకం,10,0.00022277668864729993
852,శాస్త్రవేత్త,10,0.00022277668864729993
853,సగం,10,0.00022277668864729993
854,సమర్పించు,10,0.00022277668864729993
855,సరిపో,10,0.00022277668864729993
856,సహకారం,10,0.00022277668864729993
857,సహజం,10,0.00022277668864729993
858,సాధన,10,0.00022277668864729993
859,సూత్రం,10,0.00022277668864729993
860,సౌకర్యం,10,0.00022277668864729993
861,స్థానిక,10,0.00022277668864729993
862,స్వాతంత్ర్యం,10,0.00022277668864729993
863,హక్కు,10,0.00022277668864729993
864,అంకె,9,0.00020049901978256996
865,అందుకు,9,0.00020049901978256996
866,అరకు,9,0.00020049901978256996
867,ఆగస్టు,9,0.00020049901978256996
868,ఆసుపత్రి,9,0.00020049901978256996
869,ఉపగ్రహం,9,0.00020049901978256996
870,ఉప్పు,9,0.00020049901978256996
871,ఉమ్మడి,9,0.00020049901978256996
872,ఏమిటి,9,0.00020049901978256996
873,కన్నడ,9,0.00020049901978256996
874,కరీంనగర్,9,0.00020049901978256996
875,కరెక్ట్,9,0.00020049901978256996
876,కార్డ్,9,0.00020049901978256996
877,కిలోమీటర్,9,0.00020049901978256996
878,క్రింది,9,0.00020049901978256996
879,క్రొత్త,9,0.00020049901978256996
880,గట్టి,9,0.00020049901978256996
881,గుంటూరు,9,0.00020049901978256996
882,గుడి,9,0.00020049901978256996
883,గురువు,9,0.00020049901978256996
884,గెలువు,9,0.00020049901978256996
885,గెల్,9,0.00020049901978256996
886,చర్చ,9,0.00020049901978256996
887,చర్చి,9,0.00020049901978256996
888,చాలు,9,0.00020049901978256996
889,చిరునామా,9,0.00020049901978256996
890,చెంద్,9,0.00020049901978256996
891,చైత్రం,9,0.00020049901978256996
892,చొప్పు,9,0.00020049901978256996
893,జంతువు,9,0.00020049901978256996
894,జనం,9,0.00020049901978256996
895,జనత,9,0.00020049901978256996
896,టు,9,0.00020049901978256996
897,టేస్ట్,9,0.00020049901978256996
898,డిజిటల్,9,0.00020049901978256996
899,ఢిల్లీ,9,0.00020049901978256996
900,తప్ప,9,0.00020049901978256996
901,తరం,9,0.00020049901978256996
902,తొలిసారి,9,0.00020049901978256996
903,దగ్గరగా,9,0.00020049901978256996
904,దాచు,9,0.00020049901978256996
905,దారి,9,0.00020049901978256996
906,దేవాలయం,9,0.00020049901978256996
907,నాయకత్వం,9,0.00020049901978256996
908,నిరసన,9,0.00020049901978256996
909,నివాసం,9,0.00020049901978256996
910,నీళ్ళు,9,0.00020049901978256996
911,పండు,9,0.00020049901978256996
912,పప్పు,9,0.00020049901978256996
913,పలక,9,0.00020049901978256996
914,పసుపు,9,0.00020049901978256996
915,ప్రకటన,9,0.00020049901978256996
916,ప్రదర్శన,9,0.00020049901978256996
917,ప్రపంచవ్యాప్తం,9,0.00020049901978256996
918,ప్రయోగం,9,0.00020049901978256996
919,ప్రసారం,9,0.00020049901978256996
920,ప్రైవేట్,9,0.00020049901978256996
921,ఫలకం,9,0.00020049901978256996
922,ఫిరోజ్,9,0.00020049901978256996
923,ఫ్రెండ్స్,9,0.00020049901978256996
924,బట్ట,9,0.00020049901978256996
925,భరత్,9,0.00020049901978256996
926,భార్య,9,0.00020049901978256996
927,మార్నింగ్,9,0.00020049901978256996
928,మెయిన్,9,0.00020049901978256996
929,మోదీ,9,0.00020049901978256996
930,రష్యా,9,0.00020049901978256996
931,రేడియో,9,0.00020049901978256996
932,రైల్వే,9,0.00020049901978256996
933,లండన్,9,0.00020049901978256996
934,లాగా,9,0.00020049901978256996
935,వంటివి,9,0.00020049901978256996
936,వనరు,9,0.00020049901978256996
937,వయస్సు,9,0.00020049901978256996
938,వలస,9,0.00020049901978256996
939,విద్యావిధానం,9,0.00020049901978256996
940,విభజించు,9,0.00020049901978256996
941,విశ్వాసం,9,0.00020049901978256996
942,వృద్ధి,9,0.00020049901978256996
943,వెనుక,9,0.00020049901978256996
944,వేసవి,9,0.00020049901978256996
945,వైరస్,9,0.00020049901978256996
946,వ్యతిరేకం,9,0.00020049901978256996
947,వ్యవహారం,9,0.00020049901978256996
948,వ్యాధి,9,0.00020049901978256996
949,శైలి,9,0.00020049901978256996
950,సంకేతం,9,0.00020049901978256996
951,సంక్షేమం,9,0.00020049901978256996
952,సంభాషణ,9,0.00020049901978256996
953,సవరణ,9,0.00020049901978256996
954,సీటు,9,0.00020049901978256996
955,సూపర్,9,0.00020049901978256996
956,సెప్టెంబరు,9,0.00020049901978256996
957,సైకిలు,9,0.00020049901978256996
958,స్టేషన్,9,0.00020049901978256996
959,అందం,8,0.00017822135091783995
960,అగ్ని,8,0.00017822135091783995
961,అనుగుణం,8,0.00017822135091783995
962,అన్నం,8,0.00017822135091783995
963,అన్నది,8,0.00017822135091783995
964,అబ్బాయి,8,0.00017822135091783995
965,అల్లం,8,0.00017822135091783995
966,ఆంగ్లం,8,0.00017822135091783995
967,ఆధ్వర్యం,8,0.00017822135091783995
968,ఆయిల్,8,0.00017822135091783995
969,ఆవిర్భవించు,8,0.00017822135091783995
970,ఇతరులు,8,0.00017822135091783995
971,ఇన్,8,0.00017822135091783995
972,ఉచిత,8,0.00017822135091783995
973,ఉత్సాహం,8,0.00017822135091783995
974,ఉద్భవించు,8,0.00017822135091783995
975,ఎంపిక,8,0.00017822135091783995
976,ఎక్కడైనా,8,0.00017822135091783995
977,ఎన్న్,8,0.00017822135091783995
978,ఎప్పటికప్పుడు,8,0.00017822135091783995
979,ఎయిట్,8,0.00017822135091783995
980,ఎల్,8,0.00017822135091783995
981,ఏమో,8,0.00017822135091783995
982,ఐక్యరాజ్యం,8,0.00017822135091783995
983,ఓడిపో,8,0.00017822135091783995
984,కడుపు,8,0.00017822135091783995
985,కనీసం,8,0.00017822135091783995
986,కలర్,8,0.00017822135091783995
987,కలశం,8,0.00017822135091783995
988,కళాశాల,8,0.00017822135091783995
989,కారాగారం,8,0.00017822135091783995
990,కార్యకలాపం,8,0.00017822135091783995
991,కూడ,8,0.00017822135091783995
992,కోర్సు,8,0.00017822135091783995
993,ఖండం,8,0.00017822135091783995
994,ఖమ్మం,8,0.00017822135091783995
995,గమనించు,8,0.00017822135091783995
996,గాను,8,0.00017822135091783995
997,గుర్తింపు,8,0.00017822135091783995
998,గృహం,8,0.00017822135091783995
999,చెన్నై,8,0.00017822135091783995
1000,చోట,8,0.00017822135091783995
1001,జనరల్,8,0.00017822135091783995
1002,జాబితా,8,0.00017822135091783995
1003,జారు,8,0.00017822135091783995
1004,టైంకి,8,0.00017822135091783995
1005,డివిజన్,8,0.00017822135091783995
1006,తిక్కన,8,0.00017822135091783995
1007,దశ,8,0.00017822135091783995
1008,దిగు,8,0.00017822135091783995
1009,దీక్ష,8,0.00017822135091783995
1010,దేవుడు,8,0.00017822135091783995
1011,ద్రావిడ,8,0.00017822135091783995
1012,నంది,8,0.00017822135091783995
1013,నమోదవ్వు,8,0.00017822135091783995
1014,నమ్మకం,8,0.00017822135091783995
1015,నమ్ము,8,0.00017822135091783995
1016,నరేంద్ర,8,0.00017822135091783995
1017,నాటి,8,0.00017822135091783995
1018,నాటు,8,0.00017822135091783995
1019,నిధి,8,0.00017822135091783995
1020,నిబంధన,8,0.00017822135091783995
1021,నిర్వహి,8,0.00017822135091783995
1022,నిల్వ,8,0.00017822135091783995
1023,నెక్స్ట్,8,0.00017822135091783995
1024,న్యాయం,8,0.00017822135091783995
1025,ప,8,0.00017822135091783995
1026,పత్రం,8,0.00017822135091783995
1027,పదిహేను,8,0.00017822135091783995
1028,పరిష్కారం,8,0.00017822135091783995
1029,పర్యావరణం,8,0.00017822135091783995
1030,పార్లమెంటు,8,0.00017822135091783995
1031,పురస్కారం,8,0.00017822135091783995
1032,పులుసు,8,0.00017822135091783995
1033,పెర్,8,0.00017822135091783995
1034,ప్రతిపక్షం,8,0.00017822135091783995
1035,ప్రమాదం,8,0.00017822135091783995
1036,ప్రాచీన,8,0.00017822135091783995
1037,ప్రాజెక్టు,8,0.00017822135091783995
1038,ఫ్రెష్,8,0.00017822135091783995
1039,బస్సు,8,0.00017822135091783995
1040,బీచ్,8,0.00017822135091783995
1041,బోధన,8,0.00017822135091783995
1042,బ్యాంక్,8,0.00017822135091783995
1043,బ్రిటన్,8,0.00017822135091783995
1044,భక్తి,8,0.00017822135091783995
1045,భవనం,8,0.00017822135091783995
1046,భ్రమణం,8,0.00017822135091783995
1047,మహేష్,8,0.00017822135091783995
1048,మిగిలిన,8,0.00017822135091783995
1049,మిషన్,8,0.00017822135091783995
1050,ముందే,8,0.00017822135091783995
1051,మూలం,8,0.00017822135091783995
1052,మేర,8,0.00017822135091783995
1053,మొదలు,8,0.00017822135091783995
1054,మొదలుపెట్టు,8,0.00017822135091783995
1055,మొదలైనవి,8,0.00017822135091783995
1056,యాభై,8,0.00017822135091783995
1057,యువకుడు,8,0.00017822135091783995
1058,యూజ్,8,0.00017822135091783995
1059,రక్షణ,8,0.00017822135091783995
1060,రహదారి,8,0.00017822135091783995
1061,రాజ్,8,0.00017822135091783995
1062,రిఫరెన్స్,8,0.00017822135091783995
1063,రిసీవర్,8,0.00017822135091783995
1064,రీతి,8,0.00017822135091783995
1065,లాల్,8,0.00017822135091783995
1066,లోయ,8,0.00017822135091783995
1067,వండ్,8,0.00017822135091783995
1068,వసంతం,8,0.00017822135091783995
1069,వసతి,8,0.00017822135091783995
1070,వినియోగం,8,0.00017822135091783995
1071,విమానం,8,0.00017822135091783995
1072,విలీనం,8,0.00017822135091783995
1073,విస్తృతం,8,0.00017822135091783995
1074,వీడియో,8,0.00017822135091783995
1075,వెనక,8,0.00017822135091783995
1076,వెళ్ళడం,8,0.00017822135091783995
1077,వ్యాప్తి,8,0.00017822135091783995
1078,సంప్రదాయం,8,0.00017822135091783995
1079,సంభవించు,8,0.00017822135091783995
1080,సదుపాయం,8,0.00017822135091783995
1081,సమావేశమవ్వు,8,0.00017822135091783995
1082,సమ్మె,8,0.00017822135091783995
1083,సర్వీస్,8,0.00017822135091783995
1084,సాంస్కృతికం,8,0.00017822135091783995
1085,సాఫ్ట్వేర్,8,0.00017822135091783995
1086,సామర్థ్యం,8,0.00017822135091783995
1087,సామాన్య,8,0.00017822135091783995
1088,సామ్రాజ్యం,8,0.00017822135091783995
1089,సురక్షితం,8,0.00017822135091783995
1090,సైకిల్,8,0.00017822135091783995
1091,సైతం,8,0.00017822135091783995
1092,స్వామి,8,0.00017822135091783995
1093,హామీ,8,0.00017822135091783995
1094,హెల్త్,8,0.00017822135091783995
1095,అక్షరాస్యత,7,0.00015594368205310998
1096,అటు,7,0.00015594368205310998
1097,అత్యధికం,7,0.00015594368205310998
1098,అత్యవసరం,7,0.00015594368205310998
1099,అనమాట,7,0.00015594368205310998
1100,అనుకూలం,7,0.00015594368205310998
1101,అనుసరించు,7,0.00015594368205310998
1102,అరవై,7,0.00015594368205310998
1103,అవినీతి,7,0.00015594368205310998
1104,అస్సాం,7,0.00015594368205310998
1105,ఆచారం,7,0.00015594368205310998
1106,ఆడ,7,0.00015594368205310998
1107,ఆశయం,7,0.00015594368205310998
1108,ఆసియా,7,0.00015594368205310998
1109,ఇంకొక,7,0.00015594368205310998
1110,ఇంకొకటి,7,0.00015594368205310998
1111,ఇంగ్లండ్,7,0.00015594368205310998
1112,ఉత్తర్వు,7,0.00015594368205310998
1113,ఎనభై,7,0.00015594368205310998
1114,ఏడాది,7,0.00015594368205310998
1115,ఒక్కటి,7,0.00015594368205310998
1116,ఒక్కొక్క,7,0.00015594368205310998
1117,ఓటర్,7,0.00015594368205310998
1118,ఓపెన్,7,0.00015594368205310998
1119,కనుమ,7,0.00015594368205310998
1120,కరువు,7,0.00015594368205310998
1121,కవులు,7,0.00015594368205310998
1122,కాపాడ్,7,0.00015594368205310998
1123,కార్మికుడు,7,0.00015594368205310998
1124,కాలు,7,0.00015594368205310998
1125,కిరణం,7,0.00015594368205310998
1126,కీలకం,7,0.00015594368205310998
1127,కుమార్,7,0.00015594368205310998
1128,కులం,7,0.00015594368205310998
1129,కూడ్,7,0.00015594368205310998
1130,కూర,7,0.00015594368205310998
1131,కూరగాయ,7,0.00015594368205310998
1132,కెమెరా,7,0.00015594368205310998
1133,కోణం,7,0.00015594368205310998
1134,కోర్టు,7,0.00015594368205310998
1135,క్యాన్సర్,7,0.00015594368205310998
1136,క్రమణికలు,7,0.00015594368205310998
1137,ఖగోళం,7,0.00015594368205310998
1138,ఖనిజం,7,0.00015594368205310998
1139,గడుపు,7,0.00015594368205310998
1140,గణనీయం,7,0.00015594368205310998
1141,గలుగు,7,0.00015594368205310998
1142,చంద్రబాబు,7,0.00015594368205310998
1143,చక్రవర్తి,7,0.00015594368205310998
1144,చర్చించు,7,0.00015594368205310998
1145,చికిత్స,7,0.00015594368205310998
1146,చెల్లించు,7,0.00015594368205310998
1147,చేంజ్,7,0.00015594368205310998
1148,జాబ్,7,0.00015594368205310998
1149,టెక్టోనిక్,7,0.00015594368205310998
1150,డిగ్రీ,7,0.00015594368205310998
1151,డిస్కౌంట్,7,0.00015594368205310998
1152,డేస్,7,0.00015594368205310998
1153,తదుపరి,7,0.00015594368205310998
1154,తరచు,7,0.00015594368205310998
1155,తీరం,7,0.00015594368205310998
1156,తీర్మానం,7,0.00015594368205310998
1157,తొందర,7,0.00015594368205310998
1158,తొలగించు,7,0.00015594368205310998
1159,థర్టీ,7,0.00015594368205310998
1160,దక్షిణామూర్తి,7,0.00015594368205310998
1161,దాడి,7,0.00015594368205310998
1162,ధాన్యం,7,0.00015594368205310998
1163,నామినేషన్,7,0.00015594368205310998
1164,నిజాం,7,0.00015594368205310998
1165,నియమించు,7,0.00015594368205310998
1166,నిరూపి,7,0.00015594368205310998
1167,పంప్,7,0.00015594368205310998
1168,పరికర్మరి,7,0.00015594368205310998
1169,పరిచయం,7,0.00015594368205310998
1170,పరిణామం,7,0.00015594368205310998
1171,పర్యాటక,7,0.00015594368205310998
1172,పసిఫిక్,7,0.00015594368205310998
1173,పింఛను,7,0.00015594368205310998
1174,పునాది,7,0.00015594368205310998
1175,పూర్వం,7,0.00015594368205310998
1176,పెంచ్,7,0.00015594368205310998
1177,పే,7,0.00015594368205310998
1178,పోటీచెయ్యి,7,0.00015594368205310998
1179,పోస్ట్,7,0.00015594368205310998
1180,ప్రకృతి,7,0.00015594368205310998
1181,ప్రతిభ,7,0.00015594368205310998
1182,ప్రాముఖ్యత,7,0.00015594368205310998
1183,ఫిఫ్టీ,7,0.00015594368205310998
1184,ఫిఫ్టీన్,7,0.00015594368205310998
1185,ఫుట్బాల్,7,0.00015594368205310998
1186,ఫ్యామిలీ,7,0.00015594368205310998
1187,ఫ్రీ,7,0.00015594368205310998
1188,ఫ్రెండ్,7,0.00015594368205310998
1189,బడ్జెట్,7,0.00015594368205310998
1190,బప్ఫర్,7,0.00015594368205310998
1191,బాలీవుడ్,7,0.00015594368205310998
1192,భవిష్యత్తు,7,0.00015594368205310998
1193,భోజనం,7,0.00015594368205310998
1194,భౌగోళికం,7,0.00015594368205310998
1195,మధ్యాహ్నం,7,0.00015594368205310998
1196,మనసు,7,0.00015594368205310998
1197,మరీ,7,0.00015594368205310998
1198,రంగు,7,0.00015594368205310998
1199,రచయిత,7,0.00015594368205310998
1200,రచించు,7,0.00015594368205310998
1201,రీసెర్చ్,7,0.00015594368205310998
1202,రు,7,0.00015594368205310998
1203,లేకపోవడం,7,0.00015594368205310998
1204,వాడకం,7,0.00015594368205310998
1205,వాలు,7,0.00015594368205310998
1206,విగ్రహం,7,0.00015594368205310998
1207,విషువత్,7,0.00015594368205310998
1208,వీధి,7,0.00015594368205310998
1209,వెనక్కి,7,0.00015594368205310998
1210,వెలువడు,7,0.00015594368205310998
1211,వెళ్ళే,7,0.00015594368205310998
1212,వైఎస్ఆర్,7,0.00015594368205310998
1213,వ్యక్తం,7,0.00015594368205310998
1214,శకం,7,0.00015594368205310998
1215,శాంతి,7,0.00015594368205310998
1216,శారీరకం,7,0.00015594368205310998
1217,సంవత్సరాది,7,0.00015594368205310998
1218,సమానం,7,0.00015594368205310998
1219,సమీపం,7,0.00015594368205310998
1220,సమ్మేళనం,7,0.00015594368205310998
1221,సరిగ్గా,7,0.00015594368205310998
1222,సహకరించు,7,0.00015594368205310998
1223,సాంద్రత,7,0.00015594368205310998
1224,సైనికుడు,7,0.00015594368205310998
1225,స్వతంత్ర,7,0.00015594368205310998
1226,హైదరాబాదు,7,0.00015594368205310998
1227,అందజెయ్యి,6,0.00013366601318837997
1228,అంది,6,0.00013366601318837997
1229,అడవి,6,0.00013366601318837997
1230,అత్యయిక,6,0.00013366601318837997
1231,అద్భుతం,6,0.00013366601318837997
1232,అబ్బి,6,0.00013366601318837997
1233,అభిమానం,6,0.00013366601318837997
1234,అమర్చు,6,0.00013366601318837997
1235,అర,6,0.00013366601318837997
1236,అర్ధం,6,0.00013366601318837997
1237,ఆందోళన,6,0.00013366601318837997
1238,ఆకలి,6,0.00013366601318837997
1239,ఆకాశం,6,0.00013366601318837997
1240,ఆక్సిడెంట్,6,0.00013366601318837997
1241,ఆగు,6,0.00013366601318837997
1242,ఆడ్,6,0.00013366601318837997
1243,ఆదరణ,6,0.00013366601318837997
1244,ఆదాయం,6,0.00013366601318837997
1245,ఆప్,6,0.00013366601318837997
1246,ఆమోదం,6,0.00013366601318837997
1247,ఆల్,6,0.00013366601318837997
1248,ఆశించు,6,0.00013366601318837997
1249,ఇంగ్లీష్,6,0.00013366601318837997
1250,ఇంజనీరింగ్,6,0.00013366601318837997
1251,ఇండియన్,6,0.00013366601318837997
1252,ఇనుము,6,0.00013366601318837997
1253,ఇన్స్టిట్యూట్,6,0.00013366601318837997
1254,ఈశాన్యం,6,0.00013366601318837997
1255,ఉద్దేశం,6,0.00013366601318837997
1256,ఊహి,6,0.00013366601318837997
1257,ఋతువు,6,0.00013366601318837997
1258,ఎం,6,0.00013366601318837997
1259,ఎంచ్,6,0.00013366601318837997
1260,ఎంజాయ్,6,0.00013366601318837997
1261,ఏట,6,0.00013366601318837997
1262,ఏమీ,6,0.00013366601318837997
1263,ఏమేమి,6,0.00013366601318837997
1264,ఒత్తిడి,6,0.00013366601318837997
1265,ఒప్పందం,6,0.00013366601318837997
1266,కఠినం,6,0.00013366601318837997
1267,కఠినాంగం,6,0.00013366601318837997
1268,కదండి,6,0.00013366601318837997
1269,కనుగొను,6,0.00013366601318837997
1270,కన్,6,0.00013366601318837997
1271,కరుగు,6,0.00013366601318837997
1272,కర్నూలు,6,0.00013366601318837997
1273,కర్రీ,6,0.00013366601318837997
1274,కలనం,6,0.00013366601318837997
1275,కలాపం,6,0.00013366601318837997
1276,కలెక్టర్,6,0.00013366601318837997
1277,కష్టపడు,6,0.00013366601318837997
1278,కాగితం,6,0.00013366601318837997
1279,కార్,6,0.00013366601318837997
1280,కార్బన్,6,0.00013366601318837997
1281,కార్మిక,6,0.00013366601318837997
1282,కావాలండి,6,0.00013366601318837997
1283,కాస్ట్,6,0.00013366601318837997
1284,కుమార్తె,6,0.00013366601318837997
1285,కురియు,6,0.00013366601318837997
1286,కూడలి,6,0.00013366601318837997
1287,కొనుగోలు,6,0.00013366601318837997
1288,కోట,6,0.00013366601318837997
1289,గతం,6,0.00013366601318837997
1290,గేమ్స్,6,0.00013366601318837997
1291,గౌరవం,6,0.00013366601318837997
1292,గ్రహించు,6,0.00013366601318837997
1293,చంద్రశేఖరరావు,6,0.00013366601318837997
1294,చింతపండు,6,0.00013366601318837997
1295,చితుకు,6,0.00013366601318837997
1296,చిత్తు,6,0.00013366601318837997
1297,చీర,6,0.00013366601318837997
1298,చేత,6,0.00013366601318837997
1299,చౌదరి,6,0.00013366601318837997
1300,ఛార్జింగ్,6,0.00013366601318837997
1301,జలం,6,0.00013366601318837997
1302,జాగృతి,6,0.00013366601318837997
1303,జి,6,0.00013366601318837997
1304,జీర,6,0.00013366601318837997
1305,టీఆర్ఎస్,6,0.00013366601318837997
1306,టెలివిజన్,6,0.00013366601318837997
1307,టైమ్,6,0.00013366601318837997
1308,ట్యాక్స్,6,0.00013366601318837997
1309,ట్రాఫిక్,6,0.00013366601318837997
1310,డిజైన్,6,0.00013366601318837997
1311,డిమాండ్,6,0.00013366601318837997
1312,తనిఖీ,6,0.00013366601318837997
1313,తప్పి,6,0.00013366601318837997
1314,తరపు,6,0.00013366601318837997
1315,తరలించు,6,0.00013366601318837997
1316,తరహా,6,0.00013366601318837997
1317,తిర్,6,0.00013366601318837997
1318,తీవ్రం,6,0.00013366601318837997
1319,తెరాస,6,0.00013366601318837997
1320,తెలుసు,6,0.00013366601318837997
1321,తోడ్పడు,6,0.00013366601318837997
1322,త్రిలింగం,6,0.00013366601318837997
1323,థౌసండ్,6,0.00013366601318837997
1324,ద,6,0.00013366601318837997
1325,దాఖలు,6,0.00013366601318837997
1326,దారితియ్యి,6,0.00013366601318837997
1327,దిగువ,6,0.00013366601318837997
1328,దినోత్సవం,6,0.00013366601318837997
1329,దెబ్బతిను,6,0.00013366601318837997
1330,దోహదపడు,6,0.00013366601318837997
1331,ద్రవ్యరాశి,6,0.00013366601318837997
1332,నటించు,6,0.00013366601318837997
1333,నటుడు,6,0.00013366601318837997
1334,నడుపు,6,0.00013366601318837997
1335,నడ్,6,0.00013366601318837997
1336,నలభై,6,0.00013366601318837997
1337,నాటకం,6,0.00013366601318837997
1338,నాణ్యత,6,0.00013366601318837997
1339,నారాయణ,6,0.00013366601318837997
1340,నిర్వచించు,6,0.00013366601318837997
1341,నిర్వహణ,6,0.00013366601318837997
1342,నివేదిక,6,0.00013366601318837997
1343,నుంచే,6,0.00013366601318837997
1344,నుండే,6,0.00013366601318837997
1345,నూనె,6,0.00013366601318837997
1346,నెమ్మది,6,0.00013366601318837997
1347,పంజాబ్,6,0.00013366601318837997
1348,పండగ,6,0.00013366601318837997
1349,పగలు,6,0.00013366601318837997
1350,పదార్ధం,6,0.00013366601318837997
1351,పరిజ్ఞానం,6,0.00013366601318837997
1352,పరిధి,6,0.00013366601318837997
1353,పరిపాలన,6,0.00013366601318837997
1354,పరిపాలించు,6,0.00013366601318837997
1355,పరిమితం,6,0.00013366601318837997
1356,పరువు,6,0.00013366601318837997
1357,పలువురు,6,0.00013366601318837997
1358,పల్లె,6,0.00013366601318837997
1359,పశువు,6,0.00013366601318837997
1360,పాడ్,6,0.00013366601318837997
1361,పానీయం,6,0.00013366601318837997
1362,పాయింట్,6,0.00013366601318837997
1363,పార్లమెంట్,6,0.00013366601318837997
1364,పాస్,6,0.00013366601318837997
1365,పాస్పోర్ట్,6,0.00013366601318837997
1366,పునరుద్ధరణ,6,0.00013366601318837997
1367,పెళ్లి,6,0.00013366601318837997
1368,పేపర్,6,0.00013366601318837997
1369,పైస,6,0.00013366601318837997
1370,ప్యాక్,6,0.00013366601318837997
1371,ప్రవహించు,6,0.00013366601318837997
1372,ప్రశాంతం,6,0.00013366601318837997
1373,ప్రాచుర్యం,6,0.00013366601318837997
1374,ప్రోడక్ట్,6,0.00013366601318837997
1375,ప్లస్,6,0.00013366601318837997
1376,ఫిలిం,6,0.00013366601318837997
1377,బంగ్లాదేశ్,6,0.00013366601318837997
1378,బాధపడు,6,0.00013366601318837997
1379,బి,6,0.00013366601318837997
1380,బిగినింగ్,6,0.00013366601318837997
1381,బుకింగ్,6,0.00013366601318837997
1382,బోర్డ్,6,0.00013366601318837997
1383,బౌద్ధ,6,0.00013366601318837997
1384,బ్రిటిష్,6,0.00013366601318837997
1385,భంగం,6,0.00013366601318837997
1386,మట్టం,6,0.00013366601318837997
1387,మళ్లు,6,0.00013366601318837997
1388,మహారాష్ట్ర,6,0.00013366601318837997
1389,మాన్,6,0.00013366601318837997
1390,మిక్స్,6,0.00013366601318837997
1391,ముక్క,6,0.00013366601318837997
1392,మూడవ,6,0.00013366601318837997
1393,మెంబర్స్,6,0.00013366601318837997
1394,మేఘం,6,0.00013366601318837997
1395,మోతీలాల్,6,0.00013366601318837997
1396,మోహన్,6,0.00013366601318837997
1397,మ్యాచ్,6,0.00013366601318837997
1398,యంత్రాంగం,6,0.00013366601318837997
1399,యు,6,0.00013366601318837997
1400,యువత,6,0.00013366601318837997
1401,రామాయణం,6,0.00013366601318837997
1402,రికార్డ్,6,0.00013366601318837997
1403,రిటర్న్,6,0.00013366601318837997
1404,రీన్,6,0.00013366601318837997
1405,రేఖాంశం,6,0.00013366601318837997
1406,రైస్,6,0.00013366601318837997
1407,రోడ్డు,6,0.00013366601318837997
1408,లిస్టు,6,0.00013366601318837997
1409,లేదండి,6,0.00013366601318837997
1410,లైక్,6,0.00013366601318837997
1411,వద్,6,0.00013366601318837997
1412,వరంగల్,6,0.00013366601318837997
1413,వస్త్రం,6,0.00013366601318837997
1414,వారందరు,6,0.00013366601318837997
1415,వాసి,6,0.00013366601318837997
1416,విడత,6,0.00013366601318837997
1417,విత్తనం,6,0.00013366601318837997
1418,విద్యుత్తు,6,0.00013366601318837997
1419,విధించు,6,0.00013366601318837997
1420,విశ్వం,6,0.00013366601318837997
1421,వెళ్ళాలి,6,0.00013366601318837997
1422,వేయించు,6,0.00013366601318837997
1423,వై,6,0.00013366601318837997
1424,వ్యాపించు,6,0.00013366601318837997
1425,వ్రాయి,6,0.00013366601318837997
1426,శతాబ్ది,6,0.00013366601318837997
1427,శాశ్వతం,6,0.00013366601318837997
1428,శీతాకాలం,6,0.00013366601318837997
1429,శుభ్రం,6,0.00013366601318837997
1430,షాప్,6,0.00013366601318837997
1431,షేర్,6,0.00013366601318837997
1432,సమాధానం,6,0.00013366601318837997
1433,సవాలు,6,0.00013366601318837997
1434,సహాయపడు,6,0.00013366601318837997
1435,సార్వత్రికం,6,0.00013366601318837997
1436,సి,6,0.00013366601318837997
1437,సిద్ధం,6,0.00013366601318837997
1438,సిబ్బంది,6,0.00013366601318837997
1439,సీఎం,6,0.00013366601318837997
1440,సీజన్,6,0.00013366601318837997
1441,సేకరించు,6,0.00013366601318837997
1442,సేపు,6,0.00013366601318837997
1443,సోషల్,6,0.00013366601318837997
1444,స్టార్ట్,6,0.00013366601318837997
1445,స్టే,6,0.00013366601318837997
1446,స్టోర్,6,0.00013366601318837997
1447,స్థాపి,6,0.00013366601318837997
1448,స్విచ్,6,0.00013366601318837997
1449,హాస్పిటల్,6,0.00013366601318837997
1450,హెచ్,6,0.00013366601318837997
1451,అండ,5,0.00011138834432364997
1452,అంతరాయం,5,0.00011138834432364997
1453,అంతర్గతం,5,0.00011138834432364997
1454,అంబేద్కర్,5,0.00011138834432364997
1455,అకౌంట్,5,0.00011138834432364997
1456,అడ్డం,5,0.00011138834432364997
1457,అత్యున్నతం,5,0.00011138834432364997
1458,అనారోగ్యం,5,0.00011138834432364997
1459,అనువాదం,5,0.00011138834432364997
1460,అనువు,5,0.00011138834432364997
1461,అప్,5,0.00011138834432364997
1462,అప్పగించు,5,0.00011138834432364997
1463,అప్రమత్తం,5,0.00011138834432364997
1464,అప్లై,5,0.00011138834432364997
1465,అభినయం,5,0.00011138834432364997
1466,అమ్మా,5,0.00011138834432364997
1467,అర్జున్,5,0.00011138834432364997
1468,అర్హుడు,5,0.00011138834432364997
1469,అలాగా,5,0.00011138834432364997
1470,అసెంబ్లీ,5,0.00011138834432364997
1471,ఆక,5,0.00011138834432364997
1472,ఆకు,5,0.00011138834432364997
1473,ఆఖరి,5,0.00011138834432364997
1474,ఆడవాళ్లు,5,0.00011138834432364997
1475,ఆరోపించు,5,0.00011138834432364997
1476,ఆస్ట్రేలియా,5,0.00011138834432364997
1477,ఆహ్లాదకరం,5,0.00011138834432364997
1478,ఇంటర్నెట్,5,0.00011138834432364997
1479,ఇయర్,5,0.00011138834432364997
1480,ఇయర్స్,5,0.00011138834432364997
1481,ఇలాగ,5,0.00011138834432364997
1482,ఉత్తరాయణం,5,0.00011138834432364997
1483,ఉత్సవం,5,0.00011138834432364997
1484,ఉపరాష్టపతి,5,0.00011138834432364997
1485,ఉపాధ్యాయుడు,5,0.00011138834432364997
1486,ఊరేగింపు,5,0.00011138834432364997
1487,ఎంతగానో,5,0.00011138834432364997
1488,ఎక్కడికైనా,5,0.00011138834432364997
1489,ఎగుమతి,5,0.00011138834432364997
1490,ఎగ్జామ్,5,0.00011138834432364997
1491,ఎన్,5,0.00011138834432364997
1492,ఎప్పుడైనా,5,0.00011138834432364997
1493,ఎమ్మెల్సీగా,5,0.00011138834432364997
1494,ఎలక్ట్రానిక్,5,0.00011138834432364997
1495,ఏర్పడ్,5,0.00011138834432364997
1496,ఐటమ్స్,5,0.00011138834432364997
1497,ఐటి,5,0.00011138834432364997
1498,ఒంటరి,5,0.00011138834432364997
1499,ఒకడు,5,0.00011138834432364997
1500,ఒకరోజు,5,0.00011138834432364997
1501,ఒక్కసారి,5,0.00011138834432364997
1502,ఒల్లు,5,0.00011138834432364997
1503,ఓజోన్,5,0.00011138834432364997
1504,కచ్చితం,5,0.00011138834432364997
1505,కట్టె,5,0.00011138834432364997
1506,కదలిక,5,0.00011138834432364997
1507,కనెక్షన్,5,0.00011138834432364997
1508,కప్పు,5,0.00011138834432364997
1509,కబడ్డీ,5,0.00011138834432364997
1510,కరెంట్,5,0.00011138834432364997
1511,కలుగజెయ్యి,5,0.00011138834432364997
1512,కళాకారుడు,5,0.00011138834432364997
1513,కవిత్వం,5,0.00011138834432364997
1514,కార్యం,5,0.00011138834432364997
1515,కాలక్రమేణ,5,0.00011138834432364997
1516,కాలుష్యం,5,0.00011138834432364997
1517,కుట్టు,5,0.00011138834432364997
1518,కుదురు,5,0.00011138834432364997
1519,కే,5,0.00011138834432364997
1520,కేజీ,5,0.00011138834432364997
1521,కొడుకు,5,0.00011138834432364997
1522,కొయ్య,5,0.00011138834432364997
1523,క్లీన్,5,0.00011138834432364997
1524,క్లైమేట్,5,0.00011138834432364997
1525,క్షేత్రం,5,0.00011138834432364997
1526,గడువు,5,0.00011138834432364997
1527,గణతంత్ర,5,0.00011138834432364997
1528,గణాంకం,5,0.00011138834432364997
1529,గిరిజనుడు,5,0.00011138834432364997
1530,గుజరాత్,5,0.00011138834432364997
1531,గురుత్వాకర్షణ,5,0.00011138834432364997
1532,గేదె,5,0.00011138834432364997
1533,గ్రంథం,5,0.00011138834432364997
1534,గ్రీన్,5,0.00011138834432364997
1535,గ్రీన్హౌస్,5,0.00011138834432364997
1536,చలనచిత్రం,5,0.00011138834432364997
1537,చెర్,5,0.00011138834432364997
1538,ఛార్జెస్,5,0.00011138834432364997
1539,జత,5,0.00011138834432364997
1540,జననం,5,0.00011138834432364997
1541,జన్యువు,5,0.00011138834432364997
1542,జీ,5,0.00011138834432364997
1543,జీవనం,5,0.00011138834432364997
1544,జోరు,5,0.00011138834432364997
1545,టన్ను,5,0.00011138834432364997
1546,టెన్,5,0.00011138834432364997
1547,టోటల్,5,0.00011138834432364997
1548,డబల్,5,0.00011138834432364997
1549,డిసెంబర్,5,0.00011138834432364997
1550,డెబ్బై,5,0.00011138834432364997
1551,డెవలప్,5,0.00011138834432364997
1552,డైలీ,5,0.00011138834432364997
1553,తగిన,5,0.00011138834432364997
1554,తగు,5,0.00011138834432364997
1555,తద్వారా,5,0.00011138834432364997
1556,తల్లిదండ్రులు,5,0.00011138834432364997
1557,తాకు,5,0.00011138834432364997
1558,తాగ్,5,0.00011138834432364997
1559,తాత్కాలికం,5,0.00011138834432364997
1560,తిరస్కరించు,5,0.00011138834432364997
1561,తిరుమల,5,0.00011138834432364997
1562,తీర్,5,0.00011138834432364997
1563,తెనుగు,5,0.00011138834432364997
1564,తోట,5,0.00011138834432364997
1565,థియేటర్,5,0.00011138834432364997
1566,దర్శకుడు,5,0.00011138834432364997
1567,దశాబ్దం,5,0.00011138834432364997
1568,దేశవ్యాప్తం,5,0.00011138834432364997
1569,నన్నయ్య,5,0.00011138834432364997
1570,నమస్తే,5,0.00011138834432364997
1571,నార్మల్,5,0.00011138834432364997
1572,నిండు,5,0.00011138834432364997
1573,నియంత్రించు,5,0.00011138834432364997
1574,నిరంతరం,5,0.00011138834432364997
1575,నిరాహారం,5,0.00011138834432364997
1576,నిర్మి,5,0.00011138834432364997
1577,నిర్వచనం,5,0.00011138834432364997
1578,నెల్లూరు,5,0.00011138834432364997
1579,నేరుగా,5,0.00011138834432364997
1580,నేర్పించు,5,0.00011138834432364997
1581,నేర్పు,5,0.00011138834432364997
1582,నేషనల్,5,0.00011138834432364997
1583,నైట్,5,0.00011138834432364997
1584,నైన్,5,0.00011138834432364997
1585,నైపుణ్యం,5,0.00011138834432364997
1586,పంచదార,5,0.00011138834432364997
1587,పండితుడు,5,0.00011138834432364997
1588,పక్క,5,0.00011138834432364997
1589,పక్కనే,5,0.00011138834432364997
1590,పచ్చ,5,0.00011138834432364997
1591,పచ్చడి,5,0.00011138834432364997
1592,పట్టి,5,0.00011138834432364997
1593,పదకొండు,5,0.00011138834432364997
1594,పదమూడు,5,0.00011138834432364997
1595,పభుత్వం,5,0.00011138834432364997
1596,పరస్పరం,5,0.00011138834432364997
1597,పర్వం,5,0.00011138834432364997
1598,పళ్లెం,5,0.00011138834432364997
1599,పాకిస్తాన్,5,0.00011138834432364997
1600,పార్క్,5,0.00011138834432364997
1601,పాలించు,5,0.00011138834432364997
1602,పీచు,5,0.00011138834432364997
1603,పురుషుడు,5,0.00011138834432364997
1604,పువ్వు,5,0.00011138834432364997
1605,పెట్టె,5,0.00011138834432364997
1606,పెరుగుదల,5,0.00011138834432364997
1607,పేమెంట్,5,0.00011138834432364997
1608,పొడి,5,0.00011138834432364997
1609,పోటీలు,5,0.00011138834432364997
1610,పోత,5,0.00011138834432364997
1611,ప్రకాశం,5,0.00011138834432364997
1612,ప్రబంధం,5,0.00011138834432364997
1613,ప్రవాహం,5,0.00011138834432364997
1614,ప్రసిద్ధి,5,0.00011138834432364997
1615,ప్రేక్షకుడు,5,0.00011138834432364997
1616,ప్లాన్,5,0.00011138834432364997
1617,ప్లేసెస్,5,0.00011138834432364997
1618,ఫార్టీ,5,0.00011138834432364997
1619,ఫుడ్డు,5,0.00011138834432364997
1620,ఫేమస్,5,0.00011138834432364997
1621,ఫోటోగ్రఫీ,5,0.00011138834432364997
1622,బండి,5,0.00011138834432364997
1623,బదులుగా,5,0.00011138834432364997
1624,బయటకు,5,0.00011138834432364997
1625,బయాస్,5,0.00011138834432364997
1626,బలవంతం,5,0.00011138834432364997
1627,బాంబు,5,0.00011138834432364997
1628,బాక్స్,5,0.00011138834432364997
1629,బాడీ,5,0.00011138834432364997
1630,బాలిక,5,0.00011138834432364997
1631,బిడ్డ,5,0.00011138834432364997
1632,బిలియన్,5,0.00011138834432364997
1633,బీమా,5,0.00011138834432364997
1634,బృందం,5,0.00011138834432364997
1635,బెంగాల్,5,0.00011138834432364997
1636,బ్యాంకు,5,0.00011138834432364997
1637,బ్యాగు,5,0.00011138834432364997
1638,బ్యాగ్,5,0.00011138834432364997
1639,బ్రాహ్మణుడు,5,0.00011138834432364997
1640,భట్టు,5,0.00011138834432364997
1641,భయం,5,0.00011138834432364997
1642,భయపడు,5,0.00011138834432364997
1643,భూభాగం,5,0.00011138834432364997
1644,మటన్,5,0.00011138834432364997
1645,మనీ,5,0.00011138834432364997
1646,మహాభారతం,5,0.00011138834432364997
1647,మహేశ్,5,0.00011138834432364997
1648,మార్చ్,5,0.00011138834432364997
1649,మి,5,0.00011138834432364997
1650,మించు,5,0.00011138834432364997
1651,మినిట్స్,5,0.00011138834432364997
1652,మీదుగా,5,0.00011138834432364997
1653,ముగియు,5,0.00011138834432364997
1654,మూడో,5,0.00011138834432364997
1655,మూలకం,5,0.00011138834432364997
1656,మెజారిటీ,5,0.00011138834432364997
1657,మెదక్,5,0.00011138834432364997
1658,మైక్రోఫోన్,5,0.00011138834432364997
1659,మ్యాంటిల్,5,0.00011138834432364997
1660,యూనిట్,5,0.00011138834432364997
1661,రసాయనికం,5,0.00011138834432364997
1662,రామారావు,5,0.00011138834432364997
1663,రాష్ట్రపతి,5,0.00011138834432364997
1664,రూపకల్పన,5,0.00011138834432364997
1665,రూమ్,5,0.00011138834432364997
1666,రెండవసారి,5,0.00011138834432364997
1667,రెండో,5,0.00011138834432364997
1668,రెడీ,5,0.00011138834432364997
1669,రెడ్,5,0.00011138834432364997
1670,రేఖ,5,0.00011138834432364997
1671,లక్ష్మి,5,0.00011138834432364997
1672,లాంగ్,5,0.00011138834432364997
1673,లాంటివి,5,0.00011138834432364997
1674,లాభం,5,0.00011138834432364997
1675,లాస్ట్,5,0.00011138834432364997
1676,వరద,5,0.00011138834432364997
1677,వరుణ్,5,0.00011138834432364997
1678,వరుస,5,0.00011138834432364997
1679,వర్షాకాలం,5,0.00011138834432364997
1680,వల్ల్,5,0.00011138834432364997
1681,వాకేతం,5,0.00011138834432364997
1682,వాటర్,5,0.00011138834432364997
1683,వాయిదా,5,0.00011138834432364997
1684,వారసత్వం,5,0.00011138834432364997
1685,వార్తాపత్రిక,5,0.00011138834432364997
1686,వికలాంగుడు,5,0.00011138834432364997
1687,విజయనగర,5,0.00011138834432364997
1688,విద్యాశాఖ,5,0.00011138834432364997
1689,విధి,5,0.00011138834432364997
1690,వినియోగదారుడు,5,0.00011138834432364997
1691,విప్లవం,5,0.00011138834432364997
1692,విలాసం,5,0.00011138834432364997
1693,విలేకరి,5,0.00011138834432364997
1694,వివరణ,5,0.00011138834432364997
1695,విశేషం,5,0.00011138834432364997
1696,వెలుగు,5,0.00011138834432364997
1697,వెళ్ళినప్పుడు,5,0.00011138834432364997
1698,వేచు,5,0.00011138834432364997
1699,వేడుక,5,0.00011138834432364997
1700,వేళ,5,0.00011138834432364997
1701,వేసవికాలం,5,0.00011138834432364997
1702,వ్యక్తిగతం,5,0.00011138834432364997
1703,వ్యాకరణం,5,0.00011138834432364997
1704,శాసనమండలి,5,0.00011138834432364997
1705,శాస్త్రజ్ఞుడు,5,0.00011138834432364997
1706,శివుడు,5,0.00011138834432364997
1707,శ్రీనాథుడు,5,0.00011138834432364997
1708,షాపు,5,0.00011138834432364997
1709,సంక్రాంతి,5,0.00011138834432364997
1710,సంగతి,5,0.00011138834432364997
1711,సందర్శించు,5,0.00011138834432364997
1712,సంస్కృతం,5,0.00011138834432364997
1713,సదస్సు,5,0.00011138834432364997
1714,సమూహం,5,0.00011138834432364997
1715,సరిపడు,5,0.00011138834432364997
1716,సరిహద్దు,5,0.00011138834432364997
1717,సర్టిఫికేట్,5,0.00011138834432364997
1718,సామాను,5,0.00011138834432364997
1719,సిస్టం,5,0.00011138834432364997
1720,సీనియర్,5,0.00011138834432364997
1721,సున్న,5,0.00011138834432364997
1722,సురేష్,5,0.00011138834432364997
1723,సుల్తాన్,5,0.00011138834432364997
1724,సృష్టి,5,0.00011138834432364997
1725,సెంట్రల్,5,0.00011138834432364997
1726,సెకండర్,5,0.00011138834432364997
1727,సెవెన్,5,0.00011138834432364997
1728,సైన్స్,5,0.00011138834432364997
1729,స్కూల్స్,5,0.00011138834432364997
1730,స్టాక్,5,0.00011138834432364997
1731,స్టార్,5,0.00011138834432364997
1732,స్థిరపడు,5,0.00011138834432364997
1733,స్నానం,5,0.00011138834432364997
1734,స్పీకర్,5,0.00011138834432364997
1735,స్వీకారం,5,0.00011138834432364997
1736,స్వేచ్ఛ,5,0.00011138834432364997
1737,హండ్రెడ్,5,0.00011138834432364997
1738,హల్లు,5,0.00011138834432364997
1739,హాజరవ్వు,5,0.00011138834432364997
1740,హిందువు,5,0.00011138834432364997
1741,అంగీకారం,4,8.911067545891998e-05
1742,అంతరం,4,8.911067545891998e-05
1743,అందరం,4,8.911067545891998e-05
1744,అందుచేత,4,8.911067545891998e-05
1745,అక్రమం,4,8.911067545891998e-05
1746,అజయ్,4,8.911067545891998e-05
1747,అటవి,4,8.911067545891998e-05
1748,అడ్రస్,4,8.911067545891998e-05
1749,అతీతం,4,8.911067545891998e-05
1750,అదనంగా,4,8.911067545891998e-05
1751,అదేవిధం,4,8.911067545891998e-05
1752,అనబడే,4,8.911067545891998e-05
1753,అనీ,4,8.911067545891998e-05
1754,అనుకో,4,8.911067545891998e-05
1755,అనుచరుడు,4,8.911067545891998e-05
1756,అనుభవించు,4,8.911067545891998e-05
1757,అప్పుడప్పుడు,4,8.911067545891998e-05
1758,అప్లికేషన్,4,8.911067545891998e-05
1759,అమెరికన్,4,8.911067545891998e-05
1760,అమ్మకం,4,8.911067545891998e-05
1761,అమ్మ్,4,8.911067545891998e-05
1762,అయినప్పుడు,4,8.911067545891998e-05
1763,అరబ్బు,4,8.911067545891998e-05
1764,అవర్,4,8.911067545891998e-05
1765,అష్ట,4,8.911067545891998e-05
1766,ఆకారం,4,8.911067545891998e-05
1767,ఆగ్నేయం,4,8.911067545891998e-05
1768,ఆటో,4,8.911067545891998e-05
1769,ఆత్మ,4,8.911067545891998e-05
1770,ఆధారిత,4,8.911067545891998e-05
1771,ఆపరేటర్,4,8.911067545891998e-05
1772,ఆపరేటింగ్,4,8.911067545891998e-05
1773,ఆపరేషన్,4,8.911067545891998e-05
1774,ఆఫర్,4,8.911067545891998e-05
1775,ఆఫీసు,4,8.911067545891998e-05
1776,ఆఫీస్,4,8.911067545891998e-05
1777,ఆయా,4,8.911067545891998e-05
1778,ఆవిరి,4,8.911067545891998e-05
1779,ఆవుపాలు,4,8.911067545891998e-05
1780,ఆశ,4,8.911067545891998e-05
1781,ఇంకోటి,4,8.911067545891998e-05
1782,ఇంచుమించు,4,8.911067545891998e-05
1783,ఇందుకు,4,8.911067545891998e-05
1784,ఇచ్చెయ్యి,4,8.911067545891998e-05
1785,ఇటువంటి,4,8.911067545891998e-05
1786,ఇడ్లీ,4,8.911067545891998e-05
1787,ఇన్ఫర్మేషన్,4,8.911067545891998e-05
1788,ఉంచ్,4,8.911067545891998e-05
1789,ఉండిపోయింది,4,8.911067545891998e-05
1790,ఉత్తమ,4,8.911067545891998e-05
1791,ఉన్నవారు,4,8.911067545891998e-05
1792,ఉన్నవి,4,8.911067545891998e-05
1793,ఉపద్రష్ట,4,8.911067545891998e-05
1794,ఎంతోమంది,4,8.911067545891998e-05
1795,ఎందరు,4,8.911067545891998e-05
1796,ఎదుగు,4,8.911067545891998e-05
1797,ఎవరి,4,8.911067545891998e-05
1798,ఏకైక,4,8.911067545891998e-05
1799,ఏమన్న,4,8.911067545891998e-05
1800,ఏరియా,4,8.911067545891998e-05
1801,ఐక్యరాజ్యసమితి,4,8.911067545891998e-05
1802,ఐడి,4,8.911067545891998e-05
1803,ఐరోపా,4,8.911067545891998e-05
1804,ఒకప్పుడు,4,8.911067545891998e-05
1805,ఒకొక్క,4,8.911067545891998e-05
1806,ఓటమి,4,8.911067545891998e-05
1807,ఓన్లీ,4,8.911067545891998e-05
1808,కట్,4,8.911067545891998e-05
1809,కణం,4,8.911067545891998e-05
1810,కదండీ,4,8.911067545891998e-05
1811,కను,4,8.911067545891998e-05
1812,కప్ప్,4,8.911067545891998e-05
1813,కమిషనర్,4,8.911067545891998e-05
1814,కలుషితం,4,8.911067545891998e-05
1815,కవర్,4,8.911067545891998e-05
1816,కాలానుగుణం,4,8.911067545891998e-05
1817,కావలసినవి,4,8.911067545891998e-05
1818,కావాల్సింది,4,8.911067545891998e-05
1819,కాశ్మీర్,4,8.911067545891998e-05
1820,కిరణ్,4,8.911067545891998e-05
1821,కీబోర్డ్,4,8.911067545891998e-05
1822,కూరగాయలు,4,8.911067545891998e-05
1823,కృత్రిమం,4,8.911067545891998e-05
1824,కేక్,4,8.911067545891998e-05
1825,కేబినెట్,4,8.911067545891998e-05
1826,కొద్దీ,4,8.911067545891998e-05
1827,కొవ్వు,4,8.911067545891998e-05
1828,కో,4,8.911067545891998e-05
1829,కోచింగ్,4,8.911067545891998e-05
1830,కోడి,4,8.911067545891998e-05
1831,కోపం,4,8.911067545891998e-05
1832,కోరిక,4,8.911067545891998e-05
1833,కోసమే,4,8.911067545891998e-05
1834,కౌంటర్,4,8.911067545891998e-05
1835,క్యూఆర్,4,8.911067545891998e-05
1836,క్రిస్మస్,4,8.911067545891998e-05
1837,క్రీం,4,8.911067545891998e-05
1838,క్లూజన్,4,8.911067545891998e-05
1839,క్షణం,4,8.911067545891998e-05
1840,ఖాళి,4,8.911067545891998e-05
1841,గంగ,4,8.911067545891998e-05
1842,గజ్వేల్,4,8.911067545891998e-05
1843,గడ్డి,4,8.911067545891998e-05
1844,గణన,4,8.911067545891998e-05
1845,గింజ,4,8.911067545891998e-05
1846,గియ్యి,4,8.911067545891998e-05
1847,గుడ్,4,8.911067545891998e-05
1848,గుమ్మం,4,8.911067545891998e-05
1849,గుర్తి,4,8.911067545891998e-05
1850,గేర్,4,8.911067545891998e-05
1851,గొంతు,4,8.911067545891998e-05
1852,గోడ,4,8.911067545891998e-05
1853,గోల్కొండ,4,8.911067545891998e-05
1854,గ్రీకు,4,8.911067545891998e-05
1855,చంద్రబాబునాయుడు,4,8.911067545891998e-05
1856,చారిత్రాత్మకం,4,8.911067545891998e-05
1857,చాలావరకు,4,8.911067545891998e-05
1858,చిత్రీకరణ,4,8.911067545891998e-05
1859,చిన్నచిన్న,4,8.911067545891998e-05
1860,చివరగా,4,8.911067545891998e-05
1861,చెడ్,4,8.911067545891998e-05
1862,చెత్త,4,8.911067545891998e-05
1863,చెరుకు,4,8.911067545891998e-05
1864,చెరువు,4,8.911067545891998e-05
1865,చెల్లింపు,4,8.911067545891998e-05
1866,చెల్లెలు,4,8.911067545891998e-05
1867,చెవి,4,8.911067545891998e-05
1868,ఛత్తీస్గఢ్,4,8.911067545891998e-05
1869,జగన్,4,8.911067545891998e-05
1870,జగన్మోహన్,4,8.911067545891998e-05
1871,జట్టు,4,8.911067545891998e-05
1872,జన్మించు,4,8.911067545891998e-05
1873,జర్మన్,4,8.911067545891998e-05
1874,జవదేకర్,4,8.911067545891998e-05
1875,జవహర్,4,8.911067545891998e-05
1876,జస్ట్,4,8.911067545891998e-05
1877,జాతర,4,8.911067545891998e-05
1878,జిరాక్స్,4,8.911067545891998e-05
1879,జీతం,4,8.911067545891998e-05
1880,జీర్ణం,4,8.911067545891998e-05
1881,జీవావరణం,4,8.911067545891998e-05
1882,జూలై,4,8.911067545891998e-05
1883,జోగేంద్ర,4,8.911067545891998e-05
1884,జ్వరం,4,8.911067545891998e-05
1885,టీడీపీ,4,8.911067545891998e-05
1886,టూరిస్ట్,4,8.911067545891998e-05
1887,ట్రావెల్,4,8.911067545891998e-05
1888,ట్రిప్,4,8.911067545891998e-05
1889,ట్రైన్,4,8.911067545891998e-05
1890,డబ్బా,4,8.911067545891998e-05
1891,డయాక్సైడ్,4,8.911067545891998e-05
1892,డెవలప్మెంట్,4,8.911067545891998e-05
1893,డైరెక్టర్,4,8.911067545891998e-05
1894,డ్రాయింగ్,4,8.911067545891998e-05
1895,డ్రెస్,4,8.911067545891998e-05
1896,తగులు,4,8.911067545891998e-05
1897,తారక,4,8.911067545891998e-05
1898,తాలూకా,4,8.911067545891998e-05
1899,తి,4,8.911067545891998e-05
1900,తిండి,4,8.911067545891998e-05
1901,తుపాను,4,8.911067545891998e-05
1902,తెర,4,8.911067545891998e-05
1903,తెరువు,4,8.911067545891998e-05
1904,తెలివి,4,8.911067545891998e-05
1905,దక్కన్,4,8.911067545891998e-05
1906,దాదాసాహెబ్,4,8.911067545891998e-05
1907,దీవి,4,8.911067545891998e-05
1908,దేవత,4,8.911067545891998e-05
1909,దేవి,4,8.911067545891998e-05
1910,దోమ,4,8.911067545891998e-05
1911,ద్రవం,4,8.911067545891998e-05
1912,ధన్యవాదం,4,8.911067545891998e-05
1913,ధైర్యం,4,8.911067545891998e-05
1914,ధ్యేయం,4,8.911067545891998e-05
1915,నడిపించు,4,8.911067545891998e-05
1916,నల్గొండ,4,8.911067545891998e-05
1917,నవ,4,8.911067545891998e-05
1918,నవీకరణ,4,8.911067545891998e-05
1919,నాగార్జున,4,8.911067545891998e-05
1920,నాణెం,4,8.911067545891998e-05
1921,నాన్,4,8.911067545891998e-05
1922,నార,4,8.911067545891998e-05
1923,నాలెడ్జ్,4,8.911067545891998e-05
1924,నింపు,4,8.911067545891998e-05
1925,నిద్ర,4,8.911067545891998e-05
1926,నినాదం,4,8.911067545891998e-05
1927,నిమిత్తం,4,8.911067545891998e-05
1928,నిర్దిష్టం,4,8.911067545891998e-05
1929,నిర్వచి,4,8.911067545891998e-05
1930,నిర్వర్తించు,4,8.911067545891998e-05
1931,నిలయం,4,8.911067545891998e-05
1932,నిష్పత్తి,4,8.911067545891998e-05
1933,నీలం,4,8.911067545891998e-05
1934,నుడి,4,8.911067545891998e-05
1935,నూట,4,8.911067545891998e-05
1936,నెట్వర్క్,4,8.911067545891998e-05
1937,నెయ్యి,4,8.911067545891998e-05
1938,నేతృత్వం,4,8.911067545891998e-05
1939,న్యూయార్క్,4,8.911067545891998e-05
1940,న్యూస్,4,8.911067545891998e-05
1941,పంచ్,4,8.911067545891998e-05
1942,పండించు,4,8.911067545891998e-05
1943,పంతొమ్మిది,4,8.911067545891998e-05
1944,పందెం,4,8.911067545891998e-05
1945,పదిహేడు,4,8.911067545891998e-05
1946,పద్మ,4,8.911067545891998e-05
1947,పద్యం,4,8.911067545891998e-05
1948,పనిముట్టు,4,8.911067545891998e-05
1949,పరమాణువు,4,8.911067545891998e-05
1950,పరిమితి,4,8.911067545891998e-05
1951,పరిష్కరి,4,8.911067545891998e-05
1952,పర్యటన,4,8.911067545891998e-05
1953,పర్యాయం,4,8.911067545891998e-05
1954,పవర్,4,8.911067545891998e-05
1955,పాడ్యమి,4,8.911067545891998e-05
1956,పాలల్లో,4,8.911067545891998e-05
1957,పిలువబడు,4,8.911067545891998e-05
1958,పీ,4,8.911067545891998e-05
1959,పీడనం,4,8.911067545891998e-05
1960,పునర్వ్యవస్థీకరణం,4,8.911067545891998e-05
1961,పురపాలక,4,8.911067545891998e-05
1962,పురాణం,4,8.911067545891998e-05
1963,పురుగు,4,8.911067545891998e-05
1964,పులిహోర,4,8.911067545891998e-05
1965,పెట్రోల్,4,8.911067545891998e-05
1966,పెయింటింగ్,4,8.911067545891998e-05
1967,పేదరికం,4,8.911067545891998e-05
1968,పేపర్స్,4,8.911067545891998e-05
1969,పేరిట,4,8.911067545891998e-05
1970,పోటీగా,4,8.911067545891998e-05
1971,పోర్టల్,4,8.911067545891998e-05
1972,ప్యారిస్,4,8.911067545891998e-05
1973,ప్రతిరోజు,4,8.911067545891998e-05
1974,ప్రత్యేకత,4,8.911067545891998e-05
1975,ప్రదేశ్,4,8.911067545891998e-05
1976,ప్రవర్తించు,4,8.911067545891998e-05
1977,ప్రవేశం,4,8.911067545891998e-05
1978,ప్రస్తుతమున్న,4,8.911067545891998e-05
1979,ప్రాతిపదిక,4,8.911067545891998e-05
1980,ప్రాధాన్యత,4,8.911067545891998e-05
1981,ప్రామాణిక,4,8.911067545891998e-05
1982,ప్రేరణ,4,8.911067545891998e-05
1983,ప్రైవేటు,4,8.911067545891998e-05
1984,ప్రోసెస్,4,8.911067545891998e-05
1985,ఫర్,4,8.911067545891998e-05
1986,ఫిల్మ్,4,8.911067545891998e-05
1987,ఫీల్,4,8.911067545891998e-05
1988,ఫుల్,4,8.911067545891998e-05
1989,ఫోన్స్,4,8.911067545891998e-05
1990,ఫ్యాన్,4,8.911067545891998e-05
1991,ఫ్రాన్స్,4,8.911067545891998e-05
1992,బంగాళాఖాతం,4,8.911067545891998e-05
1993,బంధువు,4,8.911067545891998e-05
1994,బడు,4,8.911067545891998e-05
1995,బస్,4,8.911067545891998e-05
1996,బహుశా,4,8.911067545891998e-05
1997,బాధ,4,8.911067545891998e-05
1998,బాపట్ల,4,8.911067545891998e-05
1999,బార్,4,8.911067545891998e-05
2000,బాల్,4,8.911067545891998e-05
2001,బాహ్యం,4,8.911067545891998e-05
2002,బీఆర్ఎస్,4,8.911067545891998e-05
2003,బుక్స్,4,8.911067545891998e-05
2004,బెల్లం,4,8.911067545891998e-05
2005,బైకులు,4,8.911067545891998e-05
2006,బోనం,4,8.911067545891998e-05
2007,బ్యాక్,4,8.911067545891998e-05
2008,బ్లడ్,4,8.911067545891998e-05
2009,బ్లాక్,4,8.911067545891998e-05
2010,బ్లూస్టార్,4,8.911067545891998e-05
2011,భర్త,4,8.911067545891998e-05
2012,భాగవతం,4,8.911067545891998e-05
2013,భాగవతుడు,4,8.911067545891998e-05
2014,మకరం,4,8.911067545891998e-05
2015,మతపరం,4,8.911067545891998e-05
2016,మద్రాసు,4,8.911067545891998e-05
2017,మధ్యకాలం,4,8.911067545891998e-05
2018,మధ్యప్రదేశ్,4,8.911067545891998e-05
2019,మరలు,4,8.911067545891998e-05
2020,మరొకటి,4,8.911067545891998e-05
2021,మరోసారి,4,8.911067545891998e-05
2022,మర్యాద,4,8.911067545891998e-05
2023,మహాత్మా,4,8.911067545891998e-05
2024,మహాసముద్రం,4,8.911067545891998e-05
2025,మాతృభాష,4,8.911067545891998e-05
2026,మామ,4,8.911067545891998e-05
2027,మామిడి,4,8.911067545891998e-05
2028,మార్గశిర,4,8.911067545891998e-05
2029,మాస్క్,4,8.911067545891998e-05
2030,ముఖం,4,8.911067545891998e-05
2031,ముస్లిం,4,8.911067545891998e-05
2032,ముస్లింలు,4,8.911067545891998e-05
2033,మూవీస్,4,8.911067545891998e-05
2034,మృదులాంగం,4,8.911067545891998e-05
2035,మెదడు,4,8.911067545891998e-05
2036,మేక,4,8.911067545891998e-05
2037,మైదానం,4,8.911067545891998e-05
2038,మొట్టమొదటిసారి,4,8.911067545891998e-05
2039,మొదటగా,4,8.911067545891998e-05
2040,మొదటిగా,4,8.911067545891998e-05
2041,మోడల్,4,8.911067545891998e-05
2042,మౌలికం,4,8.911067545891998e-05
2043,యోగం,4,8.911067545891998e-05
2044,యోగా,4,8.911067545891998e-05
2045,రన్నింగ్,4,8.911067545891998e-05
2046,రసగుల్లా,4,8.911067545891998e-05
2047,రాఘవ,4,8.911067545891998e-05
2048,రాజమండ్రి,4,8.911067545891998e-05
2049,రాజీవ్,4,8.911067545891998e-05
2050,రాధ,4,8.911067545891998e-05
2051,రామకృష్ణ,4,8.911067545891998e-05
2052,రామజోగయ్య,4,8.911067545891998e-05
2053,రామోజీ,4,8.911067545891998e-05
2054,రామ్,4,8.911067545891998e-05
2055,రాష్టపతి,4,8.911067545891998e-05
2056,రుణం,4,8.911067545891998e-05
2057,రుపీస్,4,8.911067545891998e-05
2058,రూపీస్,4,8.911067545891998e-05
2059,రెండేళ్ళు,4,8.911067545891998e-05
2060,రెట్లు,4,8.911067545891998e-05
2061,రేటింగ్,4,8.911067545891998e-05
2062,రోగం,4,8.911067545891998e-05
2063,రోడ్,4,8.911067545891998e-05
2064,లిమిటెడ్,4,8.911067545891998e-05
2065,లిస్ట్,4,8.911067545891998e-05
2066,లేట్,4,8.911067545891998e-05
2067,లోహం,4,8.911067545891998e-05
2068,వంటగది,4,8.911067545891998e-05
2069,వంతు,4,8.911067545891998e-05
2070,వంపు,4,8.911067545891998e-05
2071,వంశం,4,8.911067545891998e-05
2072,వగైరా,4,8.911067545891998e-05
2073,వర్ణించు,4,8.911067545891998e-05
2074,వాక్యం,4,8.911067545891998e-05
2075,వాట్సన్,4,8.911067545891998e-05
2076,వాదన,4,8.911067545891998e-05
2077,వారోత్సవం,4,8.911067545891998e-05
2078,వాషింగ్,4,8.911067545891998e-05
2079,వాష్,4,8.911067545891998e-05
2080,విచారణ,4,8.911067545891998e-05
2081,విడుదలైంది,4,8.911067545891998e-05
2082,విభిన్న,4,8.911067545891998e-05
2083,విమానాశ్రయం,4,8.911067545891998e-05
2084,వియత్నాం,4,8.911067545891998e-05
2085,విష్ణువు,4,8.911067545891998e-05
2086,విస్తీర్ణం,4,8.911067545891998e-05
2087,వీక్,4,8.911067545891998e-05
2088,వెంకటేశ్వర,4,8.911067545891998e-05
2089,వెతుకు,4,8.911067545891998e-05
2090,వెల్,4,8.911067545891998e-05
2091,వెస్ట్,4,8.911067545891998e-05
2092,వేదం,4,8.911067545891998e-05
2093,వేదిక,4,8.911067545891998e-05
2094,వైజాగ్,4,8.911067545891998e-05
2095,వైశాఖం,4,8.911067545891998e-05
2096,వ్యతిరేకత,4,8.911067545891998e-05
2097,వ్యయం,4,8.911067545891998e-05
2098,వ్యావహారికం,4,8.911067545891998e-05
2099,వ్యూహం,4,8.911067545891998e-05
2100,శక్తివంతం,4,8.911067545891998e-05
2101,శ్రద్ధ,4,8.911067545891998e-05
2102,శ్రమ,4,8.911067545891998e-05
2103,శ్రేణి,4,8.911067545891998e-05
2104,షర్ట్,4,8.911067545891998e-05
2105,షా,4,8.911067545891998e-05
2106,షాపింగ్,4,8.911067545891998e-05
2107,సంతోష్,4,8.911067545891998e-05
2108,సందర్బం,4,8.911067545891998e-05
2109,సంబంధిత,4,8.911067545891998e-05
2110,సంయుక్తం,4,8.911067545891998e-05
2111,సంలీనం,4,8.911067545891998e-05
2112,సచివాలయం,4,8.911067545891998e-05
2113,సడన్,4,8.911067545891998e-05
2114,సప్లై,4,8.911067545891998e-05
2115,సమతుల్యం,4,8.911067545891998e-05
2116,సమాపేశం,4,8.911067545891998e-05
2117,సమృద్ధి,4,8.911067545891998e-05
2118,సర్వస్వం,4,8.911067545891998e-05
2119,సర్వ్,4,8.911067545891998e-05
2120,సలహా,4,8.911067545891998e-05
2121,సాధి,4,8.911067545891998e-05
2122,సిఫారసు,4,8.911067545891998e-05
2123,సిలిండర్,4,8.911067545891998e-05
2124,సిలికాన్,4,8.911067545891998e-05
2125,సుదీర్ఘం,4,8.911067545891998e-05
2126,సుప్రీంకోర్టు,4,8.911067545891998e-05
2127,సులభం,4,8.911067545891998e-05
2128,సూక్ష్మ,4,8.911067545891998e-05
2129,సూచన,4,8.911067545891998e-05
2130,సెండ్,4,8.911067545891998e-05
2131,సెక్యూరిటీ,4,8.911067545891998e-05
2132,సెట్,4,8.911067545891998e-05
2133,సెలెక్ట్,4,8.911067545891998e-05
2134,సెల్,4,8.911067545891998e-05
2135,సైడ్,4,8.911067545891998e-05
2136,సైమా,4,8.911067545891998e-05
2137,సొసైటీ,4,8.911067545891998e-05
2138,సౌండ్,4,8.911067545891998e-05
2139,సౌందర్యం,4,8.911067545891998e-05
2140,స్కేన్,4,8.911067545891998e-05
2141,స్క్రీన్,4,8.911067545891998e-05
2142,స్టాంపు,4,8.911067545891998e-05
2143,స్థలం,4,8.911067545891998e-05
2144,స్థానికం,4,8.911067545891998e-05
2145,స్వయం,4,8.911067545891998e-05
2146,స్వర్ణదేవాలయం,4,8.911067545891998e-05
2147,హద్దు,4,8.911067545891998e-05
2148,హాకీ,4,8.911067545891998e-05
2149,హామీలు,4,8.911067545891998e-05
2150,హింస,4,8.911067545891998e-05
2151,హై,4,8.911067545891998e-05
2152,హైకోర్టు,4,8.911067545891998e-05
2153,హైడ్రోజెన్,4,8.911067545891998e-05
2154,హోదా,4,8.911067545891998e-05
2155,అంతం,3,6.683300659418999e-05
2156,అంతట,3,6.683300659418999e-05
2157,అంతమంది,3,6.683300659418999e-05
2158,అంతేకాకుండా,3,6.683300659418999e-05
2159,అంత్యక్రియ,3,6.683300659418999e-05
2160,అందిన,3,6.683300659418999e-05
2161,అకౌంటు,3,6.683300659418999e-05
2162,అక్క,3,6.683300659418999e-05
2163,అక్టోబర్,3,6.683300659418999e-05
2164,అణువు,3,6.683300659418999e-05
2165,అత్త,3,6.683300659418999e-05
2166,అదనపు,3,6.683300659418999e-05
2167,అదుపు,3,6.683300659418999e-05
2168,అదృష్టం,3,6.683300659418999e-05
2169,అధ్యకుడు,3,6.683300659418999e-05
2170,అధ్వర్యం,3,6.683300659418999e-05
2171,అనంతం,3,6.683300659418999e-05
2172,అనవసరం,3,6.683300659418999e-05
2173,అనిన్నీ,3,6.683300659418999e-05
2174,అనుకుంటున్నాము,3,6.683300659418999e-05
2175,అనుకుంటే,3,6.683300659418999e-05
2176,అనుకోండి,3,6.683300659418999e-05
2177,అనువర్తనం,3,6.683300659418999e-05
2178,అన్యాయం,3,6.683300659418999e-05
2179,అపసవ్యం,3,6.683300659418999e-05
2180,అపార్ట్మెంట్,3,6.683300659418999e-05
2181,అప్పారావు,3,6.683300659418999e-05
2182,అభిరుచి,3,6.683300659418999e-05
2183,అభివృద్ది,3,6.683300659418999e-05
2184,అభ్యసి,3,6.683300659418999e-05
2185,అమితం,3,6.683300659418999e-05
2186,అమిత్,3,6.683300659418999e-05
2187,అయిదు,3,6.683300659418999e-05
2188,అరాచకం,3,6.683300659418999e-05
2189,అరుదు,3,6.683300659418999e-05
2190,అరువు,3,6.683300659418999e-05
2191,అర్హత,3,6.683300659418999e-05
2192,అలంకరించు,3,6.683300659418999e-05
2193,అలారం,3,6.683300659418999e-05
2194,అల్లరి,3,6.683300659418999e-05
2195,అల్లిక,3,6.683300659418999e-05
2196,అల్లు,3,6.683300659418999e-05
2197,అవతారిక,3,6.683300659418999e-05
2198,అవర్స్,3,6.683300659418999e-05
2199,అవుట్,3,6.683300659418999e-05
2200,ఆంధ్రదేశం,3,6.683300659418999e-05
2201,ఆంధ్రపదేశ్,3,6.683300659418999e-05
2202,ఆంధ్రుడు,3,6.683300659418999e-05
2203,ఆకర్షణ,3,6.683300659418999e-05
2204,ఆకాశవాణి,3,6.683300659418999e-05
2205,ఆగిపో,3,6.683300659418999e-05
2206,ఆచరణ,3,6.683300659418999e-05
2207,ఆచార్య,3,6.683300659418999e-05
2208,ఆడియో,3,6.683300659418999e-05
2209,ఆనందించు,3,6.683300659418999e-05
2210,ఆపు,3,6.683300659418999e-05
2211,ఆయ్,3,6.683300659418999e-05
2212,ఆర్ట్,3,6.683300659418999e-05
2213,ఆర్య,3,6.683300659418999e-05
2214,ఆలస్యం,3,6.683300659418999e-05
2215,ఆలు,3,6.683300659418999e-05
2216,ఆలోచించు,3,6.683300659418999e-05
2217,ఆవాసం,3,6.683300659418999e-05
2218,ఆవిర్భావం,3,6.683300659418999e-05
2219,ఆశ్రమం,3,6.683300659418999e-05
2220,ఆసక్తికరం,3,6.683300659418999e-05
2221,ఆస్కారం,3,6.683300659418999e-05
2222,ఆహా,3,6.683300659418999e-05
2223,ఆహ్వానించు,3,6.683300659418999e-05
2224,ఇంకొంచెం,3,6.683300659418999e-05
2225,ఇంకోకటి,3,6.683300659418999e-05
2226,ఇంగ్లాండు,3,6.683300659418999e-05
2227,ఇంజినీరింగ్,3,6.683300659418999e-05
2228,ఇంటర్మీడియట్,3,6.683300659418999e-05
2229,ఇటీవలి,3,6.683300659418999e-05
2230,ఇదంతా,3,6.683300659418999e-05
2231,ఇదివరకు,3,6.683300659418999e-05
2232,ఇప్పుడున్న,3,6.683300659418999e-05
2233,ఇలాంటివన్నీ,3,6.683300659418999e-05
2234,ఇవాళ,3,6.683300659418999e-05
2235,ఇష్టపడ్,3,6.683300659418999e-05
2236,ఇష్యూస్,3,6.683300659418999e-05
2237,ఈఎస్ఐసి,3,6.683300659418999e-05
2238,ఈజీగా,3,6.683300659418999e-05
2239,ఈటె,3,6.683300659418999e-05
2240,ఈనాడు,3,6.683300659418999e-05
2241,ఈవినింగ్,3,6.683300659418999e-05
2242,ఈవీఎం,3,6.683300659418999e-05
2243,ఈసారి,3,6.683300659418999e-05
2244,ఉండటమే,3,6.683300659418999e-05
2245,ఉండేదని,3,6.683300659418999e-05
2246,ఉందంటే,3,6.683300659418999e-05
2247,ఉత్పాదనం,3,6.683300659418999e-05
2248,ఉద్దేశ్యం,3,6.683300659418999e-05
2249,ఉద్యానవనం,3,6.683300659418999e-05
2250,ఉపకరణం,3,6.683300659418999e-05
2251,ఉష్ణమండలం,3,6.683300659418999e-05
2252,ఎంతమంది,3,6.683300659418999e-05
2253,ఎంతైనా,3,6.683300659418999e-05
2254,ఎక్కడైతే,3,6.683300659418999e-05
2255,ఎక్స్,3,6.683300659418999e-05
2256,ఎక్స్ప్రెస్,3,6.683300659418999e-05
2257,ఎగ్,3,6.683300659418999e-05
2258,ఎడమ,3,6.683300659418999e-05
2259,ఎడ్యుకేషన్,3,6.683300659418999e-05
2260,ఎద్,3,6.683300659418999e-05
2261,ఎప్పుడో,3,6.683300659418999e-05
2262,ఎముక,3,6.683300659418999e-05
2263,ఎమ్మెల్సీ,3,6.683300659418999e-05
2264,ఎయిటీ,3,6.683300659418999e-05
2265,ఎయిర్పోర్ట్,3,6.683300659418999e-05
2266,ఎర్ర,3,6.683300659418999e-05
2267,ఎఱ్ఱన,3,6.683300659418999e-05
2268,ఎలక్ట్రికల్,3,6.683300659418999e-05
2269,ఎవ్వరు,3,6.683300659418999e-05
2270,ఏర్పరచు,3,6.683300659418999e-05
2271,ఏలూరు,3,6.683300659418999e-05
2272,ఐక్యం,3,6.683300659418999e-05
2273,ఐటీ,3,6.683300659418999e-05
2274,ఒకదాని,3,6.683300659418999e-05
2275,ఒక్కో,3,6.683300659418999e-05
2276,ఓటరు,3,6.683300659418999e-05
2277,ఓడరేవు,3,6.683300659418999e-05
2278,ఓవర్,3,6.683300659418999e-05
2279,కంపనం,3,6.683300659418999e-05
2280,కంప్లీట్,3,6.683300659418999e-05
2281,కటింగ్,3,6.683300659418999e-05
2282,కడప,3,6.683300659418999e-05
2283,కడుగు,3,6.683300659418999e-05
2284,కథనం,3,6.683300659418999e-05
2285,కథానాయకుడు,3,6.683300659418999e-05
2286,కన్నడం,3,6.683300659418999e-05
2287,కరెంటు,3,6.683300659418999e-05
2288,కర్మాగారం,3,6.683300659418999e-05
2289,కస్టమర్,3,6.683300659418999e-05
2290,కాంటాక్ట్,3,6.683300659418999e-05
2291,కాకపో,3,6.683300659418999e-05
2292,కాకస్,3,6.683300659418999e-05
2293,కాదండి,3,6.683300659418999e-05
2294,కానివ్వు,3,6.683300659418999e-05
2295,కానుక,3,6.683300659418999e-05
2296,కామరాజ్,3,6.683300659418999e-05
2297,కామారెడ్డి,3,6.683300659418999e-05
2298,కాయి,3,6.683300659418999e-05
2299,కారం,3,6.683300659418999e-05
2300,కార్టోగ్రఫీ,3,6.683300659418999e-05
2301,కార్యకర్త,3,6.683300659418999e-05
2302,కార్యాచరణ,3,6.683300659418999e-05
2303,కాల్పులు,3,6.683300659418999e-05
2304,కాల్షియం,3,6.683300659418999e-05
2305,కాళేశ్వరం,3,6.683300659418999e-05
2306,కావచ్చు,3,6.683300659418999e-05
2307,కావలిసిన,3,6.683300659418999e-05
2308,కావాల్సిన,3,6.683300659418999e-05
2309,కావున,3,6.683300659418999e-05
2310,కాశి,3,6.683300659418999e-05
2311,కిచెన్,3,6.683300659418999e-05
2312,కిలోలు,3,6.683300659418999e-05
2313,కుడి,3,6.683300659418999e-05
2314,కుతుబ్,3,6.683300659418999e-05
2315,కూటమి,3,6.683300659418999e-05
2316,కృష్ణమూర్తి,3,6.683300659418999e-05
2317,కృష్ణుడు,3,6.683300659418999e-05
2318,కేంబ్రియన్,3,6.683300659418999e-05
2319,కేలరీ,3,6.683300659418999e-05
2320,కేసీఆర్కు,3,6.683300659418999e-05
2321,కొద్దిసేపు,3,6.683300659418999e-05
2322,కొన్నిసార్లు,3,6.683300659418999e-05
2323,కొప్పెన్,3,6.683300659418999e-05
2324,కొరటాల,3,6.683300659418999e-05
2325,కొలత,3,6.683300659418999e-05
2326,కోర్స్,3,6.683300659418999e-05
2327,కోల్పో,3,6.683300659418999e-05
2328,కౌన్సిల్,3,6.683300659418999e-05
2329,క్యాష్,3,6.683300659418999e-05
2330,క్యాస్ట్,3,6.683300659418999e-05
2331,క్రీడాకారుడు,3,6.683300659418999e-05
2332,క్రీమ్,3,6.683300659418999e-05
2333,క్రీస్తు,3,6.683300659418999e-05
2334,క్రెడిట్,3,6.683300659418999e-05
2335,క్లెయిమ్,3,6.683300659418999e-05
2336,క్షేత్రయ్య,3,6.683300659418999e-05
2337,గజం,3,6.683300659418999e-05
2338,గట్రా,3,6.683300659418999e-05
2339,గమ్యం,3,6.683300659418999e-05
2340,గరిష్ఠం,3,6.683300659418999e-05
2341,గరీబ్,3,6.683300659418999e-05
2342,గవర్నర్,3,6.683300659418999e-05
2343,గాత్రం,3,6.683300659418999e-05
2344,గావించు,3,6.683300659418999e-05
2345,గిట్టుబాటు,3,6.683300659418999e-05
2346,గిన్నిస్,3,6.683300659418999e-05
2347,గిన్నె,3,6.683300659418999e-05
2348,గీత,3,6.683300659418999e-05
2349,గుడ్డు,3,6.683300659418999e-05
2350,గురజాడ,3,6.683300659418999e-05
2351,గురించిన,3,6.683300659418999e-05
2352,గురుత్వం,3,6.683300659418999e-05
2353,గుర్రం,3,6.683300659418999e-05
2354,గుహ,3,6.683300659418999e-05
2355,గెలుపొందాడు,3,6.683300659418999e-05
2356,గొడవ,3,6.683300659418999e-05
2357,గోవా,3,6.683300659418999e-05
2358,గ్యాప్,3,6.683300659418999e-05
2359,గ్రాంథిక,3,6.683300659418999e-05
2360,గ్రాడ్యుయేషన్,3,6.683300659418999e-05
2361,గ్రామజ్యోతి,3,6.683300659418999e-05
2362,గ్రాస్,3,6.683300659418999e-05
2363,గ్రూప్,3,6.683300659418999e-05
2364,గ్లోబల్,3,6.683300659418999e-05
2365,ఘట్టం,3,6.683300659418999e-05
2366,చంపు,3,6.683300659418999e-05
2367,చక్కెర,3,6.683300659418999e-05
2368,చట్టపరం,3,6.683300659418999e-05
2369,చదరం,3,6.683300659418999e-05
2370,చరిత్రకారుడు,3,6.683300659418999e-05
2371,చలి,3,6.683300659418999e-05
2372,చలికాలం,3,6.683300659418999e-05
2373,చాక్లెట్,3,6.683300659418999e-05
2374,చార్మినార్,3,6.683300659418999e-05
2375,చాలాసారి,3,6.683300659418999e-05
2376,చిటికెడు,3,6.683300659418999e-05
2377,చిత్రపటం,3,6.683300659418999e-05
2378,చిన్నతనం,3,6.683300659418999e-05
2379,చిన్నపిల్ల,3,6.683300659418999e-05
2380,చిన్నారి,3,6.683300659418999e-05
2381,చిరంజీవి,3,6.683300659418999e-05
2382,చిల్లి,3,6.683300659418999e-05
2383,చుక్క,3,6.683300659418999e-05
2384,చురుగ్గా,3,6.683300659418999e-05
2385,చెక్,3,6.683300659418999e-05
2386,చెడు,3,6.683300659418999e-05
2387,చెవిటి,3,6.683300659418999e-05
2388,చేకూర్,3,6.683300659418999e-05
2389,చేనేత,3,6.683300659418999e-05
2390,చేర్చు,3,6.683300659418999e-05
2391,చేసుకుంటు,3,6.683300659418999e-05
2392,చేస్తారంటే,3,6.683300659418999e-05
2393,చేస్తూన్నప్పుడు,3,6.683300659418999e-05
2394,చోళుడు,3,6.683300659418999e-05
2395,ఛానల్,3,6.683300659418999e-05
2396,ఛైర్మన్,3,6.683300659418999e-05
2397,జం,3,6.683300659418999e-05
2398,జగత్తు,3,6.683300659418999e-05
2399,జగన్మోహన్రెడ్డి,3,6.683300659418999e-05
2400,జన్మ,3,6.683300659418999e-05
2401,జపాన్,3,6.683300659418999e-05
2402,జప్తు,3,6.683300659418999e-05
2403,జమీందారీ,3,6.683300659418999e-05
2404,జయంతి,3,6.683300659418999e-05
2405,జస్టిస్,3,6.683300659418999e-05
2406,జాన్,3,6.683300659418999e-05
2407,జాయిన్,3,6.683300659418999e-05
2408,జావడేకర్,3,6.683300659418999e-05
2409,జీవించు,3,6.683300659418999e-05
2410,జెండా,3,6.683300659418999e-05
2411,జే,3,6.683300659418999e-05
2412,జైపూర్,3,6.683300659418999e-05
2413,జ్ఞానం,3,6.683300659418999e-05
2414,జ్ఞాపకం,3,6.683300659418999e-05
2415,జ్యోతిష్యం,3,6.683300659418999e-05
2416,టాక్సీ,3,6.683300659418999e-05
2417,టిఆర్ఎస్,3,6.683300659418999e-05
2418,టీం,3,6.683300659418999e-05
2419,టీచరు,3,6.683300659418999e-05
2420,టీచర్,3,6.683300659418999e-05
2421,టెస్టింగ్,3,6.683300659418999e-05
2422,టెస్టు,3,6.683300659418999e-05
2423,టైమ్స్,3,6.683300659418999e-05
2424,ట్రాన్స్,3,6.683300659418999e-05
2425,ట్రావెలింగ్,3,6.683300659418999e-05
2426,డన్లప్,3,6.683300659418999e-05
2427,డయల్,3,6.683300659418999e-05
2428,డిగ్రీలు,3,6.683300659418999e-05
2429,డిపాజిట్,3,6.683300659418999e-05
2430,డిఫరెంట్,3,6.683300659418999e-05
2431,డిస్ట్రిబ్యూషన్,3,6.683300659418999e-05
2432,డీటెయిల్స్,3,6.683300659418999e-05
2433,డైరెక్టరేట్,3,6.683300659418999e-05
2434,డైరెక్ట్,3,6.683300659418999e-05
2435,డ్యాన్స్,3,6.683300659418999e-05
2436,డ్రాప్,3,6.683300659418999e-05
2437,త,3,6.683300659418999e-05
2438,తను,3,6.683300659418999e-05
2439,తప్పనిసరి,3,6.683300659418999e-05
2440,తరవాత,3,6.683300659418999e-05
2441,తలం,3,6.683300659418999e-05
2442,తలసరి,3,6.683300659418999e-05
2443,తాగునీరు,3,6.683300659418999e-05
2444,తాడేపల్లి,3,6.683300659418999e-05
2445,తారీఖు,3,6.683300659418999e-05
2446,తాళం,3,6.683300659418999e-05
2447,తిట్టు,3,6.683300659418999e-05
2448,తిమ్మక్క,3,6.683300659418999e-05
2449,తీపి,3,6.683300659418999e-05
2450,తీరప్రాంతం,3,6.683300659418999e-05
2451,తీరిక,3,6.683300659418999e-05
2452,తీవ్రత,3,6.683300659418999e-05
2453,తీసుకువెళ్లు,3,6.683300659418999e-05
2454,తుఫాన్,3,6.683300659418999e-05
2455,తెలివితేట,3,6.683300659418999e-05
2456,తెలుంగు,3,6.683300659418999e-05
2457,తెలుగుభాష,3,6.683300659418999e-05
2458,తెలుగువారు,3,6.683300659418999e-05
2459,తేదీ,3,6.683300659418999e-05
2460,తేనీరు,3,6.683300659418999e-05
2461,త్రాగ్,3,6.683300659418999e-05
2462,థర్మల్,3,6.683300659418999e-05
2463,దండం,3,6.683300659418999e-05
2464,దక్షిణాయనం,3,6.683300659418999e-05
2465,దగ్గుబాటి,3,6.683300659418999e-05
2466,దట్,3,6.683300659418999e-05
2467,దర్యాప్తు,3,6.683300659418999e-05
2468,దసరా,3,6.683300659418999e-05
2469,దాటు,3,6.683300659418999e-05
2470,దాన్నే,3,6.683300659418999e-05
2471,దిక్కు,3,6.683300659418999e-05
2472,దిగుమతి,3,6.683300659418999e-05
2473,దిద్ద్,3,6.683300659418999e-05
2474,దీంట్లో,3,6.683300659418999e-05
2475,దుకాణం,3,6.683300659418999e-05
2476,దుమ్ము,3,6.683300659418999e-05
2477,దుస్తులు,3,6.683300659418999e-05
2478,దెబ్బ,3,6.683300659418999e-05
2479,దేశభక్తి,3,6.683300659418999e-05
2480,ద్రవరూపం,3,6.683300659418999e-05
2481,ద్వయం,3,6.683300659418999e-05
2482,ధర్మం,3,6.683300659418999e-05
2483,ధ్వని,3,6.683300659418999e-05
2484,నటన,3,6.683300659418999e-05
2485,నటి,3,6.683300659418999e-05
2486,నరేంద్రమోదీ,3,6.683300659418999e-05
2487,నవంబర్,3,6.683300659418999e-05
2488,నవీన్,3,6.683300659418999e-05
2489,నాగబు,3,6.683300659418999e-05
2490,నాగరికత,3,6.683300659418999e-05
2491,నాట్,3,6.683300659418999e-05
2492,నారాయణ్,3,6.683300659418999e-05
2493,నిపుణుడు,3,6.683300659418999e-05
2494,నియంత్రి,3,6.683300659418999e-05
2495,నియమం,3,6.683300659418999e-05
2496,నిరవధిక,3,6.683300659418999e-05
2497,నిర్జన,3,6.683300659418999e-05
2498,నిర్ధారించు,3,6.683300659418999e-05
2499,నిర్మాత,3,6.683300659418999e-05
2500,నిలుపు,3,6.683300659418999e-05
2501,నివసి,3,6.683300659418999e-05
2502,నిషేధం,3,6.683300659418999e-05
2503,నీటిపారుదల,3,6.683300659418999e-05
2504,నీట్గా,3,6.683300659418999e-05
2505,నృత్యరీతి,3,6.683300659418999e-05
2506,నెంబరు,3,6.683300659418999e-05
2507,నెట్,3,6.683300659418999e-05
2508,నెరపు,3,6.683300659418999e-05
2509,నెరవేర్చు,3,6.683300659418999e-05
2510,నేరం,3,6.683300659418999e-05
2511,నొప్పి,3,6.683300659418999e-05
2512,నోటీసు,3,6.683300659418999e-05
2513,న్యాయవాది,3,6.683300659418999e-05
2514,న్యూజిలాండ్,3,6.683300659418999e-05
2515,పంచాంగం,3,6.683300659418999e-05
2516,పంచాయతీరాజ్,3,6.683300659418999e-05
2517,పంచు,3,6.683300659418999e-05
2518,పండ్,3,6.683300659418999e-05
2519,పంతులు,3,6.683300659418999e-05
2520,పక్కన,3,6.683300659418999e-05
2521,పటం,3,6.683300659418999e-05
2522,పట్టిక,3,6.683300659418999e-05
2523,పదహారవ,3,6.683300659418999e-05
2524,పదివేలు,3,6.683300659418999e-05
2525,పద్దతి,3,6.683300659418999e-05
2526,పద్నాలుగు,3,6.683300659418999e-05
2527,పధం,3,6.683300659418999e-05
2528,పనితీరు,3,6.683300659418999e-05
2529,పరం,3,6.683300659418999e-05
2530,పరచు,3,6.683300659418999e-05
2531,పరిగణన,3,6.683300659418999e-05
2532,పరిశోధకుడు,3,6.683300659418999e-05
2533,పరిశ్రమలు,3,6.683300659418999e-05
2534,పరిషత్,3,6.683300659418999e-05
2535,పర్వదినం,3,6.683300659418999e-05
2536,పలుకు,3,6.683300659418999e-05
2537,పల్చ,3,6.683300659418999e-05
2538,పశుపోషణ,3,6.683300659418999e-05
2539,పాక్,3,6.683300659418999e-05
2540,పాతం,3,6.683300659418999e-05
2541,పాదం,3,6.683300659418999e-05
2542,పాప,3,6.683300659418999e-05
2543,పార్కు,3,6.683300659418999e-05
2544,పాలపుంత,3,6.683300659418999e-05
2545,పాస్వర్డ్,3,6.683300659418999e-05
2546,పికప్,3,6.683300659418999e-05
2547,పితామహుడు,3,6.683300659418999e-05
2548,పుట్టించు,3,6.683300659418999e-05
2549,పుణ్యక్షేత్రం,3,6.683300659418999e-05
2550,పులి,3,6.683300659418999e-05
2551,పుష్కలం,3,6.683300659418999e-05
2552,పుష్పం,3,6.683300659418999e-05
2553,పుష్యం,3,6.683300659418999e-05
2554,పూర్వపు,3,6.683300659418999e-05
2555,పెంపొందించు,3,6.683300659418999e-05
2556,పెద్దలు,3,6.683300659418999e-05
2557,పెన్షన్,3,6.683300659418999e-05
2558,పేడ,3,6.683300659418999e-05
2559,పైచిలుకు,3,6.683300659418999e-05
2560,పొంద్,3,6.683300659418999e-05
2561,పోరాడు,3,6.683300659418999e-05
2562,పోలింగ్,3,6.683300659418999e-05
2563,పోలీస్,3,6.683300659418999e-05
2564,పోలు,3,6.683300659418999e-05
2565,పోల్,3,6.683300659418999e-05
2566,పోషణ,3,6.683300659418999e-05
2567,పోస్టర్,3,6.683300659418999e-05
2568,పౌర,3,6.683300659418999e-05
2569,ప్యాకింగ్,3,6.683300659418999e-05
2570,ప్ర,3,6.683300659418999e-05
2571,ప్రకాశవంతం,3,6.683300659418999e-05
2572,ప్రఖ్యాతం,3,6.683300659418999e-05
2573,ప్రచురి,3,6.683300659418999e-05
2574,ప్రతినిధి,3,6.683300659418999e-05
2575,ప్రత్యక్షం,3,6.683300659418999e-05
2576,ప్రథమం,3,6.683300659418999e-05
2577,ప్రదర్శి,3,6.683300659418999e-05
2578,ప్రబోధం,3,6.683300659418999e-05
2579,ప్రసారిణి,3,6.683300659418999e-05
2580,ప్రాతినిధ్యం,3,6.683300659418999e-05
2581,ప్రాబ్లం,3,6.683300659418999e-05
2582,ప్రామిస్,3,6.683300659418999e-05
2583,ప్రార్థన,3,6.683300659418999e-05
2584,ప్రిపేర్,3,6.683300659418999e-05
2585,ప్రేమించు,3,6.683300659418999e-05
2586,ప్రొద్దు,3,6.683300659418999e-05
2587,ఫాన్,3,6.683300659418999e-05
2588,ఫిక్స్,3,6.683300659418999e-05
2589,ఫీజు,3,6.683300659418999e-05
2590,ఫెడల్,3,6.683300659418999e-05
2591,ఫెసిలిటీస్,3,6.683300659418999e-05
2592,ఫైన్,3,6.683300659418999e-05
2593,ఫోను,3,6.683300659418999e-05
2594,ఫ్రూట్స్,3,6.683300659418999e-05
2595,ఫ్రై,3,6.683300659418999e-05
2596,బంగారం,3,6.683300659418999e-05
2597,బంద్,3,6.683300659418999e-05
2598,బడి,3,6.683300659418999e-05
2599,బతుకమ్మ,3,6.683300659418999e-05
2600,బతుకమ్మను,3,6.683300659418999e-05
2601,బహిరంగం,3,6.683300659418999e-05
2602,బా,3,6.683300659418999e-05
2603,బాక్సాఫీస్,3,6.683300659418999e-05
2604,బాధితుడు,3,6.683300659418999e-05
2605,బారి,3,6.683300659418999e-05
2606,బాలసుబ్రహ్మణ్యం,3,6.683300659418999e-05
2607,బాల్యం,3,6.683300659418999e-05
2608,బిజినెస్,3,6.683300659418999e-05
2609,బిరుదు,3,6.683300659418999e-05
2610,బీరువా,3,6.683300659418999e-05
2611,బెటర్,3,6.683300659418999e-05
2612,బెర్లిన్,3,6.683300659418999e-05
2613,బెస్ట్,3,6.683300659418999e-05
2614,బేధం,3,6.683300659418999e-05
2615,బై,3,6.683300659418999e-05
2616,బొత్తాం,3,6.683300659418999e-05
2617,బోట్,3,6.683300659418999e-05
2618,బోస్టన్,3,6.683300659418999e-05
2619,బ్యాలన్స్,3,6.683300659418999e-05
2620,బ్రతుకు,3,6.683300659418999e-05
2621,బ్రాహ్మీ,3,6.683300659418999e-05
2622,భట్టిప్రోలు,3,6.683300659418999e-05
2623,భరతుడు,3,6.683300659418999e-05
2624,భవన్,3,6.683300659418999e-05
2625,భాగస్వామి,3,6.683300659418999e-05
2626,భాగస్వామ్యం,3,6.683300659418999e-05
2627,భానుమతి,3,6.683300659418999e-05
2628,భారతీయుడు,3,6.683300659418999e-05
2629,భారత్,3,6.683300659418999e-05
2630,భావన,3,6.683300659418999e-05
2631,భూగర్భం,3,6.683300659418999e-05
2632,భూగ్రహం,3,6.683300659418999e-05
2633,భేదం,3,6.683300659418999e-05
2634,మంఁతి,3,6.683300659418999e-05
2635,మంగళవారం,3,6.683300659418999e-05
2636,మంచినీరు,3,6.683300659418999e-05
2637,మంజూరు,3,6.683300659418999e-05
2638,మక్కువ,3,6.683300659418999e-05
2639,మగవాళ్ళు,3,6.683300659418999e-05
2640,మద్రాస్,3,6.683300659418999e-05
2641,మనస్సు,3,6.683300659418999e-05
2642,మనీష,3,6.683300659418999e-05
2643,మన్,3,6.683300659418999e-05
2644,మలిదశ,3,6.683300659418999e-05
2645,మసీదు,3,6.683300659418999e-05
2646,మహర్షి,3,6.683300659418999e-05
2647,మహాయానం,3,6.683300659418999e-05
2648,మహాలక్ష్మి,3,6.683300659418999e-05
2649,మాండలికం,3,6.683300659418999e-05
2650,మాత్రము,3,6.683300659418999e-05
2651,మాదిరి,3,6.683300659418999e-05
2652,మార్పిడి,3,6.683300659418999e-05
2653,మిరపకాయ,3,6.683300659418999e-05
2654,మిల్క్,3,6.683300659418999e-05
2655,మిస్,3,6.683300659418999e-05
2656,ముడి,3,6.683300659418999e-05
2657,ముల్క్,3,6.683300659418999e-05
2658,మూడింట,3,6.683300659418999e-05
2659,మృతి,3,6.683300659418999e-05
2660,మెకానిక్,3,6.683300659418999e-05
2661,మెడికల్,3,6.683300659418999e-05
2662,మెప్పు,3,6.683300659418999e-05
2663,మెమరీ,3,6.683300659418999e-05
2664,మెరుగుపరచ్,3,6.683300659418999e-05
2665,మేధావి,3,6.683300659418999e-05
2666,మేలు,3,6.683300659418999e-05
2667,మైండ్,3,6.683300659418999e-05
2668,మైక్రో,3,6.683300659418999e-05
2669,మైసూరు,3,6.683300659418999e-05
2670,మొదలగు,3,6.683300659418999e-05
2671,మొన్న,3,6.683300659418999e-05
2672,మోడెం,3,6.683300659418999e-05
2673,మోతాదు,3,6.683300659418999e-05
2674,మౌంట్,3,6.683300659418999e-05
2675,మ్యూజియం,3,6.683300659418999e-05
2676,యాంటీ,3,6.683300659418999e-05
2677,యాక్టివ్,3,6.683300659418999e-05
2678,యాజమాన్యం,3,6.683300659418999e-05
2679,యాడ్,3,6.683300659418999e-05
2680,యాత్ర,3,6.683300659418999e-05
2681,యాబై,3,6.683300659418999e-05
2682,యాసిడ్,3,6.683300659418999e-05
2683,యుగాది,3,6.683300659418999e-05
2684,యువజన,3,6.683300659418999e-05
2685,యువతరం,3,6.683300659418999e-05
2686,యువరాజు,3,6.683300659418999e-05
2687,యూట్యూబ్,3,6.683300659418999e-05
2688,యూనియన్,3,6.683300659418999e-05
2689,యూనివర్శిటీ,3,6.683300659418999e-05
2690,యూస్,3,6.683300659418999e-05
2691,రంగమ్మ,3,6.683300659418999e-05
2692,రక్తం,3,6.683300659418999e-05
2693,రమేష్,3,6.683300659418999e-05
2694,రాణి,3,6.683300659418999e-05
2695,రామలక్ష్మి,3,6.683300659418999e-05
2696,రామ్మూర్తి,3,6.683300659418999e-05
2697,రాష్ట్రవ్యాప్తంగా,3,6.683300659418999e-05
2698,రిజర్వేషన్,3,6.683300659418999e-05
2699,రీచ్,3,6.683300659418999e-05
2700,రేకు,3,6.683300659418999e-05
2701,రొయ్య,3,6.683300659418999e-05
2702,లడ్డు,3,6.683300659418999e-05
2703,లత,3,6.683300659418999e-05
2704,లబ్ధి,3,6.683300659418999e-05
2705,లాక్డౌన్,3,6.683300659418999e-05
2706,లాగ,3,6.683300659418999e-05
2707,లాగు,3,6.683300659418999e-05
2708,లాస్,3,6.683300659418999e-05
2709,లెటర్,3,6.683300659418999e-05
2710,లెస్స,3,6.683300659418999e-05
2711,లేదో,3,6.683300659418999e-05
2712,లేవ,3,6.683300659418999e-05
2713,లైన్స్,3,6.683300659418999e-05
2714,లైఫ్,3,6.683300659418999e-05
2715,లొకేషన్,3,6.683300659418999e-05
2716,ల్యాండ్,3,6.683300659418999e-05
2717,వంగు,3,6.683300659418999e-05
2718,వద్దు,3,6.683300659418999e-05
2719,వరస,3,6.683300659418999e-05
2720,వరాహమిహిరుడు,3,6.683300659418999e-05
2721,వాగ్దానం,3,6.683300659418999e-05
2722,వార్మింగ్,3,6.683300659418999e-05
2723,వాలీబాల్,3,6.683300659418999e-05
2724,వాళ్ళను,3,6.683300659418999e-05
2725,వాస్తవం,3,6.683300659418999e-05
2726,వికిరణం,3,6.683300659418999e-05
2727,వికేంద్రీకరణం,3,6.683300659418999e-05
2728,విడుదలయిన,3,6.683300659418999e-05
2729,వితంతువు,3,6.683300659418999e-05
2730,విద్యాలయం,3,6.683300659418999e-05
2731,విపరీతం,3,6.683300659418999e-05
2732,విభజన,3,6.683300659418999e-05
2733,విరాట్,3,6.683300659418999e-05
2734,వివరాలన్నీ,3,6.683300659418999e-05
2735,విశాఖ,3,6.683300659418999e-05
2736,విశాల,3,6.683300659418999e-05
2737,వీ,3,6.683300659418999e-05
2738,వీచు,3,6.683300659418999e-05
2739,వీరుడు,3,6.683300659418999e-05
2740,వృత్తం,3,6.683300659418999e-05
2741,వెంకయ్య,3,6.683300659418999e-05
2742,వెంట,3,6.683300659418999e-05
2743,వెంబడి,3,6.683300659418999e-05
2744,వెయిట్,3,6.683300659418999e-05
2745,వెలుపల,3,6.683300659418999e-05
2746,వెళ్ళాను,3,6.683300659418999e-05
2747,వెళ్ళేటప్పుడు,3,6.683300659418999e-05
2748,వేపపువ్వు,3,6.683300659418999e-05
2749,వేపు,3,6.683300659418999e-05
2750,వేర్వేరు,3,6.683300659418999e-05
2751,వేలాది,3,6.683300659418999e-05
2752,వేసారు,3,6.683300659418999e-05
2753,వైపరీత్యం,3,6.683300659418999e-05
2754,వ్యక్తీకరణ,3,6.683300659418999e-05
2755,వ్యవధి,3,6.683300659418999e-05
2756,వ్యాయామం,3,6.683300659418999e-05
2757,శంకర్,3,6.683300659418999e-05
2758,శనివారం,3,6.683300659418999e-05
2759,శరత్,3,6.683300659418999e-05
2760,శాంతియుతం,3,6.683300659418999e-05
2761,శిఖరం,3,6.683300659418999e-05
2762,శిబిరం,3,6.683300659418999e-05
2763,శిల్పం,3,6.683300659418999e-05
2764,శివారు,3,6.683300659418999e-05
2765,శుద్ధం,3,6.683300659418999e-05
2766,శుభాకాంక్ష,3,6.683300659418999e-05
2767,శ్రీకాళహస్తి,3,6.683300659418999e-05
2768,శ్రీనివాస్,3,6.683300659418999e-05
2769,షటిల్,3,6.683300659418999e-05
2770,సంతృప్తి,3,6.683300659418999e-05
2771,సందర్శకుడు,3,6.683300659418999e-05
2772,సందేహం,3,6.683300659418999e-05
2773,సంపద,3,6.683300659418999e-05
2774,సంప్రదించు,3,6.683300659418999e-05
2775,సంస్కరణ,3,6.683300659418999e-05
2776,సత్యభామ,3,6.683300659418999e-05
2777,సత్యవతి,3,6.683300659418999e-05
2778,సపరేట్,3,6.683300659418999e-05
2779,సబ్,3,6.683300659418999e-05
2780,సభ్యురాలిగా,3,6.683300659418999e-05
2781,సమన్వయం,3,6.683300659418999e-05
2782,సమాఖ్య,3,6.683300659418999e-05
2783,సమావేశాలు,3,6.683300659418999e-05
2784,సముదాయం,3,6.683300659418999e-05
2785,సరి,3,6.683300659418999e-05
2786,సరిగ,3,6.683300659418999e-05
2787,సర్కారు,3,6.683300659418999e-05
2788,సర్వసత్తాక,3,6.683300659418999e-05
2789,సహి,3,6.683300659418999e-05
2790,సాగర్,3,6.683300659418999e-05
2791,సాఫ్టువేర్,3,6.683300659418999e-05
2792,సామంతుడు,3,6.683300659418999e-05
2793,సాయి,3,6.683300659418999e-05
2794,సారూప్యం,3,6.683300659418999e-05
2795,సాహసం,3,6.683300659418999e-05
2796,సింగ్,3,6.683300659418999e-05
2797,సిటీ,3,6.683300659418999e-05
2798,సిద్దిపేట,3,6.683300659418999e-05
2799,సిద్ధాంతం,3,6.683300659418999e-05
2800,సిల్వర్,3,6.683300659418999e-05
2801,సీ,3,6.683300659418999e-05
2802,సీతారామశాస్త్రి,3,6.683300659418999e-05
2803,సీపీఐ,3,6.683300659418999e-05
2804,సుకుమార్,3,6.683300659418999e-05
2805,సుస్థిరం,3,6.683300659418999e-05
2806,సూక్తి,3,6.683300659418999e-05
2807,సెప్టెంబర్,3,6.683300659418999e-05
2808,సేకరి,3,6.683300659418999e-05
2809,సైజు,3,6.683300659418999e-05
2810,సైన్యం,3,6.683300659418999e-05
2811,స్కిమ్డ్,3,6.683300659418999e-05
2812,స్కూలు,3,6.683300659418999e-05
2813,స్టెప్,3,6.683300659418999e-05
2814,స్టేట్,3,6.683300659418999e-05
2815,స్టోరేజ్,3,6.683300659418999e-05
2816,స్థిరం,3,6.683300659418999e-05
2817,స్థూలకాయం,3,6.683300659418999e-05
2818,స్నేహం,3,6.683300659418999e-05
2819,స్పీడ్,3,6.683300659418999e-05
2820,స్పెషల్,3,6.683300659418999e-05
2821,స్వాగతం,3,6.683300659418999e-05
2822,స్వాధీనం,3,6.683300659418999e-05
2823,స్విగ్గీ,3,6.683300659418999e-05
2824,హరి,3,6.683300659418999e-05
2825,హల్వా,3,6.683300659418999e-05
2826,హస్తకళ,3,6.683300659418999e-05
2827,హాఫ్,3,6.683300659418999e-05
2828,హాబీ,3,6.683300659418999e-05
2829,హాయ్,3,6.683300659418999e-05
2830,హార్డ్వేర్,3,6.683300659418999e-05
2831,హాస్టల్,3,6.683300659418999e-05
2832,హిస్టరీ,3,6.683300659418999e-05
2833,హీలియం,3,6.683300659418999e-05
2834,హుషారు,3,6.683300659418999e-05
2835,హుస్సేన్,3,6.683300659418999e-05
2836,హెల్ప్,3,6.683300659418999e-05
2837,హైడ్రోజన్,3,6.683300659418999e-05
2838,హ్యాపీగా,3,6.683300659418999e-05
2839,అంకితం,2,4.455533772945999e-05
2840,అంగ,2,4.455533772945999e-05
2841,అంగం,2,4.455533772945999e-05
2842,అంగారకుడు,2,4.455533772945999e-05
2843,అంటు,2,4.455533772945999e-05
2844,అంతకుముందు,2,4.455533772945999e-05
2845,అంతర్యానం,2,4.455533772945999e-05
2846,అంతేకాదు,2,4.455533772945999e-05
2847,అంతేగాక,2,4.455533772945999e-05
2848,అందమైన,2,4.455533772945999e-05
2849,అందుకున్న,2,4.455533772945999e-05
2850,అందుకున్నాడు,2,4.455533772945999e-05
2851,అందువలన,2,4.455533772945999e-05
2852,అక్షం,2,4.455533772945999e-05
2853,అక్షయ,2,4.455533772945999e-05
2854,అక్షరమాల,2,4.455533772945999e-05
2855,అగ్నిపర్వతం,2,4.455533772945999e-05
2856,అగ్రం,2,4.455533772945999e-05
2857,అచ్చం,2,4.455533772945999e-05
2858,అజమాయిషీ,2,4.455533772945999e-05
2859,అడుగుపెట్టు,2,4.455533772945999e-05
2860,అడ్మిషన్,2,4.455533772945999e-05
2861,అతినీలలోహితం,2,4.455533772945999e-05
2862,అత్యల్పం,2,4.455533772945999e-05
2863,అదిలాబాద్,2,4.455533772945999e-05
2864,అదేంటంటే,2,4.455533772945999e-05
2865,అదేనండి,2,4.455533772945999e-05
2866,అధ్యక్ష,2,4.455533772945999e-05
2867,అధ్యక్షురాలిగా,2,4.455533772945999e-05
2868,అనంతపురం,2,4.455533772945999e-05
2869,అనంతపూర్,2,4.455533772945999e-05
2870,అనర్హ,2,4.455533772945999e-05
2871,అనాది,2,4.455533772945999e-05
2872,అనుకుంటున్నాడు,2,4.455533772945999e-05
2873,అనుకుంటున్నారు,2,4.455533772945999e-05
2874,అనుకుందాం,2,4.455533772945999e-05
2875,అనుకున్న,2,4.455533772945999e-05
2876,అనుకున్నది,2,4.455533772945999e-05
2877,అనుకున్నా,2,4.455533772945999e-05
2878,అనుకున్నాను,2,4.455533772945999e-05
2879,అనుకూలత,2,4.455533772945999e-05
2880,అనుకొని,2,4.455533772945999e-05
2881,అనుకోకుండా,2,4.455533772945999e-05
2882,అనుకోవచ్చు,2,4.455533772945999e-05
2883,అనునది,2,4.455533772945999e-05
2884,అనుబంధం,2,4.455533772945999e-05
2885,అనుభూతి,2,4.455533772945999e-05
2886,అనువదించు,2,4.455533772945999e-05
2887,అనేకమైన,2,4.455533772945999e-05
2888,అన్,2,4.455533772945999e-05
2889,అన్నమాచార్యుడు,2,4.455533772945999e-05
2890,అపోహ,2,4.455533772945999e-05
2891,అప్డేట్,2,4.455533772945999e-05
2892,అప్పం,2,4.455533772945999e-05
2893,అఫ్,2,4.455533772945999e-05
2894,అభయారణ్యం,2,4.455533772945999e-05
2895,అమరసింహుడు,2,4.455533772945999e-05
2896,అమరుడు,2,4.455533772945999e-05
2897,అమావాస్య,2,4.455533772945999e-05
2898,అమూల్,2,4.455533772945999e-05
2899,అమోదముద్ర,2,4.455533772945999e-05
2900,అమ్మమ్మ,2,4.455533772945999e-05
2901,అమ్మవారు,2,4.455533772945999e-05
2902,అయేయి,2,4.455533772945999e-05
2903,అరంగనాథర్,2,4.455533772945999e-05
2904,అరగంట,2,4.455533772945999e-05
2905,అరటి,2,4.455533772945999e-05
2906,అరటిపండు,2,4.455533772945999e-05
2907,అరవింద్,2,4.455533772945999e-05
2908,అరిసె,2,4.455533772945999e-05
2909,అరిస్టాటిల్,2,4.455533772945999e-05
2910,అరుణాచలం,2,4.455533772945999e-05
2911,అరుణాచల్ప్రదేశ్,2,4.455533772945999e-05
2912,అర్బన్,2,4.455533772945999e-05
2913,అలహాబాదు,2,4.455533772945999e-05
2914,అలాంటియి,2,4.455533772945999e-05
2915,అలీ,2,4.455533772945999e-05
2916,అల్లుడు,2,4.455533772945999e-05
2917,అవపాతం,2,4.455533772945999e-05
2918,అవశేషం,2,4.455533772945999e-05
2919,అవ్వలేదు,2,4.455533772945999e-05
2920,అశోకుడు,2,4.455533772945999e-05
2921,అసహనం,2,4.455533772945999e-05
2922,అస్సలు,2,4.455533772945999e-05
2923,అహం,2,4.455533772945999e-05
2924,ఆకుకూర,2,4.455533772945999e-05
2925,ఆకుపచ్చ,2,4.455533772945999e-05
2926,ఆగడం,2,4.455533772945999e-05
2927,ఆగష్టు,2,4.455533772945999e-05
2928,ఆగ్రహం,2,4.455533772945999e-05
2929,ఆటగాడు,2,4.455533772945999e-05
2930,ఆటోమాటిక్,2,4.455533772945999e-05
2931,ఆటోమొబైల్,2,4.455533772945999e-05
2932,ఆడుతు,2,4.455533772945999e-05
2933,ఆత్మవిశ్వాసం,2,4.455533772945999e-05
2934,ఆదిత్య,2,4.455533772945999e-05
2935,ఆదిమ,2,4.455533772945999e-05
2936,ఆదివారం,2,4.455533772945999e-05
2937,ఆధిక్యం,2,4.455533772945999e-05
2938,ఆధునికత,2,4.455533772945999e-05
2939,ఆనంద్,2,4.455533772945999e-05
2940,ఆనియన్స్,2,4.455533772945999e-05
2941,ఆఫర్స్,2,4.455533772945999e-05
2942,ఆఫీసర్,2,4.455533772945999e-05
2943,ఆముక్తమాల్యద,2,4.455533772945999e-05
2944,ఆమ్నిబస్,2,4.455533772945999e-05
2945,ఆయుష్మాన్,2,4.455533772945999e-05
2946,ఆరోగ్యకరం,2,4.455533772945999e-05
2947,ఆరోగ్యశాఖ,2,4.455533772945999e-05
2948,ఆర్కిటిక్,2,4.455533772945999e-05
2949,ఆర్గానిక్,2,4.455533772945999e-05
2950,ఆర్గిక,2,4.455533772945999e-05
2951,ఆర్టీసీ,2,4.455533772945999e-05
2952,ఆర్మీ,2,4.455533772945999e-05
2953,ఆలీఖాన్,2,4.455533772945999e-05
2954,ఆలోచి,2,4.455533772945999e-05
2955,ఆల్మోస్ట్,2,4.455533772945999e-05
2956,ఆల్రెడీ,2,4.455533772945999e-05
2957,ఆశీర్వాదం,2,4.455533772945999e-05
2958,ఆస్తి,2,4.455533772945999e-05
2959,ఆస్పత్రి,2,4.455533772945999e-05
2960,ఆహ,2,4.455533772945999e-05
2961,ఇంకేం,2,4.455533772945999e-05
2962,ఇంకేదైనా,2,4.455533772945999e-05
2963,ఇంకేమన్నా,2,4.455533772945999e-05
2964,ఇంక్,2,4.455533772945999e-05
2965,ఇంగ్లాండ్,2,4.455533772945999e-05
2966,ఇంజెక్షన్,2,4.455533772945999e-05
2967,ఇంటర్,2,4.455533772945999e-05
2968,ఇంటర్నేషనల్,2,4.455533772945999e-05
2969,ఇంట్రస్ట్,2,4.455533772945999e-05
2970,ఇంతకుముందు,2,4.455533772945999e-05
2971,ఇంధనం,2,4.455533772945999e-05
2972,ఇటాలియన్,2,4.455533772945999e-05
2973,ఇటు,2,4.455533772945999e-05
2974,ఇటువంటివన్నీ,2,4.455533772945999e-05
2975,ఇట్లాంటి,2,4.455533772945999e-05
2976,ఇతిహాసం,2,4.455533772945999e-05
2977,ఇదిగోండి,2,4.455533772945999e-05
2978,ఇనుప,2,4.455533772945999e-05
2979,ఇనుపరేకు,2,4.455533772945999e-05
2980,ఇన్పుట్,2,4.455533772945999e-05
2981,ఇన్ఫార్మ్,2,4.455533772945999e-05
2982,ఇన్ఫెక్షన్,2,4.455533772945999e-05
2983,ఇన్సూరెన్స్,2,4.455533772945999e-05
2984,ఇప్పించు,2,4.455533772945999e-05
2985,ఇప్పుడైతే,2,4.455533772945999e-05
2986,ఇబ్బందికరం,2,4.455533772945999e-05
2987,ఇమ్యూనిటీ,2,4.455533772945999e-05
2988,ఇలాగా,2,4.455533772945999e-05
2989,ఇసుక,2,4.455533772945999e-05
2990,ఈఉదయం,2,4.455533772945999e-05
2991,ఈట,2,4.455533772945999e-05
2992,ఈమేరకు,2,4.455533772945999e-05
2993,ఈవెనింగ్,2,4.455533772945999e-05
2994,ఈస్ట్,2,4.455533772945999e-05
2995,ఉ,2,4.455533772945999e-05
2996,ఉంటది,2,4.455533772945999e-05
2997,ఉంటయి,2,4.455533772945999e-05
2998,ఉండకూడదని,2,4.455533772945999e-05
2999,ఉండవచ్చును,2,4.455533772945999e-05
3000,ఉండాల్సిన,2,4.455533772945999e-05
3001,ఉండేదట,2,4.455533772945999e-05
3002,ఉండేలాగా,2,4.455533772945999e-05
3003,ఉగం,2,4.455533772945999e-05
3004,ఉగ్రవాది,2,4.455533772945999e-05
3005,ఉత్పత్తిదారు,2,4.455533772945999e-05
3006,ఉన్నవాడు,2,4.455533772945999e-05
3007,ఉపయోగకరం,2,4.455533772945999e-05
3008,ఉపరి,2,4.455533772945999e-05
3009,ఉపశమనం,2,4.455533772945999e-05
3010,ఉపసంహరి,2,4.455533772945999e-05
3011,ఉపాది,2,4.455533772945999e-05
3012,ఉపాధ్యక్షుడు,2,4.455533772945999e-05
3013,ఉరుము,2,4.455533772945999e-05
3014,ఉల్లిగడ్డ,2,4.455533772945999e-05
3015,ఉస్మానియా,2,4.455533772945999e-05
3016,ఊటు,2,4.455533772945999e-05
3017,ఊళ్ళో,2,4.455533772945999e-05
3018,ఊహ,2,4.455533772945999e-05
3019,ఋణం,2,4.455533772945999e-05
3020,ఋతుపవనం,2,4.455533772945999e-05
3021,ఎంఎల్,2,4.455533772945999e-05
3022,ఎంకరేజ్,2,4.455533772945999e-05
3023,ఎండాకాలం,2,4.455533772945999e-05
3024,ఎండు,2,4.455533772945999e-05
3025,ఎండ్,2,4.455533772945999e-05
3026,ఎంతగా,2,4.455533772945999e-05
3027,ఎంతవరకు,2,4.455533772945999e-05
3028,ఎంపీ,2,4.455533772945999e-05
3029,ఎంపీగా,2,4.455533772945999e-05
3030,ఎకరం,2,4.455533772945999e-05
3031,ఎకరా,2,4.455533772945999e-05
3032,ఎక్కడో,2,4.455533772945999e-05
3033,ఎక్కువుగా,2,4.455533772945999e-05
3034,ఎక్స్ట్రా,2,4.455533772945999e-05
3035,ఎక్స్పీరియన్స్,2,4.455533772945999e-05
3036,ఎక్స్ప్లోజన్,2,4.455533772945999e-05
3037,ఎగురు,2,4.455533772945999e-05
3038,ఎగువ,2,4.455533772945999e-05
3039,ఎగ్జాంపుల్,2,4.455533772945999e-05
3040,ఎగ్జిబిషన్,2,4.455533772945999e-05
3041,ఎటు,2,4.455533772945999e-05
3042,ఎట్,2,4.455533772945999e-05
3043,ఎడారి,2,4.455533772945999e-05
3044,ఎడిషన్,2,4.455533772945999e-05
3045,ఎత్త్,2,4.455533772945999e-05
3046,ఎదుట,2,4.455533772945999e-05
3047,ఎదుర్కొంది,2,4.455533772945999e-05
3048,ఎదుర్కొన్నాడు,2,4.455533772945999e-05
3049,ఎన్ఎస్పిపై,2,4.455533772945999e-05
3050,ఎన్పీఎస్,2,4.455533772945999e-05
3051,ఎఫ్,2,4.455533772945999e-05
3052,ఎమ్,2,4.455533772945999e-05
3053,ఎయిటీన్,2,4.455533772945999e-05
3054,ఎయిత్,2,4.455533772945999e-05
3055,ఎయ్యి,2,4.455533772945999e-05
3056,ఎరుపు,2,4.455533772945999e-05
3057,ఎర్త్,2,4.455533772945999e-05
3058,ఎర్రన,2,4.455533772945999e-05
3059,ఎర్ల్,2,4.455533772945999e-05
3060,ఎలక్ట్రానిక్స్,2,4.455533772945999e-05
3061,ఎలాగైనా,2,4.455533772945999e-05
3062,ఎలాగో,2,4.455533772945999e-05
3063,ఎల్లుండి,2,4.455533772945999e-05
3064,ఎవరికైనా,2,4.455533772945999e-05
3065,ఎవరైతే,2,4.455533772945999e-05
3066,ఎస్ఎస్సి,2,4.455533772945999e-05
3067,ఎస్టిమేషన్,2,4.455533772945999e-05
3068,ఏంటండి,2,4.455533772945999e-05
3069,ఏంటిది,2,4.455533772945999e-05
3070,ఏందంటే,2,4.455533772945999e-05
3071,ఏజెన్సీ,2,4.455533772945999e-05
3072,ఏడ,2,4.455533772945999e-05
3073,ఏదన్న,2,4.455533772945999e-05
3074,ఏదన్నా,2,4.455533772945999e-05
3075,ఏపిల్,2,4.455533772945999e-05
3076,ఏమంటారు,2,4.455533772945999e-05
3077,ఏమనగా,2,4.455533772945999e-05
3078,ఏమవుతుందంటే,2,4.455533772945999e-05
3079,ఏరువాక,2,4.455533772945999e-05
3080,ఏళ్ళకు,2,4.455533772945999e-05
3081,ఏస్ట్రొనామికల్,2,4.455533772945999e-05
3082,ఐటమ్,2,4.455533772945999e-05
3083,ఐడీ,2,4.455533772945999e-05
3084,ఐతరేయం,2,4.455533772945999e-05
3085,ఐదారు,2,4.455533772945999e-05
3086,ఐస్,2,4.455533772945999e-05
3087,ఒంగోలు,2,4.455533772945999e-05
3088,ఒంటరితనం,2,4.455533772945999e-05
3089,ఒకచోట,2,4.455533772945999e-05
3090,ఒకదానికొకటి,2,4.455533772945999e-05
3091,ఒకరికొకరు,2,4.455533772945999e-05
3092,ఒకేసారి,2,4.455533772945999e-05
3093,ఒక్కరోజు,2,4.455533772945999e-05
3094,ఒక్కొక్కరు,2,4.455533772945999e-05
3095,ఒడియా,2,4.455533772945999e-05
3096,ఒడియు,2,4.455533772945999e-05
3097,ఒడ్డు,2,4.455533772945999e-05
3098,ఒరియా,2,4.455533772945999e-05
3099,ఒలింపిక్,2,4.455533772945999e-05
3100,ఓటింగ్,2,4.455533772945999e-05
3101,ఓడించు,2,4.455533772945999e-05
3102,ఓపిక,2,4.455533772945999e-05
3103,ఓసారి,2,4.455533772945999e-05
3104,ఔట్పుట్,2,4.455533772945999e-05
3105,ఔషధం,2,4.455533772945999e-05
3106,కంట్రోలర్,2,4.455533772945999e-05
3107,కండిషన్,2,4.455533772945999e-05
3108,కంపేర్,2,4.455533772945999e-05
3109,కంప్యుటేషన్,2,4.455533772945999e-05
3110,కంఫర్ట్,2,4.455533772945999e-05
3111,కట్ట,2,4.455533772945999e-05
3112,కట్టడి,2,4.455533772945999e-05
3113,కట్టమంచి,2,4.455533772945999e-05
3114,కడ్డీలపై,2,4.455533772945999e-05
3115,కత్తిరించు,2,4.455533772945999e-05
3116,కద,2,4.455533772945999e-05
3117,కనపడు,2,4.455533772945999e-05
3118,కనిపి,2,4.455533772945999e-05
3119,కనుగొ,2,4.455533772945999e-05
3120,కన్నబాబు,2,4.455533772945999e-05
3121,కమ్మి,2,4.455533772945999e-05
3122,కమ్యూనికేషన్,2,4.455533772945999e-05
3123,కర్తవ్యం,2,4.455533772945999e-05
3124,కర్మ,2,4.455533772945999e-05
3125,కలగజేస్తాయి,2,4.455533772945999e-05
3126,కలర్స్,2,4.455533772945999e-05
3127,కలవాడు,2,4.455533772945999e-05
3128,కలిసికట్టు,2,4.455533772945999e-05
3129,కలిసిమెలిసి,2,4.455533772945999e-05
3130,కలు,2,4.455533772945999e-05
3131,కలుగకుండా,2,4.455533772945999e-05
3132,కలెక్లర్,2,4.455533772945999e-05
3133,కలెక్షర్,2,4.455533772945999e-05
3134,కల్యాణం,2,4.455533772945999e-05
3135,కల్లు,2,4.455533772945999e-05
3136,కళారూపం,2,4.455533772945999e-05
3137,కవర్స్,2,4.455533772945999e-05
3138,కాంక్ష,2,4.455533772945999e-05
3139,కాంగ్రెసు,2,4.455533772945999e-05
3140,కాకపొతే,2,4.455533772945999e-05
3141,కాచు,2,4.455533772945999e-05
3142,కాపు,2,4.455533772945999e-05
3143,కాఫీ,2,4.455533772945999e-05
3144,కాబోయే,2,4.455533772945999e-05
3145,కామన్వెల్త్,2,4.455533772945999e-05
3146,కామ్,2,4.455533772945999e-05
3147,కాయ,2,4.455533772945999e-05
3148,కాయం,2,4.455533772945999e-05
3149,కారకం,2,4.455533772945999e-05
3150,కార్తికేయన్,2,4.455533772945999e-05
3151,కార్తీకం,2,4.455533772945999e-05
3152,కార్పొరేషన్,2,4.455533772945999e-05
3153,కాలేజి,2,4.455533772945999e-05
3154,కాలేజీలు,2,4.455533772945999e-05
3155,కాలేజ్,2,4.455533772945999e-05
3156,కావలసి,2,4.455533772945999e-05
3157,కావాలమ్మా,2,4.455533772945999e-05
3158,కావాల్సినటువంటి,2,4.455533772945999e-05
3159,కాస్త,2,4.455533772945999e-05
3160,కిందట,2,4.455533772945999e-05
3161,కిసాన్,2,4.455533772945999e-05
3162,కీట్స్,2,4.455533772945999e-05
3163,కుంభకోణం,2,4.455533772945999e-05
3164,కుక్క,2,4.455533772945999e-05
3165,కుక్కర్,2,4.455533772945999e-05
3166,కుటీరం,2,4.455533772945999e-05
3167,కుదుపు,2,4.455533772945999e-05
3168,కులీ,2,4.455533772945999e-05
3169,కూడదు,2,4.455533772945999e-05
3170,కూతురు,2,4.455533772945999e-05
3171,కూలి,2,4.455533772945999e-05
3172,కూలింగ్,2,4.455533772945999e-05
3173,కృష్ణార్జునులవలె,2,4.455533772945999e-05
3174,కెనడా,2,4.455533772945999e-05
3175,కెన్,2,4.455533772945999e-05
3176,కేంద్రప్రభుత్వం,2,4.455533772945999e-05
3177,కేంద్రాలున్నాయి,2,4.455533772945999e-05
3178,కేకు,2,4.455533772945999e-05
3179,కేష్,2,4.455533772945999e-05
3180,కొండపల్లి,2,4.455533772945999e-05
3181,కొంతకాలం,2,4.455533772945999e-05
3182,కొత్తిమీర,2,4.455533772945999e-05
3183,కొద్దో,2,4.455533772945999e-05
3184,కొయ్యి,2,4.455533772945999e-05
3185,కొరత,2,4.455533772945999e-05
3186,కోటేశ్వరరావు,2,4.455533772945999e-05
3187,కోడలు,2,4.455533772945999e-05
3188,కోత,2,4.455533772945999e-05
3189,కోదండరాం,2,4.455533772945999e-05
3190,కోనసీమ,2,4.455533772945999e-05
3191,కోపర్నికస్,2,4.455533772945999e-05
3192,కోమలాంగం,2,4.455533772945999e-05
3193,కోరస్,2,4.455533772945999e-05
3194,కోరాడు,2,4.455533772945999e-05
3195,కోర్ట్,2,4.455533772945999e-05
3196,కోల్కతా,2,4.455533772945999e-05
3197,కోవ,2,4.455533772945999e-05
3198,కోస్తా,2,4.455533772945999e-05
3199,క్యాబినెట్,2,4.455533772945999e-05
3200,క్యాబ్,2,4.455533772945999e-05
3201,క్యూటివి,2,4.455533772945999e-05
3202,క్రమణిక,2,4.455533772945999e-05
3203,క్రమపద్ధతి,2,4.455533772945999e-05
3204,క్రమశిక్షణ,2,4.455533772945999e-05
3205,క్రమేణా,2,4.455533772945999e-05
3206,క్రమేపీ,2,4.455533772945999e-05
3207,క్రాఫ్ట్స్,2,4.455533772945999e-05
3208,క్రాస్,2,4.455533772945999e-05
3209,క్రియ,2,4.455533772945999e-05
3210,క్లబ్,2,4.455533772945999e-05
3211,క్లారిటీ,2,4.455533772945999e-05
3212,క్లినిక్,2,4.455533772945999e-05
3213,క్లియర్,2,4.455533772945999e-05
3214,క్లిష్టం,2,4.455533772945999e-05
3215,క్లైంట్,2,4.455533772945999e-05
3216,క్షమించు,2,4.455533772945999e-05
3217,క్షీరం,2,4.455533772945999e-05
3218,క్షీరదం,2,4.455533772945999e-05
3219,క్షీరోదక,2,4.455533772945999e-05
3220,క్షుణ్ణంగా,2,4.455533772945999e-05
3221,ఖరారు,2,4.455533772945999e-05
3222,ఖరీదైన,2,4.455533772945999e-05
3223,ఖరీఫ్,2,4.455533772945999e-05
3224,ఖాన్,2,4.455533772945999e-05
3225,ఖాళీగా,2,4.455533772945999e-05
3226,ఖైది,2,4.455533772945999e-05
3227,ఖోఖో,2,4.455533772945999e-05
3228,గంగవరం,2,4.455533772945999e-05
3229,గంగిరెద్దు,2,4.455533772945999e-05
3230,గంప,2,4.455533772945999e-05
3231,గడ్,2,4.455533772945999e-05
3232,గణపతి,2,4.455533772945999e-05
3233,గణితం,2,4.455533772945999e-05
3234,గణేష్,2,4.455533772945999e-05
3235,గనుక,2,4.455533772945999e-05
3236,గభీమను,2,4.455533772945999e-05
3237,గర్వించదగ్గ,2,4.455533772945999e-05
3238,గవర్సర్,2,4.455533772945999e-05
3239,గాంధీజీ,2,4.455533772945999e-05
3240,గాడి,2,4.455533772945999e-05
3241,గానుగ,2,4.455533772945999e-05
3242,గాయం,2,4.455533772945999e-05
3243,గాయకుడు,2,4.455533772945999e-05
3244,గార్డెన్స్,2,4.455533772945999e-05
3245,గార్డ్,2,4.455533772945999e-05
3246,గిట్ల,2,4.455533772945999e-05
3247,గిడుగు,2,4.455533772945999e-05
3248,గిరి,2,4.455533772945999e-05
3249,గీతం,2,4.455533772945999e-05
3250,గుండ్రం,2,4.455533772945999e-05
3251,గుంపు,2,4.455533772945999e-05
3252,గుడివాడ,2,4.455533772945999e-05
3253,గుణం,2,4.455533772945999e-05
3254,గురుడు,2,4.455533772945999e-05
3255,గురుద్వారా,2,4.455533772945999e-05
3256,గుల్జారీలాల్,2,4.455533772945999e-05
3257,గుళికరించి,2,4.455533772945999e-05
3258,గూగుల్,2,4.455533772945999e-05
3259,గూర్చి,2,4.455533772945999e-05
3260,గెలుపు,2,4.455533772945999e-05
3261,గేదెపాలు,2,4.455533772945999e-05
3262,గేమ్,2,4.455533772945999e-05
3263,గైడ్,2,4.455533772945999e-05
3264,గొట్టం,2,4.455533772945999e-05
3265,గొడవపడి,2,4.455533772945999e-05
3266,గొప్పతనం,2,4.455533772945999e-05
3267,గొప్పో,2,4.455533772945999e-05
3268,గోండి,2,4.455533772945999e-05
3269,గోపురం,2,4.455533772945999e-05
3270,గోల్డ్,2,4.455533772945999e-05
3271,గోళం,2,4.455533772945999e-05
3272,గౌరన,2,4.455533772945999e-05
3273,గ్రహణం,2,4.455533772945999e-05
3274,గ్రానైట్,2,4.455533772945999e-05
3275,గ్రాహంబెల్,2,4.455533772945999e-05
3276,గ్లాసు,2,4.455533772945999e-05
3277,గ్లాసెడు,2,4.455533772945999e-05
3278,ఘటన,2,4.455533772945999e-05
3279,ఘట్టమనేని,2,4.455533772945999e-05
3280,ఘనం,2,4.455533772945999e-05
3281,ఘనత,2,4.455533772945999e-05
3282,చంద్రశేఖరుడు,2,4.455533772945999e-05
3283,చట్రం,2,4.455533772945999e-05
3284,చమురు,2,4.455533772945999e-05
3285,చర్మం,2,4.455533772945999e-05
3286,చర్మవ్యాధి,2,4.455533772945999e-05
3287,చాకు,2,4.455533772945999e-05
3288,చామంతి,2,4.455533772945999e-05
3289,చారుశీల,2,4.455533772945999e-05
3290,చార్జింగ్,2,4.455533772945999e-05
3291,చార్జెస్,2,4.455533772945999e-05
3292,చావు,2,4.455533772945999e-05
3293,చిన్నదైనా,2,4.455533772945999e-05
3294,చిరుత,2,4.455533772945999e-05
3295,చివరకు,2,4.455533772945999e-05
3296,చిహ్నం,2,4.455533772945999e-05
3297,చీఫ్,2,4.455533772945999e-05
3298,చీలిక,2,4.455533772945999e-05
3299,చుట్టం,2,4.455533772945999e-05
3300,చురుకు,2,4.455533772945999e-05
3301,చూపి,2,4.455533772945999e-05
3302,చూసినట్లయితే,2,4.455533772945999e-05
3303,చెక్కు,2,4.455533772945999e-05
3304,చెన్నారెడ్డి,2,4.455533772945999e-05
3305,చెయ్యగలరా,2,4.455533772945999e-05
3306,చెరకు,2,4.455533772945999e-05
3307,చెల్లించాల్సిన,2,4.455533772945999e-05
3308,చెల్లు,2,4.455533772945999e-05
3309,చే,2,4.455533772945999e-05
3310,చేయబడ్,2,4.455533772945999e-05
3311,చేసుకు,2,4.455533772945999e-05
3312,చేస్తు,2,4.455533772945999e-05
3313,చైనీస్,2,4.455533772945999e-05
3314,చైర్మన్,2,4.455533772945999e-05
3315,చొరవ,2,4.455533772945999e-05
3316,చోడి,2,4.455533772945999e-05
3317,ఛార్జ్,2,4.455533772945999e-05
3318,ఛార్టర్,2,4.455533772945999e-05
3319,జంట,2,4.455533772945999e-05
3320,జంతుజాలం,2,4.455533772945999e-05
3321,జక్కన,2,4.455533772945999e-05
3322,జగన్మోహన,2,4.455533772945999e-05
3323,జగపతిబాబు,2,4.455533772945999e-05
3324,జనరేషన్,2,4.455533772945999e-05
3325,జనసాంద్రత,2,4.455533772945999e-05
3326,జనసేన,2,4.455533772945999e-05
3327,జనావాసం,2,4.455533772945999e-05
3328,జన్మదినం,2,4.455533772945999e-05
3329,జన్మనిచ్చారు,2,4.455533772945999e-05
3330,జమ,2,4.455533772945999e-05
3331,జయప్రకాష్,2,4.455533772945999e-05
3332,జరిపించు,2,4.455533772945999e-05
3333,జరిమానా,2,4.455533772945999e-05
3334,జలవిద్యుత్,2,4.455533772945999e-05
3335,జలుబు,2,4.455533772945999e-05
3336,జవహర్లాల్,2,4.455533772945999e-05
3337,జాగు,2,4.455533772945999e-05
3338,జానపద,2,4.455533772945999e-05
3339,జియో,2,4.455533772945999e-05
3340,జీన్,2,4.455533772945999e-05
3341,జీబి,2,4.455533772945999e-05
3342,జీవన్,2,4.455533772945999e-05
3343,జుట్టు,2,4.455533772945999e-05
3344,జెడ్,2,4.455533772945999e-05
3345,జెర్సీ,2,4.455533772945999e-05
3346,జైలు,2,4.455533772945999e-05
3347,జొన్న,2,4.455533772945999e-05
3348,జోగేంద్రకు,2,4.455533772945999e-05
3349,జోన్,2,4.455533772945999e-05
3350,జ్యూస్,2,4.455533772945999e-05
3351,టంగుటూరి,2,4.455533772945999e-05
3352,టయం,2,4.455533772945999e-05
3353,టవర్,2,4.455533772945999e-05
3354,టాటా,2,4.455533772945999e-05
3355,టాలీవుడ్,2,4.455533772945999e-05
3356,టికెట్స్,2,4.455533772945999e-05
3357,టిక్కెట్,2,4.455533772945999e-05
3358,టీవీల్లో,2,4.455533772945999e-05
3359,టూకీగా,2,4.455533772945999e-05
3360,టెండర్,2,4.455533772945999e-05
3361,టెంపుల్,2,4.455533772945999e-05
3362,టెక్టోనిక్స్,2,4.455533772945999e-05
3363,టెన్త్,2,4.455533772945999e-05
3364,టెన్నిస్,2,4.455533772945999e-05
3365,టెలిగ్రాఫ్,2,4.455533772945999e-05
3366,టెలీఫోన్,2,4.455533772945999e-05
3367,టేపు,2,4.455533772945999e-05
3368,టైడల్,2,4.455533772945999e-05
3369,టైప్,2,4.455533772945999e-05
3370,టైమింగ్,2,4.455533772945999e-05
3371,టోర్నమెంట్,2,4.455533772945999e-05
3372,ట్యూషన్,2,4.455533772945999e-05
3373,ట్రిపుల్,2,4.455533772945999e-05
3374,ట్రైనింగ్,2,4.455533772945999e-05
3375,ట్రోపోస్ఫియర్,2,4.455533772945999e-05
3376,ట్విట్టర్,2,4.455533772945999e-05
3377,ట్వీట్,2,4.455533772945999e-05
3378,ఠాగూర్,2,4.455533772945999e-05
3379,డబుల్,2,4.455533772945999e-05
3380,డా,2,4.455533772945999e-05
3381,డాం,2,4.455533772945999e-05
3382,డాలరు,2,4.455533772945999e-05
3383,డిజైన్స్,2,4.455533772945999e-05
3384,డిప్యూటి,2,4.455533772945999e-05
3385,డిస్కౌంటు,2,4.455533772945999e-05
3386,డిస్ట్రిక్ట్,2,4.455533772945999e-05
3387,డెబ్భై,2,4.455533772945999e-05
3388,డేకు,2,4.455533772945999e-05
3389,డేట్,2,4.455533772945999e-05
3390,డేట్స్,2,4.455533772945999e-05
3391,డైపోల్,2,4.455533772945999e-05
3392,డోర్,2,4.455533772945999e-05
3393,డోసు,2,4.455533772945999e-05
3394,డౌట్,2,4.455533772945999e-05
3395,డౌన్,2,4.455533772945999e-05
3396,డౌన్లోడ్,2,4.455533772945999e-05
3397,డ్యాం,2,4.455533772945999e-05
3398,డ్రింక్స్,2,4.455533772945999e-05
3399,డ్రెస్సెస్,2,4.455533772945999e-05
3400,డ్రైవింగ్,2,4.455533772945999e-05
3401,తగ్గి,2,4.455533772945999e-05
3402,తడి,2,4.455533772945999e-05
3403,తత్వం,2,4.455533772945999e-05
3404,తత్వవేత్త,2,4.455533772945999e-05
3405,తపన,2,4.455533772945999e-05
3406,తయారీ,2,4.455533772945999e-05
3407,తరతరం,2,4.455533772945999e-05
3408,తరుగు,2,4.455533772945999e-05
3409,తరుణం,2,4.455533772945999e-05
3410,తర్జుమా,2,4.455533772945999e-05
3411,తర్వాతి,2,4.455533772945999e-05
3412,తలంటు,2,4.455533772945999e-05
3413,తలుపు,2,4.455533772945999e-05
3414,తలెత్తు,2,4.455533772945999e-05
3415,తాజా,2,4.455533772945999e-05
3416,తాత్కాలికంగా,2,4.455533772945999e-05
3417,తార్కికం,2,4.455533772945999e-05
3418,తాళ్ళపాక,2,4.455533772945999e-05
3419,తిప్పు,2,4.455533772945999e-05
3420,తిరగటం,2,4.455533772945999e-05
3421,తీ,2,4.455533772945999e-05
3422,తీరు,2,4.455533772945999e-05
3423,తీర్థం,2,4.455533772945999e-05
3424,తీసుకువెళ్ళి,2,4.455533772945999e-05
3425,తీసుకె,2,4.455533772945999e-05
3426,తీసుకెళ్ళాడు,2,4.455533772945999e-05
3427,తీసుకొచ్చి,2,4.455533772945999e-05
3428,తీసుకోకూడదు,2,4.455533772945999e-05
3429,తీసుకోవాల్సిందిగా,2,4.455533772945999e-05
3430,తీసుకోవాల్సిన,2,4.455533772945999e-05
3431,తుపాకి,2,4.455533772945999e-05
3432,తెగ,2,4.455533772945999e-05
3433,తెన్,2,4.455533772945999e-05
3434,తెలుసా,2,4.455533772945999e-05
3435,తేజ్,2,4.455533772945999e-05
3436,తేజ్పూర్,2,4.455533772945999e-05
3437,తేదీన,2,4.455533772945999e-05
3438,తేనె,2,4.455533772945999e-05
3439,తేమ,2,4.455533772945999e-05
3440,తేలిక,2,4.455533772945999e-05
3441,తొట్టి,2,4.455533772945999e-05
3442,తొమ్మిదో,2,4.455533772945999e-05
3443,తొలగు,2,4.455533772945999e-05
3444,తొలుత,2,4.455533772945999e-05
3445,తోటీ,2,4.455533772945999e-05
3446,తౌజండ్,2,4.455533772945999e-05
3447,త్యాగరాజు,2,4.455533772945999e-05
3448,త్రాగునీరు,2,4.455533772945999e-05
3449,త్రిప్పు,2,4.455533772945999e-05
3450,త్వరణం,2,4.455533772945999e-05
3451,దండయాత్ర,2,4.455533772945999e-05
3452,దంపతి,2,4.455533772945999e-05
3453,దక్కు,2,4.455533772945999e-05
3454,దక్షిణాది,2,4.455533772945999e-05
3455,దగ్గరకు,2,4.455533772945999e-05
3456,దగ్గు,2,4.455533772945999e-05
3457,దత్తత,2,4.455533772945999e-05
3458,దయ్యం,2,4.455533772945999e-05
3459,దర్శనం,2,4.455533772945999e-05
3460,దళం,2,4.455533772945999e-05
3461,దశకం,2,4.455533772945999e-05
3462,దస్త్రం,2,4.455533772945999e-05
3463,దాగ్,2,4.455533772945999e-05
3464,దినుసు,2,4.455533772945999e-05
3465,దిల్లీ,2,4.455533772945999e-05
3466,దిష్టి,2,4.455533772945999e-05
3467,దీపావళి,2,4.455533772945999e-05
3468,దీర్ఘ,2,4.455533772945999e-05
3469,దీర్ఘకాలికం,2,4.455533772945999e-05
3470,దూరవాణి,2,4.455533772945999e-05
3471,దృఢత్వం,2,4.455533772945999e-05
3472,దేవరకోట,2,4.455533772945999e-05
3473,దేశమంతా,2,4.455533772945999e-05
3474,దొర్,2,4.455533772945999e-05
3475,ద్వితీయ,2,4.455533772945999e-05
3476,ద్వీపం,2,4.455533772945999e-05
3477,ధనం,2,4.455533772945999e-05
3478,ధనుంజయ,2,4.455533772945999e-05
3479,ధర్మాసనం,2,4.455533772945999e-05
3480,ధాన్యకటకం,2,4.455533772945999e-05
3481,ధార్మికం,2,4.455533772945999e-05
3482,ధృవం,2,4.455533772945999e-05
3483,ధోరణి,2,4.455533772945999e-05
3484,నండి,2,4.455533772945999e-05
3485,నంబరు,2,4.455533772945999e-05
3486,నగరపాలక,2,4.455533772945999e-05
3487,నగర్,2,4.455533772945999e-05
3488,నజీర్,2,4.455533772945999e-05
3489,నట్టువ,2,4.455533772945999e-05
3490,నడుం,2,4.455533772945999e-05
3491,నమస్కారం,2,4.455533772945999e-05
3492,నరేంద్రమోది,2,4.455533772945999e-05
3493,నల్లత్రాచు,2,4.455533772945999e-05
3494,నల్లారి,2,4.455533772945999e-05
3495,నవమినాడు,2,4.455533772945999e-05
3496,నవయుగ,2,4.455533772945999e-05
3497,నవీనం,2,4.455533772945999e-05
3498,నవ్వు,2,4.455533772945999e-05
3499,నశించు,2,4.455533772945999e-05
3500,నాంపల్లి,2,4.455533772945999e-05
3501,నాకైతే,2,4.455533772945999e-05
3502,నాటకరంగం,2,4.455533772945999e-05
3503,నాణ్యం,2,4.455533772945999e-05
3504,నాన్స్టిక్,2,4.455533772945999e-05
3505,నామం,2,4.455533772945999e-05
3506,నామినేట్,2,4.455533772945999e-05
3507,నిందించు,2,4.455533772945999e-05
3508,నికెల్,2,4.455533772945999e-05
3509,నిముషం,2,4.455533772945999e-05
3510,నిమ్మకాయ,2,4.455533772945999e-05
3511,నియాన్,2,4.455533772945999e-05
3512,నిరక్షరాస్యత,2,4.455533772945999e-05
3513,నిరవాకం,2,4.455533772945999e-05
3514,నిరాశ,2,4.455533772945999e-05
3515,నిరుపేద,2,4.455533772945999e-05
3516,నిలువ,2,4.455533772945999e-05
3517,నిషిద్ధం,2,4.455533772945999e-05
3518,నీతి,2,4.455533772945999e-05
3519,నుంచీ,2,4.455533772945999e-05
3520,నుదురు,2,4.455533772945999e-05
3521,నూడిల్స్,2,4.455533772945999e-05
3522,నెగిటివ్,2,4.455533772945999e-05
3523,నెగ్గు,2,4.455533772945999e-05
3524,నెరవేర్,2,4.455533772945999e-05
3525,నెలకొల్పు,2,4.455533772945999e-05
3526,నేచురల్,2,4.455533772945999e-05
3527,నేనున్న,2,4.455533772945999e-05
3528,నేనేం,2,4.455533772945999e-05
3529,నేనైతే,2,4.455533772945999e-05
3530,నేర్పి,2,4.455533772945999e-05
3531,నేషన్స్,2,4.455533772945999e-05
3532,నైంటీ,2,4.455533772945999e-05
3533,నైన్టీన్,2,4.455533772945999e-05
3534,నొక్కు,2,4.455533772945999e-05
3535,నోట్,2,4.455533772945999e-05
3536,న్యాయమూర్తి,2,4.455533772945999e-05
3537,న్యాయశాస్త్రం,2,4.455533772945999e-05
3538,పంచాయితి,2,4.455533772945999e-05
3539,పంచారామం,2,4.455533772945999e-05
3540,పండి,2,4.455533772945999e-05
3541,పకోడి,2,4.455533772945999e-05
3542,పక్షం,2,4.455533772945999e-05
3543,పగడం,2,4.455533772945999e-05
3544,పజ,2,4.455533772945999e-05
3545,పట్టం,2,4.455533772945999e-05
3546,పట్టుదల,2,4.455533772945999e-05
3547,పడెయ్యి,2,4.455533772945999e-05
3548,పతకం,2,4.455533772945999e-05
3549,పతనం,2,4.455533772945999e-05
3550,పతాకం,2,4.455533772945999e-05
3551,పత్తి,2,4.455533772945999e-05
3552,పత్యేక,2,4.455533772945999e-05
3553,పదవ,2,4.455533772945999e-05
3554,పదహారు,2,4.455533772945999e-05
3555,పదేళ్ళ,2,4.455533772945999e-05
3556,పద్దెనిమిది,2,4.455533772945999e-05
3557,పనిచే,2,4.455533772945999e-05
3558,పబ్జీ,2,4.455533772945999e-05
3559,పభుత్వ,2,4.455533772945999e-05
3560,పయనించు,2,4.455533772945999e-05
3561,పరిగెత్తు,2,4.455533772945999e-05
3562,పరిపాటి,2,4.455533772945999e-05
3563,పరిపూర్ణం,2,4.455533772945999e-05
3564,పరిభ్రమణం,2,4.455533772945999e-05
3565,పరిరక్షణ,2,4.455533772945999e-05
3566,పరివర్తన,2,4.455533772945999e-05
3567,పరిశుభ్రం,2,4.455533772945999e-05
3568,పరిష్కరించు,2,4.455533772945999e-05
3569,పరుగు,2,4.455533772945999e-05
3570,పరుగెత్తు,2,4.455533772945999e-05
3571,పర్ఫెక్ట్గా,2,4.455533772945999e-05
3572,పర్యాటకం,2,4.455533772945999e-05
3573,పర్సెంట్,2,4.455533772945999e-05
3574,పల్లి,2,4.455533772945999e-05
3575,పల్లెటూరు,2,4.455533772945999e-05
3576,పళంగా,2,4.455533772945999e-05
3577,పవిత్ర,2,4.455533772945999e-05
3578,పశుపతి,2,4.455533772945999e-05
3579,పశ్చిమగోదావరి,2,4.455533772945999e-05
3580,పా,2,4.455533772945999e-05
3581,పాజిటివ్,2,4.455533772945999e-05
3582,పాటిస్పేట్,2,4.455533772945999e-05
3583,పాఠం,2,4.455533772945999e-05
3584,పాఠ్యాంశం,2,4.455533772945999e-05
3585,పాత్రధారి,2,4.455533772945999e-05
3586,పాపులేషన్,2,4.455533772945999e-05
3587,పాము,2,4.455533772945999e-05
3588,పారవే,2,4.455533772945999e-05
3589,పారిశుద్ద్య,2,4.455533772945999e-05
3590,పారిస్,2,4.455533772945999e-05
3591,పార్లమెంటరీ,2,4.455533772945999e-05
3592,పాలక,2,4.455533772945999e-05
3593,పాలకుడు,2,4.455533772945999e-05
3594,పాలసీ,2,4.455533772945999e-05
3595,పాల్కురికి,2,4.455533772945999e-05
3596,పాల్వంచ,2,4.455533772945999e-05
3597,పాశ్చాత్య,2,4.455533772945999e-05
3598,పింఛన్,2,4.455533772945999e-05
3599,పినిశెట్టి,2,4.455533772945999e-05
3600,పిన్కోడ్,2,4.455533772945999e-05
3601,పిల్,2,4.455533772945999e-05
3602,పిల్లవాడు,2,4.455533772945999e-05
3603,పిల్లి,2,4.455533772945999e-05
3604,పీఠభూమి,2,4.455533772945999e-05
3605,పుట్టి,2,4.455533772945999e-05
3606,పుట్టుక,2,4.455533772945999e-05
3607,పురస్కరి,2,4.455533772945999e-05
3608,పురాణప్రతీతి,2,4.455533772945999e-05
3609,పురావస్తు,2,4.455533772945999e-05
3610,పురుషోత్తంఉ,2,4.455533772945999e-05
3611,పురుష్,2,4.455533772945999e-05
3612,పురోగతి,2,4.455533772945999e-05
3613,పులుపు,2,4.455533772945999e-05
3614,పూజించు,2,4.455533772945999e-05
3615,పూన్,2,4.455533772945999e-05
3616,పూర్,2,4.455533772945999e-05
3617,పూర్ణ,2,4.455533772945999e-05
3618,పూర్వకాలం,2,4.455533772945999e-05
3619,పూర్వీకుడు,2,4.455533772945999e-05
3620,పూల్,2,4.455533772945999e-05
3621,పెంపు,2,4.455533772945999e-05
3622,పెంపుడు,2,4.455533772945999e-05
3623,పెట్టించు,2,4.455533772945999e-05
3624,పెట్టేరు,2,4.455533772945999e-05
3625,పెప్సికో,2,4.455533772945999e-05
3626,పేటీఎం,2,4.455533772945999e-05
3627,పేను,2,4.455533772945999e-05
3628,పేపరు,2,4.455533772945999e-05
3629,పేమెంట్స్,2,4.455533772945999e-05
3630,పేరెన్నికగన్న,2,4.455533772945999e-05
3631,పైపు,2,4.455533772945999e-05
3632,పైపెచ్చు,2,4.455533772945999e-05
3633,పైభాగం,2,4.455533772945999e-05
3634,పైరు,2,4.455533772945999e-05
3635,పైలట్,2,4.455533772945999e-05
3636,పైవేట్,2,4.455533772945999e-05
3637,పొగ,2,4.455533772945999e-05
3638,పొడుగు,2,4.455533772945999e-05
3639,పొడుగున్న,2,4.455533772945999e-05
3640,పొద్దున,2,4.455533772945999e-05
3641,పొరపాటు,2,4.455533772945999e-05
3642,పొరపాటున,2,4.455533772945999e-05
3643,పోటు,2,4.455533772945999e-05
3644,పోయిన,2,4.455533772945999e-05
3645,పోర్ట్,2,4.455533772945999e-05
3646,పోలవరం,2,4.455533772945999e-05
3647,పోలియో,2,4.455533772945999e-05
3648,పోషక,2,4.455533772945999e-05
3649,పోస్టాఫీసు,2,4.455533772945999e-05
3650,పౌరాణికం,2,4.455533772945999e-05
3651,ప్యాంట్,2,4.455533772945999e-05
3652,ప్యాకెట్,2,4.455533772945999e-05
3653,ప్రకాశించు,2,4.455533772945999e-05
3654,ప్రకాష్,2,4.455533772945999e-05
3655,ప్రక్క,2,4.455533772945999e-05
3656,ప్రజాభిప్రాయం,2,4.455533772945999e-05
3657,ప్రజ్ఞాపారమిత,2,4.455533772945999e-05
3658,ప్రణయం,2,4.455533772945999e-05
3659,ప్రతిదీ,2,4.455533772945999e-05
3660,ప్రతిపత్తి,2,4.455533772945999e-05
3661,ప్రతిపాదన,2,4.455533772945999e-05
3662,ప్రతిమ,2,4.455533772945999e-05
3663,ప్రతిష్ఠాత్మకం,2,4.455533772945999e-05
3664,ప్రత్యుత్తరం,2,4.455533772945999e-05
3665,ప్రత్యేకమైంది,2,4.455533772945999e-05
3666,ప్రధానాధికారి,2,4.455533772945999e-05
3667,ప్రప్రథమం,2,4.455533772945999e-05
3668,ప్రబలమై,2,4.455533772945999e-05
3669,ప్రముఖుడు,2,4.455533772945999e-05
3670,ప్రమేయం,2,4.455533772945999e-05
3671,ప్రయాణికుడు,2,4.455533772945999e-05
3672,ప్రయోగాత్మకం,2,4.455533772945999e-05
3673,ప్రవర్తన,2,4.455533772945999e-05
3674,ప్రవేశపె,2,4.455533772945999e-05
3675,ప్రశాంతత,2,4.455533772945999e-05
3676,ప్రసాదం,2,4.455533772945999e-05
3677,ప్రసారిణిగా,2,4.455533772945999e-05
3678,ప్రసిద్ధ,2,4.455533772945999e-05
3679,ప్రస్తావన,2,4.455533772945999e-05
3680,ప్రస్థానం,2,4.455533772945999e-05
3681,ప్రాంగణం,2,4.455533772945999e-05
3682,ప్రాకృత,2,4.455533772945999e-05
3683,ప్రాక్టీస్,2,4.455533772945999e-05
3684,ప్రాచీనతకు,2,4.455533772945999e-05
3685,ప్రాజెక్ట్,2,4.455533772945999e-05
3686,ప్రాడక్ట్,2,4.455533772945999e-05
3687,ప్రాణాయమం,2,4.455533772945999e-05
3688,ప్రాణాయామం,2,4.455533772945999e-05
3689,ప్రాధాన్యం,2,4.455533772945999e-05
3690,ప్రాన్,2,4.455533772945999e-05
3691,ప్రాబ్లెమ్,2,4.455533772945999e-05
3692,ప్రెజర్,2,4.455533772945999e-05
3693,ప్రేరేపించు,2,4.455533772945999e-05
3694,ప్రైజ్,2,4.455533772945999e-05
3695,ప్రొడక్ట్స్,2,4.455533772945999e-05
3696,ప్రొఫెసర్,2,4.455533772945999e-05
3697,ప్రొవైడ్,2,4.455533772945999e-05
3698,ప్రో,2,4.455533772945999e-05
3699,ప్రోగ్రామర్,2,4.455533772945999e-05
3700,ప్రోలయ,2,4.455533772945999e-05
3701,ప్లాంట్,2,4.455533772945999e-05
3702,ప్లీజ్,2,4.455533772945999e-05
3703,ప్లేయర్స్,2,4.455533772945999e-05
3704,ప్లైవుడ్,2,4.455533772945999e-05
3705,ఫంక్షన్,2,4.455533772945999e-05
3706,ఫంక్షన్స్,2,4.455533772945999e-05
3707,ఫణీంద్ర,2,4.455533772945999e-05
3708,ఫాల్గుణం,2,4.455533772945999e-05
3709,ఫాస్ట్,2,4.455533772945999e-05
3710,ఫిట్నెస్,2,4.455533772945999e-05
3711,ఫిలిప్,2,4.455533772945999e-05
3712,ఫిల్టర్,2,4.455533772945999e-05
3713,ఫీచర్,2,4.455533772945999e-05
3714,ఫీజ్,2,4.455533772945999e-05
3715,ఫీవర్,2,4.455533772945999e-05
3716,ఫెస్టివల్,2,4.455533772945999e-05
3717,ఫేస్,2,4.455533772945999e-05
3718,ఫైబర్,2,4.455533772945999e-05
3719,ఫోటోగ్రాఫర్,2,4.455533772945999e-05
3720,ఫోన్పే,2,4.455533772945999e-05
3721,ఫోర్బ్స్,2,4.455533772945999e-05
3722,ఫోర్స్,2,4.455533772945999e-05
3723,ఫ్రంట్,2,4.455533772945999e-05
3724,ఫ్రాన్సిస్కో,2,4.455533772945999e-05
3725,ఫ్రిడ్జ్,2,4.455533772945999e-05
3726,ఫ్రేమ్,2,4.455533772945999e-05
3727,ఫ్రైడ్,2,4.455533772945999e-05
3728,బజార్,2,4.455533772945999e-05
3729,బట్,2,4.455533772945999e-05
3730,బట్టీ,2,4.455533772945999e-05
3731,బతుకు,2,4.455533772945999e-05
3732,బదులు,2,4.455533772945999e-05
3733,బనానా,2,4.455533772945999e-05
3734,బయోస్ఫియర్,2,4.455533772945999e-05
3735,బర్డ్,2,4.455533772945999e-05
3736,బర్త్,2,4.455533772945999e-05
3737,బర్రె,2,4.455533772945999e-05
3738,బలహీన,2,4.455533772945999e-05
3739,బలహీనం,2,4.455533772945999e-05
3740,బలోపేతం,2,4.455533772945999e-05
3741,బహదూర్,2,4.455533772945999e-05
3742,బహమనీ,2,4.455533772945999e-05
3743,బహిర్గతం,2,4.455533772945999e-05
3744,బహిర్యానం,2,4.455533772945999e-05
3745,బహు,2,4.455533772945999e-05
3746,బహుళం,2,4.455533772945999e-05
3747,బాట,2,4.455533772945999e-05
3748,బాటరీ,2,4.455533772945999e-05
3749,బాటు,2,4.455533772945999e-05
3750,బాబాయి,2,4.455533772945999e-05
3751,బాయ్,2,4.455533772945999e-05
3752,బాయ్స్,2,4.455533772945999e-05
3753,బాలయోగి,2,4.455533772945999e-05
3754,బాలేదు,2,4.455533772945999e-05
3755,బాష,2,4.455533772945999e-05
3756,బాష్పీభవనం,2,4.455533772945999e-05
3757,బిందువు,2,4.455533772945999e-05
3758,బిల్,2,4.455533772945999e-05
3759,బిల్డింగ్,2,4.455533772945999e-05
3760,బీ,2,4.455533772945999e-05
3761,బీఆర్,2,4.455533772945999e-05
3762,బీడు,2,4.455533772945999e-05
3763,బీహార్,2,4.455533772945999e-05
3764,బుక్కు,2,4.455533772945999e-05
3765,బృహత్తరమైన,2,4.455533772945999e-05
3766,బెంగళూరు,2,4.455533772945999e-05
3767,బేడన్,2,4.455533772945999e-05
3768,బొంబాయి,2,4.455533772945999e-05
3769,బొట్టు,2,4.455533772945999e-05
3770,బొబ్బిలి,2,4.455533772945999e-05
3771,బో,2,4.455533772945999e-05
3772,బోండ,2,4.455533772945999e-05
3773,బోధి,2,4.455533772945999e-05
3774,బోర్డు,2,4.455533772945999e-05
3775,బౌద్ధమతం,2,4.455533772945999e-05
3776,బ్యాటరీ,2,4.455533772945999e-05
3777,బ్యాలెట్,2,4.455533772945999e-05
3778,బ్రహ్మ,2,4.455533772945999e-05
3779,బ్రాండెడ్,2,4.455533772945999e-05
3780,బ్రిటీషు,2,4.455533772945999e-05
3781,బ్రెడ్,2,4.455533772945999e-05
3782,భక్తిమార్గం,2,4.455533772945999e-05
3783,భక్తుడు,2,4.455533772945999e-05
3784,భగవంతుడు,2,4.455533772945999e-05
3785,భగవానుడు,2,4.455533772945999e-05
3786,భజన,2,4.455533772945999e-05
3787,భద్రపరచు,2,4.455533772945999e-05
3788,భద్రాచలం,2,4.455533772945999e-05
3789,భయాందోళన,2,4.455533772945999e-05
3790,భరతనాట్యం,2,4.455533772945999e-05
3791,భరి,2,4.455533772945999e-05
3792,భరోసా,2,4.455533772945999e-05
3793,భర్తి,2,4.455533772945999e-05
3794,భవిష్యత్,2,4.455533772945999e-05
3795,భామ,2,4.455533772945999e-05
3796,భారం,2,4.455533772945999e-05
3797,భారతీయభాష,2,4.455533772945999e-05
3798,భావకవిత్వం,2,4.455533772945999e-05
3799,భావోద్వేగం,2,4.455533772945999e-05
3800,భాషాశాస్త్రం,2,4.455533772945999e-05
3801,భూకంపం,2,4.455533772945999e-05
3802,భూగోళం,2,4.455533772945999e-05
3803,భూమ్యాకర్షణ,2,4.455533772945999e-05
3804,భూసారం,2,4.455533772945999e-05
3805,భ్రమణాక్షం,2,4.455533772945999e-05
3806,మ,2,4.455533772945999e-05
3807,మంచిర్యాల,2,4.455533772945999e-05
3808,మంట,2,4.455533772945999e-05
3809,మండి,2,4.455533772945999e-05
3810,మంత్రిత్వశాఖ,2,4.455533772945999e-05
3811,మగ,2,4.455533772945999e-05
3812,మచిలీపట్నం,2,4.455533772945999e-05
3813,మచ్చు,2,4.455533772945999e-05
3814,మటుకు,2,4.455533772945999e-05
3815,మద్యం,2,4.455533772945999e-05
3816,మధురం,2,4.455533772945999e-05
3817,మధ్యంతర,2,4.455533772945999e-05
3818,మధ్యతరగతి,2,4.455533772945999e-05
3819,మధ్యప్రాంతం,2,4.455533772945999e-05
3820,మధ్యమం,2,4.455533772945999e-05
3821,మధ్యవర్తి,2,4.455533772945999e-05
3822,మధ్యస్థం,2,4.455533772945999e-05
3823,మనదేశం,2,4.455533772945999e-05
3824,మనస్తత్వం,2,4.455533772945999e-05
3825,మయ,2,4.455533772945999e-05
3826,మరాఠీ,2,4.455533772945999e-05
3827,మరుగు,2,4.455533772945999e-05
3828,మరునాడు,2,4.455533772945999e-05
3829,మరొకరు,2,4.455533772945999e-05
3830,మలయాళం,2,4.455533772945999e-05
3831,మలుపు,2,4.455533772945999e-05
3832,మలేరియా,2,4.455533772945999e-05
3833,మళయాళం,2,4.455533772945999e-05
3834,మళ్ళా,2,4.455533772945999e-05
3835,మస్త్,2,4.455533772945999e-05
3836,మహదేవన్,2,4.455533772945999e-05
3837,మహబూబ్నగర్,2,4.455533772945999e-05
3838,మహాకూటమి,2,4.455533772945999e-05
3839,మహారాజు,2,4.455533772945999e-05
3840,మహారాష్ట,2,4.455533772945999e-05
3841,మహీంద్రా,2,4.455533772945999e-05
3842,మాంటిల్,2,4.455533772945999e-05
3843,మాంసం,2,4.455533772945999e-05
3844,మాక్మిలన్,2,4.455533772945999e-05
3845,మాఘం,2,4.455533772945999e-05
3846,మాతృ,2,4.455533772945999e-05
3847,మాధ్యమిక,2,4.455533772945999e-05
3848,మాములుగా,2,4.455533772945999e-05
3849,మార్క్స్,2,4.455533772945999e-05
3850,మాస్,2,4.455533772945999e-05
3851,మిగులు,2,4.455533772945999e-05
3852,మిగ్,2,4.455533772945999e-05
3853,మినహా,2,4.455533772945999e-05
3854,మీట,2,4.455533772945999e-05
3855,మీథేన్,2,4.455533772945999e-05
3856,మీది,2,4.455533772945999e-05
3857,ముందస్తు,2,4.455533772945999e-05
3858,ముక్కలవటం,2,4.455533772945999e-05
3859,ముక్కు,2,4.455533772945999e-05
3860,ముక్తి,2,4.455533772945999e-05
3861,ముఖ్య,2,4.455533772945999e-05
3862,ముగించు,2,4.455533772945999e-05
3863,ముగింపు,2,4.455533772945999e-05
3864,ముదురు,2,4.455533772945999e-05
3865,ముద్దుగా,2,4.455533772945999e-05
3866,ముప్పు,2,4.455533772945999e-05
3867,ముమ్మ,2,4.455533772945999e-05
3868,ముహూర్తం,2,4.455533772945999e-05
3869,మూగ,2,4.455533772945999e-05
3870,మూమెంట్,2,4.455533772945999e-05
3871,మూమెంట్స్,2,4.455533772945999e-05
3872,మూవీ,2,4.455533772945999e-05
3873,మూషికం,2,4.455533772945999e-05
3874,మృదువు,2,4.455533772945999e-05
3875,మెంబర్,2,4.455533772945999e-05
3876,మెచ్చుకొనదగిన,2,4.455533772945999e-05
3877,మెచ్చ్,2,4.455533772945999e-05
3878,మెత్త,2,4.455533772945999e-05
3879,మెరుపు,2,4.455533772945999e-05
3880,మెసేజ్,2,4.455533772945999e-05
3881,మేకర్స్,2,4.455533772945999e-05
3882,మేత,2,4.455533772945999e-05
3883,మేనక,2,4.455533772945999e-05
3884,మైలు,2,4.455533772945999e-05
3885,మైసూర్,2,4.455533772945999e-05
3886,మొండి,2,4.455533772945999e-05
3887,మొగల్,2,4.455533772945999e-05
3888,మొదటిసారి,2,4.455533772945999e-05
3889,మొదలగునవి,2,4.455533772945999e-05
3890,మొదలైనవన్నీ,2,4.455533772945999e-05
3891,మొలక,2,4.455533772945999e-05
3892,మోటార్స్,2,4.455533772945999e-05
3893,మోడల్స్,2,4.455533772945999e-05
3894,మోసగాడు,2,4.455533772945999e-05
3895,మోస్ట్లీ,2,4.455533772945999e-05
3896,మౌనం,2,4.455533772945999e-05
3897,మౌనిక,2,4.455533772945999e-05
3898,మౌర్యుడు,2,4.455533772945999e-05
3899,మ్,2,4.455533772945999e-05
3900,మ్యారేజ్,2,4.455533772945999e-05
3901,యం,2,4.455533772945999e-05
3902,యాంత్రికం,2,4.455533772945999e-05
3903,యాక్టివిటీస్,2,4.455533772945999e-05
3904,యాక్ట్,2,4.455533772945999e-05
3905,యాక్షన్,2,4.455533772945999e-05
3906,యాత్రికుడు,2,4.455533772945999e-05
3907,యాదాద్రి,2,4.455533772945999e-05
3908,యానం,2,4.455533772945999e-05
3909,యానాం,2,4.455533772945999e-05
3910,యాప్,2,4.455533772945999e-05
3911,యునైటెడ్,2,4.455533772945999e-05
3912,యువ,2,4.455533772945999e-05
3913,యూనివర్సిటీ,2,4.455533772945999e-05
3914,యూపీఏ,2,4.455533772945999e-05
3915,యెస్,2,4.455533772945999e-05
3916,యేసు,2,4.455533772945999e-05
3917,యోగి,2,4.455533772945999e-05
3918,యోచి,2,4.455533772945999e-05
3919,రంగనాథ,2,4.455533772945999e-05
3920,రంగా,2,4.455533772945999e-05
3921,రంగారావు,2,4.455533772945999e-05
3922,రక్తనాళం,2,4.455533772945999e-05
3923,రక్షకుడు,2,4.455533772945999e-05
3924,రఘుపతి,2,4.455533772945999e-05
3925,రవి,2,4.455533772945999e-05
3926,రవిశంకర్,2,4.455533772945999e-05
3927,రవ్వ,2,4.455533772945999e-05
3928,రసం,2,4.455533772945999e-05
3929,రసాయనం,2,4.455533772945999e-05
3930,రసీదు,2,4.455533772945999e-05
3931,రాజ,2,4.455533772945999e-05
3932,రాజనీతి,2,4.455533772945999e-05
3933,రాజన్,2,4.455533772945999e-05
3934,రాజవంశం,2,4.455533772945999e-05
3935,రాజశేఖరరెడ్డి,2,4.455533772945999e-05
3936,రాత,2,4.455533772945999e-05
3937,రానున్న,2,4.455533772945999e-05
3938,రాబట్టు,2,4.455533772945999e-05
3939,రామదాసు,2,4.455533772945999e-05
3940,రామానుజుడు,2,4.455533772945999e-05
3941,రాయలసీమ,2,4.455533772945999e-05
3942,రాయలు,2,4.455533772945999e-05
3943,రాయల్,2,4.455533772945999e-05
3944,రాయితి,2,4.455533772945999e-05
3945,రాశి,2,4.455533772945999e-05
3946,రాహుల్,2,4.455533772945999e-05
3947,రిజల్యూషన్,2,4.455533772945999e-05
3948,రిజిస్ట్రేషన్,2,4.455533772945999e-05
3949,రిపీట్,2,4.455533772945999e-05
3950,రిపోర్టర్,2,4.455533772945999e-05
3951,రియల్మీ,2,4.455533772945999e-05
3952,రిలయన్స్,2,4.455533772945999e-05
3953,రిలీజ్,2,4.455533772945999e-05
3954,రీ,2,4.455533772945999e-05
3955,రీజన్,2,4.455533772945999e-05
3956,రీజియన్,2,4.455533772945999e-05
3957,రీల్స్,2,4.455533772945999e-05
3958,రీసెంట్గా,2,4.455533772945999e-05
3959,రీస్,2,4.455533772945999e-05
3960,రుద్దు,2,4.455533772945999e-05
3961,రుసుము,2,4.455533772945999e-05
3962,రూట్,2,4.455533772945999e-05
3963,రూపాయి,2,4.455533772945999e-05
3964,రూపు,2,4.455533772945999e-05
3965,రూపురేఖ,2,4.455533772945999e-05
3966,రూపొంది,2,4.455533772945999e-05
3967,రూరల్,2,4.455533772945999e-05
3968,రూల్స్,2,4.455533772945999e-05
3969,రెండిట్లో,2,4.455533772945999e-05
3970,రెండుసార్లు,2,4.455533772945999e-05
3971,రెగ్యులర్,2,4.455533772945999e-05
3972,రెట్టింపు,2,4.455533772945999e-05
3973,రేవంత్రెడ్డి,2,4.455533772945999e-05
3974,రైతుబీమా,2,4.455533772945999e-05
3975,రోగనిరోధక,2,4.455533772945999e-05
3976,రోగి,2,4.455533772945999e-05
3977,రోజంతా,2,4.455533772945999e-05
3978,రోజులపాటు,2,4.455533772945999e-05
3979,రోజువారీ,2,4.455533772945999e-05
3980,రోటరీ,2,4.455533772945999e-05
3981,రోమ్,2,4.455533772945999e-05
3982,రోలు,2,4.455533772945999e-05
3983,ర్యాలి,2,4.455533772945999e-05
3984,లంచం,2,4.455533772945999e-05
3985,లంచ్,2,4.455533772945999e-05
3986,లక్నో,2,4.455533772945999e-05
3987,లక్ష్మణ్,2,4.455533772945999e-05
3988,లక్ష్మీనారాయణ,2,4.455533772945999e-05
3989,లక్ష్యమని,2,4.455533772945999e-05
3990,లగేజ్,2,4.455533772945999e-05
3991,లభి,2,4.455533772945999e-05
3992,లవ్,2,4.455533772945999e-05
3993,లాంఛనం,2,4.455533772945999e-05
3994,లాండ్,2,4.455533772945999e-05
3995,లాక్,2,4.455533772945999e-05
3996,లాక్టోస్,2,4.455533772945999e-05
3997,లాటిన్,2,4.455533772945999e-05
3998,లాభదాయకం,2,4.455533772945999e-05
3999,లార్డ్,2,4.455533772945999e-05
4000,లావెక్క్,2,4.455533772945999e-05
4001,లింకన్,2,4.455533772945999e-05
4002,లింగం,2,4.455533772945999e-05
4003,లీటరు,2,4.455533772945999e-05
4004,లీప్,2,4.455533772945999e-05
4005,లుక్,2,4.455533772945999e-05
4006,లెదా,2,4.455533772945999e-05
4007,లెనిన్,2,4.455533772945999e-05
4008,లెబనాన్,2,4.455533772945999e-05
4009,లేఖ,2,4.455533772945999e-05
4010,లేపాక్షి,2,4.455533772945999e-05
4011,లైట్,2,4.455533772945999e-05
4012,లైమ్,2,4.455533772945999e-05
4013,లోటు,2,4.455533772945999e-05
4014,లోన,2,4.455533772945999e-05
4015,లోపు,2,4.455533772945999e-05
4016,లోపే,2,4.455533772945999e-05
4017,లోషన్,2,4.455533772945999e-05
4018,ల్యాండ్లైన్,2,4.455533772945999e-05
4019,ల్యాక్స్,2,4.455533772945999e-05
4020,వంచు,2,4.455533772945999e-05
4021,వగైరాలన్నీ,2,4.455533772945999e-05
4022,వచ్చారంటే,2,4.455533772945999e-05
4023,వచ్చినప్పుడల్లా,2,4.455533772945999e-05
4024,వచ్చేవి,2,4.455533772945999e-05
4025,వదిలిపెట్టు,2,4.455533772945999e-05
4026,వధించు,2,4.455533772945999e-05
4027,వనరులలాంటివి,2,4.455533772945999e-05
4028,వన్యం,2,4.455533772945999e-05
4029,వరల్డ్,2,4.455533772945999e-05
4030,వరించు,2,4.455533772945999e-05
4031,వర్కర్స్,2,4.455533772945999e-05
4032,వర్ణనం,2,4.455533772945999e-05
4033,వర్తకుడు,2,4.455533772945999e-05
4034,వర్తమానం,2,4.455533772945999e-05
4035,వర్త్,2,4.455533772945999e-05
4036,వర్షపాతం,2,4.455533772945999e-05
4037,వలయం,2,4.455533772945999e-05
4038,వా,2,4.455533772945999e-05
4039,వాఙ్మయం,2,4.455533772945999e-05
4040,వాచ్,2,4.455533772945999e-05
4041,వాణిజ్యం,2,4.455533772945999e-05
4042,వాము,2,4.455533772945999e-05
4043,వాయిద్యం,2,4.455533772945999e-05
4044,వారణాసి,2,4.455533772945999e-05
4045,వారధి,2,4.455533772945999e-05
4046,వార్డు,2,4.455533772945999e-05
4047,వాసుదేవాచార్,2,4.455533772945999e-05
4048,విండోస్,2,4.455533772945999e-05
4049,విండ్,2,4.455533772945999e-05
4050,విఘాతం,2,4.455533772945999e-05
4051,విజయవంతం,2,4.455533772945999e-05
4052,విజిట్,2,4.455533772945999e-05
4053,విజ్ఞప్తి,2,4.455533772945999e-05
4054,విడదియ్యి,2,4.455533772945999e-05
4055,విడి,2,4.455533772945999e-05
4056,విడుదలై,2,4.455533772945999e-05
4057,విదేశం,2,4.455533772945999e-05
4058,విదేశీ,2,4.455533772945999e-05
4059,విద్యాభ్యాసం,2,4.455533772945999e-05
4060,విద్యాహక్కు,2,4.455533772945999e-05
4061,వినాశనం,2,4.455533772945999e-05
4062,వినికిడి,2,4.455533772945999e-05
4063,వినుటకు,2,4.455533772945999e-05
4064,వినూత్నం,2,4.455533772945999e-05
4065,వినోదం,2,4.455533772945999e-05
4066,విప్లవాత్మకం,2,4.455533772945999e-05
4067,విభేదం,2,4.455533772945999e-05
4068,విమానయానం,2,4.455533772945999e-05
4069,విరమణ,2,4.455533772945999e-05
4070,విరమి,2,4.455533772945999e-05
4071,విరాళం,2,4.455533772945999e-05
4072,విరేచనం,2,4.455533772945999e-05
4073,విలేజ్,2,4.455533772945999e-05
4074,విల్లు,2,4.455533772945999e-05
4075,వివరి,2,4.455533772945999e-05
4076,వివాదం,2,4.455533772945999e-05
4077,వివాదాస్పద,2,4.455533772945999e-05
4078,విశాఖపట్టణం,2,4.455533772945999e-05
4079,విశిష్ట,2,4.455533772945999e-05
4080,విశ్రాంతి,2,4.455533772945999e-05
4081,విషువత్కాలం,2,4.455533772945999e-05
4082,విస్ఫోటనం,2,4.455533772945999e-05
4083,వీడియోస్,2,4.455533772945999e-05
4084,వీణ,2,4.455533772945999e-05
4085,వీరందరు,2,4.455533772945999e-05
4086,వీరేశలింగం,2,4.455533772945999e-05
4087,వీలుగా,2,4.455533772945999e-05
4088,వూరి,2,4.455533772945999e-05
4089,వృద్ధాప్యం,2,4.455533772945999e-05
4090,వృధ్ధులు,2,4.455533772945999e-05
4091,వె,2,4.455533772945999e-05
4092,వెంకటేష్,2,4.455533772945999e-05
4093,వెంకయ్యనాయుడు,2,4.455533772945999e-05
4094,వెజ్,2,4.455533772945999e-05
4095,వెనువెంటన్,2,4.455533772945999e-05
4096,వెన్న,2,4.455533772945999e-05
4097,వెబ్సైట్,2,4.455533772945999e-05
4098,వెరైటీస్,2,4.455533772945999e-05
4099,వెలి,2,4.455533772945999e-05
4100,వెల్కమ్,2,4.455533772945999e-05
4101,వెళ్ళటం,2,4.455533772945999e-05
4102,వెళ్ళారు,2,4.455533772945999e-05
4103,వెళ్ళిన,2,4.455533772945999e-05
4104,వెళ్ళు,2,4.455533772945999e-05
4105,వేగవంతం,2,4.455533772945999e-05
4106,వేడినీరు,2,4.455533772945999e-05
4107,వేతనం,2,4.455533772945999e-05
4108,వేమన,2,4.455533772945999e-05
4109,వేమారెడ్డి,2,4.455533772945999e-05
4110,వేములవాడ,2,4.455533772945999e-05
4111,వేయి,2,4.455533772945999e-05
4112,వేషం,2,4.455533772945999e-05
4113,వేసిస్తారా,2,4.455533772945999e-05
4114,వేసుకు,2,4.455533772945999e-05
4115,వైఎస్,2,4.455533772945999e-05
4116,వైట్,2,4.455533772945999e-05
4117,వైదికం,2,4.455533772945999e-05
4118,వైద్యం,2,4.455533772945999e-05
4119,వైద్యుడు,2,4.455533772945999e-05
4120,వైస్,2,4.455533772945999e-05
4121,వో,2,4.455533772945999e-05
4122,వ్,2,4.455533772945999e-05
4123,వ్యక్తిత్వం,2,4.455533772945999e-05
4124,వ్యవస్థాపకుడు,2,4.455533772945999e-05
4125,వ్యాక్సిన్,2,4.455533772945999e-05
4126,వ్యాన్,2,4.455533772945999e-05
4127,వ్యాపారవేత్త,2,4.455533772945999e-05
4128,వ్యుత్పత్తి,2,4.455533772945999e-05
4129,వ్రాత,2,4.455533772945999e-05
4130,శంకుస్థాపన,2,4.455533772945999e-05
4131,శశి,2,4.455533772945999e-05
4132,శాటిలైట్,2,4.455533772945999e-05
4133,శారీ,2,4.455533772945999e-05
4134,శాలివాహనుడు,2,4.455533772945999e-05
4135,శాస్త్రీయ,2,4.455533772945999e-05
4136,శిక్ష,2,4.455533772945999e-05
4137,శిలావరణం,2,4.455533772945999e-05
4138,శిశిరం,2,4.455533772945999e-05
4139,శిశువు,2,4.455533772945999e-05
4140,శుక్లం,2,4.455533772945999e-05
4141,శూన్యం,2,4.455533772945999e-05
4142,శోభ,2,4.455533772945999e-05
4143,శ్రవణం,2,4.455533772945999e-05
4144,శ్రీకారం,2,4.455533772945999e-05
4145,శ్రీనివాస,2,4.455533772945999e-05
4146,శ్రీనివాసరావు,2,4.455533772945999e-05
4147,శ్రీనివాసరెడ్డి,2,4.455533772945999e-05
4148,శ్రీను,2,4.455533772945999e-05
4149,శ్రీమన్నారాయణుడు,2,4.455533772945999e-05
4150,శ్రీలంక,2,4.455533772945999e-05
4151,శ్రీశైలం,2,4.455533772945999e-05
4152,షాహి,2,4.455533772945999e-05
4153,షూటింగ్,2,4.455533772945999e-05
4154,షెడ్యూల్డ్,2,4.455533772945999e-05
4155,షెల్లీ,2,4.455533772945999e-05
4156,సం,2,4.455533772945999e-05
4157,సంకేమ,2,4.455533772945999e-05
4158,సంక్లిష్టం,2,4.455533772945999e-05
4159,సంగీతకారులు,2,4.455533772945999e-05
4160,సంచారం,2,4.455533772945999e-05
4161,సంజీవయ్య,2,4.455533772945999e-05
4162,సంజీవరెడ్డి,2,4.455533772945999e-05
4163,సంతకం,2,4.455533772945999e-05
4164,సంతోషించు,2,4.455533772945999e-05
4165,సందేశం,2,4.455533772945999e-05
4166,సంపాదన,2,4.455533772945999e-05
4167,సంయోగం,2,4.455533772945999e-05
4168,సంవత్సరాలపాటు,2,4.455533772945999e-05
4169,సకలం,2,4.455533772945999e-05
4170,సకాలం,2,4.455533772945999e-05
4171,సచిత్రం,2,4.455533772945999e-05
4172,సతీష్,2,4.455533772945999e-05
4173,సత్యం,2,4.455533772945999e-05
4174,సత్యనారాయణ,2,4.455533772945999e-05
4175,సన్న,2,4.455533772945999e-05
4176,సన్నిహిత,2,4.455533772945999e-05
4177,సపోర్ట్,2,4.455533772945999e-05
4178,సబ్జెక్ట్,2,4.455533772945999e-05
4179,సభ్యత్వం,2,4.455533772945999e-05
4180,సభ్యదేశాలు,2,4.455533772945999e-05
4181,సమకాలీన,2,4.455533772945999e-05
4182,సమకూర్,2,4.455533772945999e-05
4183,సమరయోధుడు,2,4.455533772945999e-05
4184,సమర్ధత,2,4.455533772945999e-05
4185,సమీకరణం,2,4.455533772945999e-05
4186,సముద్రమట్టం,2,4.455533772945999e-05
4187,సముపార్జనం,2,4.455533772945999e-05
4188,సమైక్యత,2,4.455533772945999e-05
4189,సమైక్యాంధ్ర,2,4.455533772945999e-05
4190,సరకు,2,4.455533772945999e-05
4191,సరళం,2,4.455533772945999e-05
4192,సరిదిద్ద్,2,4.455533772945999e-05
4193,సరియైన,2,4.455533772945999e-05
4194,సరుకు,2,4.455533772945999e-05
4195,సర్,2,4.455533772945999e-05
4196,సర్కిల్,2,4.455533772945999e-05
4197,సర్క్యూట్,2,4.455533772945999e-05
4198,సర్చ్,2,4.455533772945999e-05
4199,సర్పంచ్,2,4.455533772945999e-05
4200,సర్వం,2,4.455533772945999e-05
4201,సర్వత్రా,2,4.455533772945999e-05
4202,సర్వసాధారణం,2,4.455533772945999e-05
4203,సల్పర్,2,4.455533772945999e-05
4204,సల్ఫర్,2,4.455533772945999e-05
4205,సవరించు,2,4.455533772945999e-05
4206,సహాయక,2,4.455533772945999e-05
4207,సాంగ్సు,2,4.455533772945999e-05
4208,సాంప్రదాయకం,2,4.455533772945999e-05
4209,సాంబయ్య,2,4.455533772945999e-05
4210,సాక్షి,2,4.455533772945999e-05
4211,సాగించు,2,4.455533772945999e-05
4212,సాగిపో,2,4.455533772945999e-05
4213,సాగునీరు,2,4.455533772945999e-05
4214,సానుకూలం,2,4.455533772945999e-05
4215,సాపేక్షం,2,4.455533772945999e-05
4216,సామాగ్రి,2,4.455533772945999e-05
4217,సామాన్యుడు,2,4.455533772945999e-05
4218,సామూహికం,2,4.455533772945999e-05
4219,సామెత,2,4.455533772945999e-05
4220,సారా,2,4.455533772945999e-05
4221,సారీస్,2,4.455533772945999e-05
4222,సింగపూర్,2,4.455533772945999e-05
4223,సింపుల్,2,4.455533772945999e-05
4224,సింహాచలం,2,4.455533772945999e-05
4225,సిక్కు,2,4.455533772945999e-05
4226,సిక్కులు,2,4.455533772945999e-05
4227,సిద్ధిపేట,2,4.455533772945999e-05
4228,సినీ,2,4.455533772945999e-05
4229,సిరివెన్నెల,2,4.455533772945999e-05
4230,సివిల్,2,4.455533772945999e-05
4231,సిస్టర్,2,4.455533772945999e-05
4232,సీతారామరాజు,2,4.455533772945999e-05
4233,సీపి,2,4.455533772945999e-05
4234,సుడిగాలి,2,4.455533772945999e-05
4235,సునాయాసం,2,4.455533772945999e-05
4236,సునీత,2,4.455533772945999e-05
4237,సున్నితం,2,4.455533772945999e-05
4238,సుప్రీం,2,4.455533772945999e-05
4239,సువాసన,2,4.455533772945999e-05
4240,సుసంపన్నం,2,4.455533772945999e-05
4241,సూక్ష్మక్రిములు,2,4.455533772945999e-05
4242,సూచి,2,4.455533772945999e-05
4243,సూచిక,2,4.455533772945999e-05
4244,సూటి,2,4.455533772945999e-05
4245,సూది,2,4.455533772945999e-05
4246,సూర్యకాంతి,2,4.455533772945999e-05
4247,సూర్యరశ్మి,2,4.455533772945999e-05
4248,సూర్యోదయం,2,4.455533772945999e-05
4249,సృజనాత్మకం,2,4.455533772945999e-05
4250,సెంటరు,2,4.455533772945999e-05
4251,సెపరేట్,2,4.455533772945999e-05
4252,సెవెంటీ,2,4.455533772945999e-05
4253,సేకరణ,2,4.455533772945999e-05
4254,సేన,2,4.455533772945999e-05
4255,సేవి,2,4.455533772945999e-05
4256,సేవ్,2,4.455533772945999e-05
4257,సైకిళ్ళ,2,4.455533772945999e-05
4258,సైట్,2,4.455533772945999e-05
4259,సోదరుడు,2,4.455533772945999e-05
4260,సోపానక్రమం,2,4.455533772945999e-05
4261,సౌకర్యవంతం,2,4.455533772945999e-05
4262,సౌత్,2,4.455533772945999e-05
4263,సౌలభ్యం,2,4.455533772945999e-05
4264,స్,2,4.455533772945999e-05
4265,స్కెచ్,2,4.455533772945999e-05
4266,స్టడ్,2,4.455533772945999e-05
4267,స్టమక్,2,4.455533772945999e-05
4268,స్టాప్,2,4.455533772945999e-05
4269,స్టార్టింగ్,2,4.455533772945999e-05
4270,స్టిచ్,2,4.455533772945999e-05
4271,స్టూడెంట్,2,4.455533772945999e-05
4272,స్టేడియం,2,4.455533772945999e-05
4273,స్తూపం,2,4.455533772945999e-05
4274,స్థానికుడు,2,4.455533772945999e-05
4275,స్థావరం,2,4.455533772945999e-05
4276,స్థిరత్వం,2,4.455533772945999e-05
4277,స్థూలం,2,4.455533772945999e-05
4278,స్నాక్స్,2,4.455533772945999e-05
4279,స్పీక్,2,4.455533772945999e-05
4280,స్పోకెన్,2,4.455533772945999e-05
4281,స్పోర్ట్స్,2,4.455533772945999e-05
4282,స్ఫూర్తి,2,4.455533772945999e-05
4283,స్లావిక్,2,4.455533772945999e-05
4284,స్లిప్,2,4.455533772945999e-05
4285,స్వతహా,2,4.455533772945999e-05
4286,స్వభావం,2,4.455533772945999e-05
4287,స్వరం,2,4.455533772945999e-05
4288,స్వరూపం,2,4.455533772945999e-05
4289,స్వర్ణం,2,4.455533772945999e-05
4290,స్వస్తి,2,4.455533772945999e-05
4291,స్వీట్,2,4.455533772945999e-05
4292,స్వీయం,2,4.455533772945999e-05
4293,హటావో,2,4.455533772945999e-05
4294,హతమార్చు,2,4.455533772945999e-05
4295,హత్య,2,4.455533772945999e-05
4296,హరికథ,2,4.455533772945999e-05
4297,హరితం,2,4.455533772945999e-05
4298,హరీష్,2,4.455533772945999e-05
4299,హాండ్,2,4.455533772945999e-05
4300,హాల్,2,4.455533772945999e-05
4301,హాస్పిటళ్ళు,2,4.455533772945999e-05
4302,హింసాత్మక,2,4.455533772945999e-05
4303,హిమనదీయ,2,4.455533772945999e-05
4304,హిల్స్,2,4.455533772945999e-05
4305,హృదయం,2,4.455533772945999e-05
4306,హోం,2,4.455533772945999e-05
4307,హోటల్,2,4.455533772945999e-05
4308,హోల్సేల్,2,4.455533772945999e-05
4309,అంక,1,2.2277668864729994e-05
4310,అంకగణితం,1,2.2277668864729994e-05
4311,అంకురార్పణం,1,2.2277668864729994e-05
4312,అంగడి,1,2.2277668864729994e-05
4313,అంగన్వాడి,1,2.2277668864729994e-05
4314,అంగరంగం,1,2.2277668864729994e-05
4315,అంగరక్షకుడు,1,2.2277668864729994e-05
4316,అంగీకరి,1,2.2277668864729994e-05
4317,అంజనం,1,2.2277668864729994e-05
4318,అంట,1,2.2277668864729994e-05
4319,అంటార్కిటికా,1,2.2277668864729994e-05
4320,అంటార్కిటిక్,1,2.2277668864729994e-05
4321,అంటిపెట్ట్,1,2.2277668864729994e-05
4322,అంటువ్యాధి,1,2.2277668864729994e-05
4323,అంట్,1,2.2277668864729994e-05
4324,అండదండలు,1,2.2277668864729994e-05
4325,అంతగా,1,2.2277668864729994e-05
4326,అంతరాలయం,1,2.2277668864729994e-05
4327,అంతర్,1,2.2277668864729994e-05
4328,అంతర్జాలం,1,2.2277668864729994e-05
4329,అంతర్దృష్టి,1,2.2277668864729994e-05
4330,అంతర్భాగం,1,2.2277668864729994e-05
4331,అంతర్యం,1,2.2277668864729994e-05
4332,అంతలోగా,1,2.2277668864729994e-05
4333,అంతస్తు,1,2.2277668864729994e-05
4334,అంతు,1,2.2277668864729994e-05
4335,అంతేకాకున్న,1,2.2277668864729994e-05
4336,అందచేసారు,1,2.2277668864729994e-05
4337,అందజే,1,2.2277668864729994e-05
4338,అందనుంది,1,2.2277668864729994e-05
4339,అందాక,1,2.2277668864729994e-05
4340,అందాజు,1,2.2277668864729994e-05
4341,అందించాల్సిన,1,2.2277668864729994e-05
4342,అందిందని,1,2.2277668864729994e-05
4343,అందివ్వక,1,2.2277668864729994e-05
4344,అందివ్వదలచిన,1,2.2277668864729994e-05
4345,అందుకనేసి,1,2.2277668864729994e-05
4346,అందుకుంది,1,2.2277668864729994e-05
4347,అందుకునేందుకు,1,2.2277668864729994e-05
4348,అందుకున్నారు,1,2.2277668864729994e-05
4349,అందుకోలేక,1,2.2277668864729994e-05
4350,అందుతాయి,1,2.2277668864729994e-05
4351,అందుతుందని,1,2.2277668864729994e-05
4352,అందుతుంది,1,2.2277668864729994e-05
4353,అందుతున్న,1,2.2277668864729994e-05
4354,అంబలి,1,2.2277668864729994e-05
4355,అంబులెన్స్,1,2.2277668864729994e-05
4356,అఆ,1,2.2277668864729994e-05
4357,అక,1,2.2277668864729994e-05
4358,అకాడమి,1,2.2277668864729994e-05
4359,అకాడమిక్,1,2.2277668864729994e-05
4360,అకాలం,1,2.2277668864729994e-05
4361,అక్కడక్కడ,1,2.2277668864729994e-05
4362,అక్కడనుంచి,1,2.2277668864729994e-05
4363,అక్కడున్న,1,2.2277668864729994e-05
4364,అక్కడేమైనా,1,2.2277668864729994e-05
4365,అక్కడ్నుంచి,1,2.2277668864729994e-05
4366,అక్రోట్,1,2.2277668864729994e-05
4367,అక్షరాంకం,1,2.2277668864729994e-05
4368,అక్షరాభ్యాసం,1,2.2277668864729994e-05
4369,అక్సైడ్లే,1,2.2277668864729994e-05
4370,అగడ్త,1,2.2277668864729994e-05
4371,అగర్వాల్,1,2.2277668864729994e-05
4372,అగు,1,2.2277668864729994e-05
4373,అగ్నిమయమైన,1,2.2277668864729994e-05
4374,అగ్నిమాపక,1,2.2277668864729994e-05
4375,అగ్రికల్చర్,1,2.2277668864729994e-05
4376,అచ్చుకొట్టడం,1,2.2277668864729994e-05
4377,అచ్యుతానంద,1,2.2277668864729994e-05
4378,అజంత,1,2.2277668864729994e-05
4379,అజయ్కుమార్,1,2.2277668864729994e-05
4380,అజాగ్రత్త,1,2.2277668864729994e-05
4381,అజారుద్దీన్,1,2.2277668864729994e-05
4382,అజీర్తి,1,2.2277668864729994e-05
4383,అజ్ఞాతం,1,2.2277668864729994e-05
4384,అటల్,1,2.2277668864729994e-05
4385,అటవీప్రాంతం,1,2.2277668864729994e-05
4386,అటవీవిద్యుత్,1,2.2277668864729994e-05
4387,అటవీశాఖ,1,2.2277668864729994e-05
4388,అటుపక్క,1,2.2277668864729994e-05
4389,అటెండెన్స్,1,2.2277668864729994e-05
4390,అట్టడుగు,1,2.2277668864729994e-05
4391,అట్టహాసం,1,2.2277668864729994e-05
4392,అట్నించి,1,2.2277668864729994e-05
4393,అట్లాంటి,1,2.2277668864729994e-05
4394,అట్లాంటిక్,1,2.2277668864729994e-05
4395,అడగ్,1,2.2277668864729994e-05
4396,అడపా,1,2.2277668864729994e-05
4397,అడవాళ్ళు,1,2.2277668864729994e-05
4398,అడుగడుగునా,1,2.2277668864729994e-05
4399,అడుగుజాడ,1,2.2277668864729994e-05
4400,అడుగున,1,2.2277668864729994e-05
4401,అడుగుపె,1,2.2277668864729994e-05
4402,అడ్,1,2.2277668864729994e-05
4403,అడ్జస్ట్,1,2.2277668864729994e-05
4404,అడ్డగోలుగా,1,2.2277668864729994e-05
4405,అడ్డుకట్ట,1,2.2277668864729994e-05
4406,అడ్మిషన్స్,1,2.2277668864729994e-05
4407,అడ్రసు,1,2.2277668864729994e-05
4408,అడ్రెస్,1,2.2277668864729994e-05
4409,అడ్వకేట్,1,2.2277668864729994e-05
4410,అడ్వాణీ,1,2.2277668864729994e-05
4411,అడ్వాన్స్,1,2.2277668864729994e-05
4412,అణ,1,2.2277668864729994e-05
4413,అణచు,1,2.2277668864729994e-05
4414,అతిచిన్న,1,2.2277668864729994e-05
4415,అతిధేయ,1,2.2277668864729994e-05
4416,అతినీల,1,2.2277668864729994e-05
4417,అతిపిద్ద,1,2.2277668864729994e-05
4418,అతిలోతైన,1,2.2277668864729994e-05
4419,అతివేగం,1,2.2277668864729994e-05
4420,అతుక్కుపోయింది,1,2.2277668864729994e-05
4421,అత్తమ్మ,1,2.2277668864729994e-05
4422,అత్యద్భుతం,1,2.2277668864729994e-05
4423,అత్యధికకాలం,1,2.2277668864729994e-05
4424,అత్యాచారం,1,2.2277668864729994e-05
4425,అథర్వణాచార్యుడు,1,2.2277668864729994e-05
4426,అథారిటీ,1,2.2277668864729994e-05
4427,అదంతా,1,2.2277668864729994e-05
4428,అదర్,1,2.2277668864729994e-05
4429,అదును,1,2.2277668864729994e-05
4430,అదుర్స్,1,2.2277668864729994e-05
4431,అదేలాగా,1,2.2277668864729994e-05
4432,అదేవిధముగా,1,2.2277668864729994e-05
4433,అదొక,1,2.2277668864729994e-05
4434,అదొకటి,1,2.2277668864729994e-05
4435,అద్దె,1,2.2277668864729994e-05
4436,అద్వైత,1,2.2277668864729994e-05
4437,అధికరణం,1,2.2277668864729994e-05
4438,అధికశాతం,1,2.2277668864729994e-05
4439,అధికారపగ్గం,1,2.2277668864729994e-05
4440,అధికారపార్టీ,1,2.2277668864729994e-05
4441,అధికారుపై,1,2.2277668864729994e-05
4442,అధికారులసు,1,2.2277668864729994e-05
4443,అధినేత,1,2.2277668864729994e-05
4444,అధిపతి,1,2.2277668864729994e-05
4445,అధిపత్యం,1,2.2277668864729994e-05
4446,అధిష్టానం,1,2.2277668864729994e-05
4447,అధిస్థాపన,1,2.2277668864729994e-05
4448,అధునాతనం,1,2.2277668864729994e-05
4449,అధ్బుతంగా,1,2.2277668864729994e-05
4450,అధ్యకురాలిగా,1,2.2277668864729994e-05
4451,అధ్యకులుగా,1,2.2277668864729994e-05
4452,అధ్యక్షతన,1,2.2277668864729994e-05
4453,అధ్యక్షుడయ్యాడు,1,2.2277668864729994e-05
4454,అధ్యాయనం,1,2.2277668864729994e-05
4455,అనంతగిరి,1,2.2277668864729994e-05
4456,అనంతుడు,1,2.2277668864729994e-05
4457,అనతికాలం,1,2.2277668864729994e-05
4458,అనధికారికంగా,1,2.2277668864729994e-05
4459,అనసూయ,1,2.2277668864729994e-05
4460,అనాథ,1,2.2277668864729994e-05
4461,అనాదరణ,1,2.2277668864729994e-05
4462,అనాధ,1,2.2277668864729994e-05
4463,అనాసక్తి,1,2.2277668864729994e-05
4464,అనిఅయినా,1,2.2277668864729994e-05
4465,అనిల్,1,2.2277668864729994e-05
4466,అనుకరణం,1,2.2277668864729994e-05
4467,అనుకరి,1,2.2277668864729994e-05
4468,అనుకుంటా,1,2.2277668864729994e-05
4469,అనుకుంటాను,1,2.2277668864729994e-05
4470,అనుకుంటారు,1,2.2277668864729994e-05
4471,అనుకుంటున్నా,1,2.2277668864729994e-05
4472,అనుకుంటున్నాం,1,2.2277668864729994e-05
4473,అనుకుంటున్నారా,1,2.2277668864729994e-05
4474,అనుకునేది,1,2.2277668864729994e-05
4475,అనుకునేవాళ్ళు,1,2.2277668864729994e-05
4476,అనుకున్నాం,1,2.2277668864729994e-05
4477,అనుకున్నారో,1,2.2277668864729994e-05
4478,అనుకోకండి,1,2.2277668864729994e-05
4479,అనుకోలేదు,1,2.2277668864729994e-05
4480,అనుకోవట్లేదు,1,2.2277668864729994e-05
4481,అనునవి,1,2.2277668864729994e-05
4482,అనుపమ,1,2.2277668864729994e-05
4483,అనుభవాలె,1,2.2277668864729994e-05
4484,అనుభావిక,1,2.2277668864729994e-05
4485,అనుమానం,1,2.2277668864729994e-05
4486,అనుయాయుడు,1,2.2277668864729994e-05
4487,అనువన,1,2.2277668864729994e-05
4488,అనుసంధానం,1,2.2277668864729994e-05
4489,అనుసరి,1,2.2277668864729994e-05
4490,అనేకం,1,2.2277668864729994e-05
4491,అనేకమంది,1,2.2277668864729994e-05
4492,అనేపేరు,1,2.2277668864729994e-05
4493,అనోజిస్సస్,1,2.2277668864729994e-05
4494,అన్నట్టే,1,2.2277668864729994e-05
4495,అన్నట్లయితే,1,2.2277668864729994e-05
4496,అన్నట్లు,1,2.2277668864729994e-05
4497,అన్నతమ్ముల,1,2.2277668864729994e-05
4498,అన్నింటినీ,1,2.2277668864729994e-05
4499,అన్నింటిలోవాడేవి,1,2.2277668864729994e-05
4500,అన్నిచోటు,1,2.2277668864729994e-05
4501,అన్నియు,1,2.2277668864729994e-05
4502,అన్నివిధాలా,1,2.2277668864729994e-05
4503,అన్వయింపజేయాల్పిన,1,2.2277668864729994e-05
4504,అపద్దర్మ,1,2.2277668864729994e-05
4505,అపరిమితం,1,2.2277668864729994e-05
4506,అపరిమితమయిన,1,2.2277668864729994e-05
4507,అపరిశుభ్రత,1,2.2277668864729994e-05
4508,అపరిష్టతంగా,1,2.2277668864729994e-05
4509,అపర్ణ,1,2.2277668864729994e-05
4510,అపాయకారి,1,2.2277668864729994e-05
4511,అపార్ట్ంట్,1,2.2277668864729994e-05
4512,అపెహిలియన్,1,2.2277668864729994e-05
4513,అపై,1,2.2277668864729994e-05
4514,అప్పకవి,1,2.2277668864729994e-05
4515,అప్పు,1,2.2277668864729994e-05
4516,అప్పుడుదా,1,2.2277668864729994e-05
4517,అప్రతిహతం,1,2.2277668864729994e-05
4518,అప్రమతంగా,1,2.2277668864729994e-05
4519,అప్రాక్సీ,1,2.2277668864729994e-05
4520,అప్రెంటిసిప్ల,1,2.2277668864729994e-05
4521,అప్లయ్,1,2.2277668864729994e-05
4522,అప్లైడ్,1,2.2277668864729994e-05
4523,అప్లోడ్,1,2.2277668864729994e-05
4524,అఫిడవిట్పై,1,2.2277668864729994e-05
4525,అబద్ధంచెప్తున్నావా,1,2.2277668864729994e-05
4526,అబుల్,1,2.2277668864729994e-05
4527,అబ్గల్,1,2.2277668864729994e-05
4528,అబ్బాయ్,1,2.2277668864729994e-05
4529,అబ్రహం,1,2.2277668864729994e-05
4530,అభద్రత,1,2.2277668864729994e-05
4531,అభినందన,1,2.2277668864729994e-05
4532,అభిమతం,1,2.2277668864729994e-05
4533,అభివృద్ధిపరచాలన్నా,1,2.2277668864729994e-05
4534,అభివృధ్ధి,1,2.2277668864729994e-05
4535,అభిషేకం,1,2.2277668864729994e-05
4536,అభ్యర్థన,1,2.2277668864729994e-05
4537,అభ్యర్థులుంటే,1,2.2277668864729994e-05
4538,అభ్యసనం,1,2.2277668864729994e-05
4539,అభ్యాసం,1,2.2277668864729994e-05
4540,అమరిక,1,2.2277668864729994e-05
4541,అమరు,1,2.2277668864729994e-05
4542,అమలయ్యే,1,2.2277668864729994e-05
4543,అమలవుతున్న,1,2.2277668864729994e-05
4544,అమూల్యం,1,2.2277668864729994e-05
4545,అమెరికావారి,1,2.2277668864729994e-05
4546,అమే,1,2.2277668864729994e-05
4547,అమౌ,1,2.2277668864729994e-05
4548,అమ్ముడైపోయి,1,2.2277668864729994e-05
4549,అమ్మోళ్ల,1,2.2277668864729994e-05
4550,అయస్కాంతావరణం,1,2.2277668864729994e-05
4551,అయాను,1,2.2277668864729994e-05
4552,అయినది,1,2.2277668864729994e-05
4553,అయొకటి,1,2.2277668864729994e-05
4554,అయోమయం,1,2.2277668864729994e-05
4555,అయ్య,1,2.2277668864729994e-05
4556,అయ్యనార్,1,2.2277668864729994e-05
4557,అయ్యప్ప,1,2.2277668864729994e-05
4558,అయ్యయ్యో,1,2.2277668864729994e-05
4559,అయ్యేలాగా,1,2.2277668864729994e-05
4560,అరకేజీ,1,2.2277668864729994e-05
4561,అరగోచించే,1,2.2277668864729994e-05
4562,అరణ్యం,1,2.2277668864729994e-05
4563,అరణ్యపర్వశేషం,1,2.2277668864729994e-05
4564,అరబిక్,1,2.2277668864729994e-05
4565,అరవములోనే,1,2.2277668864729994e-05
4566,అరుంధతి,1,2.2277668864729994e-05
4567,అరుగు,1,2.2277668864729994e-05
4568,అరుగుదల,1,2.2277668864729994e-05
4569,అరుణాచలప్రదేశ్,1,2.2277668864729994e-05
4570,అరుణ్,1,2.2277668864729994e-05
4571,అరెస్ట్,1,2.2277668864729994e-05
4572,అరేబియా,1,2.2277668864729994e-05
4573,అరోమా,1,2.2277668864729994e-05
4574,అర్,1,2.2277668864729994e-05
4575,అర్ఖులైన,1,2.2277668864729994e-05
4576,అర్చన,1,2.2277668864729994e-05
4577,అర్జీ,1,2.2277668864729994e-05
4578,అర్జునుడు,1,2.2277668864729994e-05
4579,అర్జెంట్గా,1,2.2277668864729994e-05
4580,అర్తత,1,2.2277668864729994e-05
4581,అర్థాంతరం,1,2.2277668864729994e-05
4582,అర్దాంతరంగా,1,2.2277668864729994e-05
4583,అర్ధగోళం,1,2.2277668864729994e-05
4584,అర్ధరాత్రి,1,2.2277668864729994e-05
4585,అర్పించు,1,2.2277668864729994e-05
4586,అర్బస్,1,2.2277668864729994e-05
4587,అర్మ,1,2.2277668864729994e-05
4588,అర్మత్,1,2.2277668864729994e-05
4589,అర్షద్,1,2.2277668864729994e-05
4590,అర్హుడని,1,2.2277668864729994e-05
4591,అలంకరి,1,2.2277668864729994e-05
4592,అలయన్స్,1,2.2277668864729994e-05
4593,అలరి,1,2.2277668864729994e-05
4594,అలవాటయింది,1,2.2277668864729994e-05
4595,అలసంద,1,2.2277668864729994e-05
4596,అలసట,1,2.2277668864729994e-05
4597,అలసడిగా,1,2.2277668864729994e-05
4598,అలసిపోతున్నాం,1,2.2277668864729994e-05
4599,అలాంటివన్నీ,1,2.2277668864729994e-05
4600,అలాంటివే,1,2.2277668864729994e-05
4601,అలాగ,1,2.2277668864729994e-05
4602,అలిచి,1,2.2277668864729994e-05
4603,అలెక్సి,1,2.2277668864729994e-05
4604,అలెగ్జాండర్,1,2.2277668864729994e-05
4605,అలెర్జీ,1,2.2277668864729994e-05
4606,అల్,1,2.2277668864729994e-05
4607,అల్గారిథంల,1,2.2277668864729994e-05
4608,అల్గారిదమిక్,1,2.2277668864729994e-05
4609,అల్ట్రా,1,2.2277668864729994e-05
4610,అల్ప,1,2.2277668864729994e-05
4611,అల్పపీడనం,1,2.2277668864729994e-05
4612,అల్రెడీ,1,2.2277668864729994e-05
4613,అల్లకల్లోలం,1,2.2277668864729994e-05
4614,అల్లలడటం,1,2.2277668864729994e-05
4615,అల్లూరి,1,2.2277668864729994e-05
4616,అల్సహాల్,1,2.2277668864729994e-05
4617,అవకాశమివ్వాలి,1,2.2277668864729994e-05
4618,అవకాశముంటుంది,1,2.2277668864729994e-05
4619,అవకాశాలుంటాయి,1,2.2277668864729994e-05
4620,అవకాశాలున్నాయి,1,2.2277668864729994e-05
4621,అవక్షేపం,1,2.2277668864729994e-05
4622,అవగన,1,2.2277668864729994e-05
4623,అవతరణం,1,2.2277668864729994e-05
4624,అవతరి,1,2.2277668864729994e-05
4625,అవధానం,1,2.2277668864729994e-05
4626,అవమానం,1,2.2277668864729994e-05
4627,అవమానకరం,1,2.2277668864729994e-05
4628,అవశ్యం,1,2.2277668864729994e-05
4629,అవస్థాపన,1,2.2277668864729994e-05
4630,అవహేళనకు,1,2.2277668864729994e-05
4631,అవార్య,1,2.2277668864729994e-05
4632,అవాస్తవమని,1,2.2277668864729994e-05
4633,అవిఇవీ,1,2.2277668864729994e-05
4634,అవిధేయత,1,2.2277668864729994e-05
4635,అవినాభావం,1,2.2277668864729994e-05
4636,అవిశ్రాంత,1,2.2277668864729994e-05
4637,అవిశ్వాస,1,2.2277668864729994e-05
4638,అవిశ్వాసం,1,2.2277668864729994e-05
4639,అవుట్సైడ్,1,2.2277668864729994e-05
4640,అవుతుంటారు,1,2.2277668864729994e-05
4641,అవునండీ,1,2.2277668864729994e-05
4642,అవునవును,1,2.2277668864729994e-05
4643,అవుసరం,1,2.2277668864729994e-05
4644,అవేంటంటే,1,2.2277668864729994e-05
4645,అవైలబిలిటీ,1,2.2277668864729994e-05
4646,అవైలబుల్,1,2.2277668864729994e-05
4647,అవైలబుల్గా,1,2.2277668864729994e-05
4648,అవైలేబుల్,1,2.2277668864729994e-05
4649,అవొచ్చి,1,2.2277668864729994e-05
4650,అవ్వ,1,2.2277668864729994e-05
4651,అవ్వకుండా,1,2.2277668864729994e-05
4652,అవ్వచ్చు,1,2.2277668864729994e-05
4653,అవ్వి,1,2.2277668864729994e-05
4654,అశోక,1,2.2277668864729994e-05
4655,అశోక్,1,2.2277668864729994e-05
4656,అశ్రద్ధ,1,2.2277668864729994e-05
4657,అశ్వనీ,1,2.2277668864729994e-05
4658,అశ్వినీనక్షత్రం,1,2.2277668864729994e-05
4659,అష్టభాషాకవి,1,2.2277668864729994e-05
4660,అష్టావదానం,1,2.2277668864729994e-05
4661,అసంఖ్యాకం,1,2.2277668864729994e-05
4662,అసంగిత,1,2.2277668864729994e-05
4663,అసంతృప్తి,1,2.2277668864729994e-05
4664,అసంతృప్తుణ్ణి,1,2.2277668864729994e-05
4665,అసక్తికరంగా,1,2.2277668864729994e-05
4666,అసఫజాహీ,1,2.2277668864729994e-05
4667,అసభ్యం,1,2.2277668864729994e-05
4668,అసభ్యకర,1,2.2277668864729994e-05
4669,అసమతుల్యత,1,2.2277668864729994e-05
4670,అసమానత,1,2.2277668864729994e-05
4671,అసాంఘిక,1,2.2277668864729994e-05
4672,అసాధ్యం,1,2.2277668864729994e-05
4673,అసాధ్యమని,1,2.2277668864729994e-05
4674,అసిడిటీ,1,2.2277668864729994e-05
4675,అసిస్టెంట్,1,2.2277668864729994e-05
4676,అసేక,1,2.2277668864729994e-05
4677,అసోసియేట్,1,2.2277668864729994e-05
4678,అసోసియేషన్,1,2.2277668864729994e-05
4679,అస్ట్రనామికాల్,1,2.2277668864729994e-05
4680,అస్తిత్వం,1,2.2277668864729994e-05
4681,అస్త్రం,1,2.2277668864729994e-05
4682,అస్థిరం,1,2.2277668864729994e-05
4683,అస్థెనోస్పియర్,1,2.2277668864729994e-05
4684,అస్పష్టం,1,2.2277668864729994e-05
4685,అస్సాక,1,2.2277668864729994e-05
4686,అస్సాకా,1,2.2277668864729994e-05
4687,అస్సెస్మెంట్,1,2.2277668864729994e-05
4688,అహర్నిశలు,1,2.2277668864729994e-05
4689,అహింస,1,2.2277668864729994e-05
4690,అహ్మద్,1,2.2277668864729994e-05
4691,ఆంక్ష,1,2.2277668864729994e-05
4692,ఆంగ్లమాధ్యమ,1,2.2277668864729994e-05
4693,ఆంగ్లేయుడు,1,2.2277668864729994e-05
4694,ఆంటానియో,1,2.2277668864729994e-05
4695,ఆంటీ,1,2.2277668864729994e-05
4696,ఆంధ్రం,1,2.2277668864729994e-05
4697,ఆంధ్రభృత్య,1,2.2277668864729994e-05
4698,ఆంధ్రరాష్ట్రం,1,2.2277668864729994e-05
4699,ఆంధ్రరాష్ట్రమంతయు,1,2.2277668864729994e-05
4700,ఆంధ్రస్,1,2.2277668864729994e-05
4701,ఆంధ్రాపదేశ్,1,2.2277668864729994e-05
4702,ఆంధ్రాప్రదేశ్,1,2.2277668864729994e-05
4703,ఆంధ్రావదేశ్,1,2.2277668864729994e-05
4704,ఆంధ్రీకరి,1,2.2277668864729994e-05
4705,ఆంబులెన్స్,1,2.2277668864729994e-05
4706,ఆఆ,1,2.2277668864729994e-05
4707,ఆకట్టుకునేవి,1,2.2277668864729994e-05
4708,ఆకర్షణీయం,1,2.2277668864729994e-05
4709,ఆకర్షితం,1,2.2277668864729994e-05
4710,ఆకస్మికం,1,2.2277668864729994e-05
4711,ఆకాంక్ష,1,2.2277668864729994e-05
4712,ఆకురాలు,1,2.2277668864729994e-05
4713,ఆకురాల్చే,1,2.2277668864729994e-05
4714,ఆకృతి,1,2.2277668864729994e-05
4715,ఆకృత్యాలన్నింటి,1,2.2277668864729994e-05
4716,ఆక్రమి,1,2.2277668864729994e-05
4717,ఆక్షన్,1,2.2277668864729994e-05
4718,ఆక్సిడేషన్,1,2.2277668864729994e-05
4719,ఆక్సీకరణం,1,2.2277668864729994e-05
4720,ఆక్సెప్ట్,1,2.2277668864729994e-05
4721,ఆక్సైడ్,1,2.2277668864729994e-05
4722,ఆక్స్ఫర్డ్,1,2.2277668864729994e-05
4723,ఆక్స్ఫోర్డ్,1,2.2277668864729994e-05
4724,ఆఖ్యానం,1,2.2277668864729994e-05
4725,ఆగర్భ,1,2.2277668864729994e-05
4726,ఆగ్,1,2.2277668864729994e-05
4727,ఆగ్రహాయణికః,1,2.2277668864729994e-05
4728,ఆచంట,1,2.2277668864729994e-05
4729,ఆచరి,1,2.2277668864729994e-05
4730,ఆచరించు,1,2.2277668864729994e-05
4731,ఆచూకి,1,2.2277668864729994e-05
4732,ఆజాద్,1,2.2277668864729994e-05
4733,ఆటపాట,1,2.2277668864729994e-05
4734,ఆటబొమ్మ,1,2.2277668864729994e-05
4735,ఆటలాడుకోవాల,1,2.2277668864729994e-05
4736,ఆటుపోటు,1,2.2277668864729994e-05
4737,ఆటుమ్నాల్,1,2.2277668864729994e-05
4738,ఆటోపే,1,2.2277668864729994e-05
4739,ఆడవారు,1,2.2277668864729994e-05
4740,ఆడాడుకుంటే,1,2.2277668864729994e-05
4741,ఆడించు,1,2.2277668864729994e-05
4742,ఆడిచ్చుకొనిచ్చి,1,2.2277668864729994e-05
4743,ఆడిపించేవాళ్ళు,1,2.2277668864729994e-05
4744,ఆడుకుం,1,2.2277668864729994e-05
4745,ఆడుకుంటు,1,2.2277668864729994e-05
4746,ఆడుటకనువుగా,1,2.2277668864729994e-05
4747,ఆత్మగౌరవం,1,2.2277668864729994e-05
4748,ఆత్మపరస్పర,1,2.2277668864729994e-05
4749,ఆత్మహత్య,1,2.2277668864729994e-05
4750,ఆత్మీయత,1,2.2277668864729994e-05
4751,ఆత్రేయపురం,1,2.2277668864729994e-05
4752,ఆదరించు,1,2.2277668864729994e-05
4753,ఆదర్శం,1,2.2277668864729994e-05
4754,ఆదినారాయణ,1,2.2277668864729994e-05
4755,ఆదిభట్ల,1,2.2277668864729994e-05
4756,ఆదిలాబాద్,1,2.2277668864729994e-05
4757,ఆదివాసి,1,2.2277668864729994e-05
4758,ఆదేశముగా,1,2.2277668864729994e-05
4759,ఆదేశానుసారం,1,2.2277668864729994e-05
4760,ఆద్యుడు,1,2.2277668864729994e-05
4761,ఆధారాలున్నాయి,1,2.2277668864729994e-05
4762,ఆధార్ను,1,2.2277668864729994e-05
4763,ఆధిక్యత,1,2.2277668864729994e-05
4764,ఆధిపత్యం,1,2.2277668864729994e-05
4765,ఆధునికమైనటువంటి,1,2.2277668864729994e-05
4766,ఆధ్యాత్మిక,1,2.2277668864729994e-05
4767,ఆధ్యాత్మికత,1,2.2277668864729994e-05
4768,ఆనందబాబు,1,2.2277668864729994e-05
4769,ఆనందాన్నిచ్చింది,1,2.2277668864729994e-05
4770,ఆనందాన్నీ,1,2.2277668864729994e-05
4771,ఆనంది,1,2.2277668864729994e-05
4772,ఆనవాయితీగా,1,2.2277668864729994e-05
4773,ఆనాడు,1,2.2277668864729994e-05
4774,ఆనారోగ్యం,1,2.2277668864729994e-05
4775,ఆనియన్,1,2.2277668864729994e-05
4776,ఆపిల్,1,2.2277668864729994e-05
4777,ఆపిల్స్,1,2.2277668864729994e-05
4778,ఆపేదన,1,2.2277668864729994e-05
4779,ఆపేసామమ్మ,1,2.2277668864729994e-05
4780,ఆపై,1,2.2277668864729994e-05
4781,ఆపైన,1,2.2277668864729994e-05
4782,ఆప్టికల్,1,2.2277668864729994e-05
4783,ఆప్యాయత,1,2.2277668864729994e-05
4784,ఆప్షన్,1,2.2277668864729994e-05
4785,ఆప్షన్స్,1,2.2277668864729994e-05
4786,ఆఫిసియల్,1,2.2277668864729994e-05
4787,ఆఫ్కోర్ట్,1,2.2277668864729994e-05
4788,ఆఫ్టర్,1,2.2277668864729994e-05
4789,ఆఫ్టర్నూన్,1,2.2277668864729994e-05
4790,ఆఫ్రికన్,1,2.2277668864729994e-05
4791,ఆఫ్రికా,1,2.2277668864729994e-05
4792,ఆఫ్రో,1,2.2277668864729994e-05
4793,ఆఫ్లైన్,1,2.2277668864729994e-05
4794,ఆభరణం,1,2.2277668864729994e-05
4795,ఆమరణం,1,2.2277668864729994e-05
4796,ఆముదం,1,2.2277668864729994e-05
4797,ఆమెజాన్,1,2.2277668864729994e-05
4798,ఆమేరకు,1,2.2277668864729994e-05
4799,ఆమోదముద్ర,1,2.2277668864729994e-05
4800,ఆమోదయోగ్యం,1,2.2277668864729994e-05
4801,ఆమ్లం,1,2.2277668864729994e-05
4802,ఆమ్లెట్,1,2.2277668864729994e-05
4803,ఆయుధం,1,2.2277668864729994e-05
4804,ఆయుష్షు,1,2.2277668864729994e-05
4805,ఆయోగ్,1,2.2277668864729994e-05
4806,ఆయ్యి,1,2.2277668864729994e-05
4807,ఆరంభం,1,2.2277668864729994e-05
4808,ఆరంభమైనదమే,1,2.2277668864729994e-05
4809,ఆరంభమైనదినమే,1,2.2277668864729994e-05
4810,ఆరా,1,2.2277668864729994e-05
4811,ఆరాధకుడు,1,2.2277668864729994e-05
4812,ఆరాధన,1,2.2277668864729994e-05
4813,ఆరాధి,1,2.2277668864729994e-05
4814,ఆరాధించు,1,2.2277668864729994e-05
4815,ఆరాసులతోనే,1,2.2277668864729994e-05
4816,ఆరిజిన్,1,2.2277668864729994e-05
4817,ఆరుగురు,1,2.2277668864729994e-05
4818,ఆరుబయట,1,2.2277668864729994e-05
4819,ఆరుసార్లు,1,2.2277668864729994e-05
4820,ఆరుసూత్రాల,1,2.2277668864729994e-05
4821,ఆరెంజ్,1,2.2277668864729994e-05
4822,ఆరేళ్లపైబడిన,1,2.2277668864729994e-05
4823,ఆరోగ్యదాయకమైన,1,2.2277668864729994e-05
4824,ఆరోగ్యపరంగా,1,2.2277668864729994e-05
4825,ఆరోగ్యశ్రీ,1,2.2277668864729994e-05
4826,ఆరోగ్యానికైనా,1,2.2277668864729994e-05
4827,ఆర్ఎస్,1,2.2277668864729994e-05
4828,ఆర్కిటెక్చర్,1,2.2277668864729994e-05
4829,ఆర్కె,1,2.2277668864729994e-05
4830,ఆర్క్,1,2.2277668864729994e-05
4831,ఆర్గనైజేషన్,1,2.2277668864729994e-05
4832,ఆర్గానిక్స్,1,2.2277668864729994e-05
4833,ఆర్గాన్,1,2.2277668864729994e-05
4834,ఆర్గ్,1,2.2277668864729994e-05
4835,ఆర్జితం,1,2.2277668864729994e-05
4836,ఆర్జియుకెటి,1,2.2277668864729994e-05
4837,ఆర్టిస్ట్,1,2.2277668864729994e-05
4838,ఆర్ట్స్,1,2.2277668864729994e-05
4839,ఆర్డినెన్స్,1,2.2277668864729994e-05
4840,ఆర్దిక,1,2.2277668864729994e-05
4841,ఆర్ధికం,1,2.2277668864729994e-05
4842,ఆర్మొరా,1,2.2277668864729994e-05
4843,ఆర్యభట్ట,1,2.2277668864729994e-05
4844,ఆర్సి,1,2.2277668864729994e-05
4845,ఆలుగడ్డ,1,2.2277668864729994e-05
4846,ఆలూరు,1,2.2277668864729994e-05
4847,ఆలె,1,2.2277668864729994e-05
4848,ఆల్కలైన్,1,2.2277668864729994e-05
4849,ఆల్కహాల్,1,2.2277668864729994e-05
4850,ఆల్టర్నీఫోలియం,1,2.2277668864729994e-05
4851,ఆల్ట్రోస్,1,2.2277668864729994e-05
4852,ఆల్బమ్,1,2.2277668864729994e-05
4853,ఆల్బెడో,1,2.2277668864729994e-05
4854,ఆవకాయ,1,2.2277668864729994e-05
4855,ఆవరణ,1,2.2277668864729994e-05
4856,ఆవశ్యకం,1,2.2277668864729994e-05
4857,ఆవిష్కరణ,1,2.2277668864729994e-05
4858,ఆవుపేడ,1,2.2277668864729994e-05
4859,ఆశీర్నచనం,1,2.2277668864729994e-05
4860,ఆశ్చర్యం,1,2.2277668864729994e-05
4861,ఆశ్రయించు,1,2.2277668864729994e-05
4862,ఆశ్లేషారధం,1,2.2277668864729994e-05
4863,ఆశ్వీజ,1,2.2277668864729994e-05
4864,ఆషామాషీ,1,2.2277668864729994e-05
4865,ఆషామాషీగా,1,2.2277668864729994e-05
4866,ఆసనం,1,2.2277668864729994e-05
4867,ఆసిఫాబాద్,1,2.2277668864729994e-05
4868,ఆసిలేషన్,1,2.2277668864729994e-05
4869,ఆసుపత్రిగానో,1,2.2277668864729994e-05
4870,ఆస్,1,2.2277668864729994e-05
4871,ఆస్కార్,1,2.2277668864729994e-05
4872,ఆస్ట్రేలియన్,1,2.2277668864729994e-05
4873,ఆస్థానం,1,2.2277668864729994e-05
4874,ఆస్వాదిస్తు,1,2.2277668864729994e-05
4875,ఆహారపంట,1,2.2277668864729994e-05
4876,ఇం,1,2.2277668864729994e-05
4877,ఇంకింగ్,1,2.2277668864729994e-05
4878,ఇంకేంటి,1,2.2277668864729994e-05
4879,ఇంకేమి,1,2.2277668864729994e-05
4880,ఇంకేమైనా,1,2.2277668864729994e-05
4881,ఇంకొంత,1,2.2277668864729994e-05
4882,ఇంకొంతమంది,1,2.2277668864729994e-05
4883,ఇంకొకడు,1,2.2277668864729994e-05
4884,ఇంకొకరు,1,2.2277668864729994e-05
4885,ఇంకొకవిధంగా,1,2.2277668864729994e-05
4886,ఇంకొకసారి,1,2.2277668864729994e-05
4887,ఇంకొన్ని,1,2.2277668864729994e-05
4888,ఇంకోసారి,1,2.2277668864729994e-05
4889,ఇంక్రీస్,1,2.2277668864729994e-05
4890,ఇంగువ,1,2.2277668864729994e-05
4891,ఇంగ్లిష్,1,2.2277668864729994e-05
4892,ఇంగ్లీషువారు,1,2.2277668864729994e-05
4893,ఇంఛార్జ్,1,2.2277668864729994e-05
4894,ఇంజనీరు,1,2.2277668864729994e-05
4895,ఇంజనీర్,1,2.2277668864729994e-05
4896,ఇంజూరీ,1,2.2277668864729994e-05
4897,ఇంటరప్ట్,1,2.2277668864729994e-05
4898,ఇంటరస్ట్,1,2.2277668864729994e-05
4899,ఇంటర్గవర్నమెంటల్,1,2.2277668864729994e-05
4900,ఇంటర్నల్,1,2.2277668864729994e-05
4901,ఇంటర్నెట్టు,1,2.2277668864729994e-05
4902,ఇంటికెళ్ళాలంటే,1,2.2277668864729994e-05
4903,ఇంటికొచ్చి,1,2.2277668864729994e-05
4904,ఇంటిగ్రేటెడ్,1,2.2277668864729994e-05
4905,ఇంటీరియర్,1,2.2277668864729994e-05
4906,ఇంటు,1,2.2277668864729994e-05
4907,ఇంటెగ్రేటెడ్,1,2.2277668864729994e-05
4908,ఇంటెన్సివ్,1,2.2277668864729994e-05
4909,ఇంటెలిజెంన్స్,1,2.2277668864729994e-05
4910,ఇంటెల్,1,2.2277668864729994e-05
4911,ఇంట్లోకు,1,2.2277668864729994e-05
4912,ఇంట్లోను,1,2.2277668864729994e-05
4913,ఇంట్లోవాళ్ళు,1,2.2277668864729994e-05
4914,ఇండస్ట్రియల్,1,2.2277668864729994e-05
4915,ఇండస్ట్రీ,1,2.2277668864729994e-05
4916,ఇండస్ట్రీస్,1,2.2277668864729994e-05
4917,ఇండిపెండెంట్,1,2.2277668864729994e-05
4918,ఇండోనేషియా,1,2.2277668864729994e-05
4919,ఇంతకముందు,1,2.2277668864729994e-05
4920,ఇంతట,1,2.2277668864729994e-05
4921,ఇందిరానగర్,1,2.2277668864729994e-05
4922,ఇందు,1,2.2277668864729994e-05
4923,ఇంద్రపెల్లి,1,2.2277668864729994e-05
4924,ఇంద్రారెడ్డి,1,2.2277668864729994e-05
4925,ఇంపాక్ట్,1,2.2277668864729994e-05
4926,ఇంపార్టెంట్,1,2.2277668864729994e-05
4927,ఇంపార్టెన్స్,1,2.2277668864729994e-05
4928,ఇంపాల్,1,2.2277668864729994e-05
4929,ఇకనుంచి,1,2.2277668864729994e-05
4930,ఇకపై,1,2.2277668864729994e-05
4931,ఇక్కడ్నుంచే,1,2.2277668864729994e-05
4932,ఇక్ష్వాకు,1,2.2277668864729994e-05
4933,ఇగురు,1,2.2277668864729994e-05
4934,ఇచ్చట,1,2.2277668864729994e-05
4935,ఇచ్చినామంటే,1,2.2277668864729994e-05
4936,ఇచ్చిపుచ్చుకోవడం,1,2.2277668864729994e-05
4937,ఇచ్చేడు,1,2.2277668864729994e-05
4938,ఇచ్చేపెన్షన్,1,2.2277668864729994e-05
4939,ఇచ్చేమంటే,1,2.2277668864729994e-05
4940,ఇజ్రాయిల్,1,2.2277668864729994e-05
4941,ఇటుక,1,2.2277668864729994e-05
4942,ఇటువైపు,1,2.2277668864729994e-05
4943,ఇటొక,1,2.2277668864729994e-05
4944,ఇతరం,1,2.2277668864729994e-05
4945,ఇతరచోట్లు,1,2.2277668864729994e-05
4946,ఇతరత్రా,1,2.2277668864729994e-05
4947,ఇతర్మతా,1,2.2277668864729994e-05
4948,ఇతి,1,2.2277668864729994e-05
4949,ఇదియే,1,2.2277668864729994e-05
4950,ఇదిలావుండగా,1,2.2277668864729994e-05
4951,ఇదివరకే,1,2.2277668864729994e-05
4952,ఇదివరలో,1,2.2277668864729994e-05
4953,ఇదేనండి,1,2.2277668864729994e-05
4954,ఇదేమో,1,2.2277668864729994e-05
4955,ఇద్దరం,1,2.2277668864729994e-05
4956,ఇద్దర్నొచ్చి,1,2.2277668864729994e-05
4957,ఇన్నోవా,1,2.2277668864729994e-05
4958,ఇన్ఫ్రారెడ్,1,2.2277668864729994e-05
4959,ఇన్బిల్ట్,1,2.2277668864729994e-05
4960,ఇన్వాల్వ్,1,2.2277668864729994e-05
4961,ఇన్సిడెంట్,1,2.2277668864729994e-05
4962,ఇన్సిమిలెన్స్,1,2.2277668864729994e-05
4963,ఇన్సురెన్స్,1,2.2277668864729994e-05
4964,ఇన్సులిన్,1,2.2277668864729994e-05
4965,ఇన్స్టంట్,1,2.2277668864729994e-05
4966,ఇన్స్టాగ్రామ్,1,2.2277668864729994e-05
4967,ఇన్స్టాల్మెంట్,1,2.2277668864729994e-05
4968,ఇపుడు,1,2.2277668864729994e-05
4969,ఇప్పటికైతే,1,2.2277668864729994e-05
4970,ఇప్పిగళ్తారా,1,2.2277668864729994e-05
4971,ఇప్పిత్తాం,1,2.2277668864729994e-05
4972,ఇప్పు,1,2.2277668864729994e-05
4973,ఇప్పుడంటే,1,2.2277668864729994e-05
4974,ఇప్పుడేమవుతుందంటే,1,2.2277668864729994e-05
4975,ఇప్పుడేమి,1,2.2277668864729994e-05
4976,ఇప్పుడొచ్చేసి,1,2.2277668864729994e-05
4977,ఇబ్బందైతే,1,2.2277668864729994e-05
4978,ఇమామి,1,2.2277668864729994e-05
4979,ఇమిడేలాగా,1,2.2277668864729994e-05
4980,ఇమెయిల్,1,2.2277668864729994e-05
4981,ఇయర్లీ,1,2.2277668864729994e-05
4982,ఇర,1,2.2277668864729994e-05
4983,ఇరవయ్యొవ,1,2.2277668864729994e-05
4984,ఇరిగిపోయినవి,1,2.2277668864729994e-05
4985,ఇరుజట్లు,1,2.2277668864729994e-05
4986,ఇరువైపుల,1,2.2277668864729994e-05
4987,ఇరుసు,1,2.2277668864729994e-05
4988,ఇలాఉండగాసుపీంకోర్టు,1,2.2277668864729994e-05
4989,ఇలాగే,1,2.2277668864729994e-05
4990,ఇలాచి,1,2.2277668864729994e-05
4991,ఇల్లాలు,1,2.2277668864729994e-05
4992,ఇళ్ళంతా,1,2.2277668864729994e-05
4993,ఇళ్ళకు,1,2.2277668864729994e-05
4994,ఇవం,1,2.2277668864729994e-05
4995,ఇవేమీ,1,2.2277668864729994e-05
4996,ఇవ్వనుంది,1,2.2277668864729994e-05
4997,ఇవ్వనున్నారు,1,2.2277668864729994e-05
4998,ఇవ్వాల్సిందిగా,1,2.2277668864729994e-05
4999,ఇవ్వాళ,1,2.2277668864729994e-05
5000,ఇశ్,1,2.2277668864729994e-05
5001,ఇష్టపడుతు,1,2.2277668864729994e-05
5002,ఇసుజు,1,2.2277668864729994e-05
5003,ఇస్,1,2.2277668864729994e-05
5004,ఇస్తామమ్మా,1,2.2277668864729994e-05
5005,ఇస్మాన్,1,2.2277668864729994e-05
5006,ఈఉపరూపక,1,2.2277668864729994e-05
5007,ఈఎంఐ,1,2.2277668864729994e-05
5008,ఈకేబీఎల్,1,2.2277668864729994e-05
5009,ఈగ,1,2.2277668864729994e-05
5010,ఈజిప్షియన్,1,2.2277668864729994e-05
5011,ఈట్,1,2.2277668864729994e-05
5012,ఈడీ,1,2.2277668864729994e-05
5013,ఈత,1,2.2277668864729994e-05
5014,ఈదు,1,2.2277668864729994e-05
5015,ఈనేపథ్యంలో,1,2.2277668864729994e-05
5016,ఈపిఎఫ్ఓ,1,2.2277668864729994e-05
5017,ఈపిఎఫ్ఓపై,1,2.2277668864729994e-05
5018,ఈయనగొప్ప,1,2.2277668864729994e-05
5019,ఈయస్ఐసి,1,2.2277668864729994e-05
5020,ఈర్ష్య,1,2.2277668864729994e-05
5021,ఈవినింగ్స్,1,2.2277668864729994e-05
5022,ఈవిషువత్,1,2.2277668864729994e-05
5023,ఈవీఎంలు,1,2.2277668864729994e-05
5024,ఈశ్వరన్,1,2.2277668864729994e-05
5025,ఈసీ,1,2.2277668864729994e-05
5026,ఉంగరం,1,2.2277668864729994e-05
5027,ఉంచబడినవి,1,2.2277668864729994e-05
5028,ఉంచుకొనేలాగ,1,2.2277668864729994e-05
5029,ఉంటదనమాట,1,2.2277668864729994e-05
5030,ఉంటరు,1,2.2277668864729994e-05
5031,ఉంటాది,1,2.2277668864729994e-05
5032,ఉంటు,1,2.2277668864729994e-05
5033,ఉంటుండ,1,2.2277668864729994e-05
5034,ఉంటుందంటే,1,2.2277668864729994e-05
5035,ఉంటుందనమాట,1,2.2277668864729994e-05
5036,ఉంటుందన్న,1,2.2277668864729994e-05
5037,ఉంటె,1,2.2277668864729994e-05
5038,ఉండ,1,2.2277668864729994e-05
5039,ఉండగలుగుతున్నాయో,1,2.2277668864729994e-05
5040,ఉండడంవల్ల,1,2.2277668864729994e-05
5041,ఉండడమే,1,2.2277668864729994e-05
5042,ఉండల్ల,1,2.2277668864729994e-05
5043,ఉండవచ్చునని,1,2.2277668864729994e-05
5044,ఉండవల్లి,1,2.2277668864729994e-05
5045,ఉండిపోతున్నారు,1,2.2277668864729994e-05
5046,ఉండిపోయాడు,1,2.2277668864729994e-05
5047,ఉండిపోయిన,1,2.2277668864729994e-05
5048,ఉండిపోవడం,1,2.2277668864729994e-05
5049,ఉండేకాలం,1,2.2277668864729994e-05
5050,ఉండేటువంటి,1,2.2277668864729994e-05
5051,ఉండేదాన్ని,1,2.2277668864729994e-05
5052,ఉండేవని,1,2.2277668864729994e-05
5053,ఉండేవన్నీ,1,2.2277668864729994e-05
5054,ఉండేవాడిని,1,2.2277668864729994e-05
5055,ఉండేవాళ్ళము,1,2.2277668864729994e-05
5056,ఉందనమాట,1,2.2277668864729994e-05
5057,ఉందొ,1,2.2277668864729994e-05
5058,ఉగస్య,1,2.2277668864729994e-05
5059,ఉగాదిదరిదాపులలోనే,1,2.2277668864729994e-05
5060,ఉగ్రవాదం,1,2.2277668864729994e-05
5061,ఉగ్రవాదంపై,1,2.2277668864729994e-05
5062,ఉచితం,1,2.2277668864729994e-05
5063,ఉట్టు,1,2.2277668864729994e-05
5064,ఉడ్,1,2.2277668864729994e-05
5065,ఉతర,1,2.2277668864729994e-05
5066,ఉత్తమ్,1,2.2277668864729994e-05
5067,ఉత్తరాంధ్ర,1,2.2277668864729994e-05
5068,ఉత్తరాఖండ్,1,2.2277668864729994e-05
5069,ఉత్తరాఖాండ్,1,2.2277668864729994e-05
5070,ఉత్తరాది,1,2.2277668864729994e-05
5071,ఉత్తర్,1,2.2277668864729994e-05
5072,ఉత్తీర్ణత,1,2.2277668864729994e-05
5073,ఉత్తేజం,1,2.2277668864729994e-05
5074,ఉత్త్రార్ధగోళం,1,2.2277668864729994e-05
5075,ఉత్పాదక,1,2.2277668864729994e-05
5076,ఉత్పాదకం,1,2.2277668864729994e-05
5077,ఉత్పాదించే,1,2.2277668864729994e-05
5078,ఉత్సుకత,1,2.2277668864729994e-05
5079,ఉదయంముంటారా,1,2.2277668864729994e-05
5080,ఉదయి,1,2.2277668864729994e-05
5081,ఉదయించు,1,2.2277668864729994e-05
5082,ఉదయ్,1,2.2277668864729994e-05
5083,ఉదహరి,1,2.2277668864729994e-05
5084,ఉదా,1,2.2277668864729994e-05
5085,ఉదాసీనంగా,1,2.2277668864729994e-05
5086,ఉదాహరణంగా,1,2.2277668864729994e-05
5087,ఉద్గారం,1,2.2277668864729994e-05
5088,ఉద్దండ,1,2.2277668864729994e-05
5089,ఉద్దానం,1,2.2277668864729994e-05
5090,ఉద్దేశెంచి,1,2.2277668864729994e-05
5091,ఉద్పాదన,1,2.2277668864729994e-05
5092,ఉద్భవం,1,2.2277668864729994e-05
5093,ఉద్యమకారులపై,1,2.2277668864729994e-05
5094,ఉద్యోగసంఘాల,1,2.2277668864729994e-05
5095,ఉద్యోగును,1,2.2277668864729994e-05
5096,ఉద్యోతనుడు,1,2.2277668864729994e-05
5097,ఉధృతం,1,2.2277668864729994e-05
5098,ఉధృతి,1,2.2277668864729994e-05
5099,ఉన్నంత,1,2.2277668864729994e-05
5100,ఉన్నట్టయితే,1,2.2277668864729994e-05
5101,ఉన్నట్టుండి,1,2.2277668864729994e-05
5102,ఉన్నతమైనగా,1,2.2277668864729994e-05
5103,ఉన్నదేమో,1,2.2277668864729994e-05
5104,ఉన్నపుడు,1,2.2277668864729994e-05
5105,ఉన్నప్పుడల్లా,1,2.2277668864729994e-05
5106,ఉన్నవాళ్ళయితే,1,2.2277668864729994e-05
5107,ఉన్నాది,1,2.2277668864729994e-05
5108,ఉన్నామంటే,1,2.2277668864729994e-05
5109,ఉన్నాయ,1,2.2277668864729994e-05
5110,ఉన్నాయంటే,1,2.2277668864729994e-05
5111,ఉన్నాయమ్మ,1,2.2277668864729994e-05
5112,ఉపన్యాసం,1,2.2277668864729994e-05
5113,ఉపముఖ్యమంత్రి,1,2.2277668864729994e-05
5114,ఉపయోగపడ్,1,2.2277668864729994e-05
5115,ఉపరూపకం,1,2.2277668864729994e-05
5116,ఉపవాసం,1,2.2277668864729994e-05
5117,ఉపసంఘం,1,2.2277668864729994e-05
5118,ఉపసంహరించు,1,2.2277668864729994e-05
5119,ఉపాధ,1,2.2277668864729994e-05
5120,ఉపాధ్యాయురాలు,1,2.2277668864729994e-05
5121,ఉపేందర్,1,2.2277668864729994e-05
5122,ఉపేక్ష,1,2.2277668864729994e-05
5123,ఉప్పాడ,1,2.2277668864729994e-05
5124,ఉప్పునీరు,1,2.2277668864729994e-05
5125,ఉబ్బరి,1,2.2277668864729994e-05
5126,ఉబ్బసం,1,2.2277668864729994e-05
5127,ఉభయ,1,2.2277668864729994e-05
5128,ఉమామహేశ్వరరావు,1,2.2277668864729994e-05
5129,ఉమ్మి,1,2.2277668864729994e-05
5130,ఉయ్యాల,1,2.2277668864729994e-05
5131,ఉరిశిక్ష,1,2.2277668864729994e-05
5132,ఉరేసుకొని,1,2.2277668864729994e-05
5133,ఉరోపరి,1,2.2277668864729994e-05
5134,ఉర్దు,1,2.2277668864729994e-05
5135,ఉల్కలు,1,2.2277668864729994e-05
5136,ఉల్లంఘనం,1,2.2277668864729994e-05
5137,ఉల్లికాడ,1,2.2277668864729994e-05
5138,ఉల్లిపాయ,1,2.2277668864729994e-05
5139,ఉష,1,2.2277668864729994e-05
5140,ఉషాదేవతయే,1,2.2277668864729994e-05
5141,ఉష్,1,2.2277668864729994e-05
5142,ఉష్ణప్రసరణ,1,2.2277668864729994e-05
5143,ఉష్ణవాహన,1,2.2277668864729994e-05
5144,ఉష్ణశక్తి,1,2.2277668864729994e-05
5145,ఉష్ణోగ్రత్తలనేవి,1,2.2277668864729994e-05
5146,ఊదు,1,2.2277668864729994e-05
5147,ఊపందుకుంది,1,2.2277668864729994e-05
5148,ఊబర్,1,2.2277668864729994e-05
5149,ఊరంతా,1,2.2277668864729994e-05
5150,ఊరుకోబోమని,1,2.2277668864729994e-05
5151,ఊహాగానం,1,2.2277668864729994e-05
5152,ఊహాజనితం,1,2.2277668864729994e-05
5153,ఋగ్వేదం,1,2.2277668864729994e-05
5154,ఋణపడి,1,2.2277668864729994e-05
5155,ఋతునిర్ణయం,1,2.2277668864729994e-05
5156,ఋతుమాస,1,2.2277668864729994e-05
5157,ఋతుస్రావం,1,2.2277668864729994e-05
5158,ఎంఆర్ఐ,1,2.2277668864729994e-05
5159,ఎంఆర్పీ,1,2.2277668864729994e-05
5160,ఎంఎల్సి,1,2.2277668864729994e-05
5161,ఎంఏ,1,2.2277668864729994e-05
5162,ఎంఏహెచ్,1,2.2277668864729994e-05
5163,ఎంగేజ్,1,2.2277668864729994e-05
5164,ఎంజిల్స్,1,2.2277668864729994e-05
5165,ఎంటర్,1,2.2277668864729994e-05
5166,ఎంటర్టైన్మెంట్,1,2.2277668864729994e-05
5167,ఎంటర్టైన్మెంట్స్,1,2.2277668864729994e-05
5168,ఎంట్రన్స్,1,2.2277668864729994e-05
5169,ఎంట్రీ,1,2.2277668864729994e-05
5170,ఎండమావి,1,2.2277668864729994e-05
5171,ఎండీగా,1,2.2277668864729994e-05
5172,ఎండోథెర్మిక్,1,2.2277668864729994e-05
5173,ఎంతమందన్నా,1,2.2277668864729994e-05
5174,ఎంతమందో,1,2.2277668864729994e-05
5175,ఎంతసేపు,1,2.2277668864729994e-05
5176,ఎంతుందో,1,2.2277668864729994e-05
5177,ఎంతెంత,1,2.2277668864729994e-05
5178,ఎందుకనగా,1,2.2277668864729994e-05
5179,ఎందుకమ్మా,1,2.2277668864729994e-05
5180,ఎందుకింత,1,2.2277668864729994e-05
5181,ఎందువలనంటే,1,2.2277668864729994e-05
5182,ఎందువల్ల,1,2.2277668864729994e-05
5183,ఎంపి,1,2.2277668864729994e-05
5184,ఎంపిహెచ్డబ్ల్యు,1,2.2277668864729994e-05
5185,ఎంపీసి,1,2.2277668864729994e-05
5186,ఎంవీ,1,2.2277668864729994e-05
5187,ఎంసెట్,1,2.2277668864729994e-05
5188,ఎక్కడబడితే,1,2.2277668864729994e-05
5189,ఎక్కడా,1,2.2277668864729994e-05
5190,ఎక్కడి,1,2.2277668864729994e-05
5191,ఎక్కడికైన,1,2.2277668864729994e-05
5192,ఎక్కడెక్కడ,1,2.2277668864729994e-05
5193,ఎక్కించు,1,2.2277668864729994e-05
5194,ఎక్కువమంది,1,2.2277668864729994e-05
5195,ఎక్కువసేపు,1,2.2277668864729994e-05
5196,ఎక్కువ్,1,2.2277668864729994e-05
5197,ఎక్క్,1,2.2277668864729994e-05
5198,ఎక్రీషన్,1,2.2277668864729994e-05
5199,ఎక్విప్మెంట్,1,2.2277668864729994e-05
5200,ఎక్సర్సైస్,1,2.2277668864729994e-05
5201,ఎక్సలెంట్,1,2.2277668864729994e-05
5202,ఎక్ససైజ్,1,2.2277668864729994e-05
5203,ఎక్సోస్ఫియర్,1,2.2277668864729994e-05
5204,ఎక్స్క్యూజ్,1,2.2277668864729994e-05
5205,ఎక్స్పెక్ట్,1,2.2277668864729994e-05
5206,ఎక్స్పెస్,1,2.2277668864729994e-05
5207,ఎక్స్ప్రెషన్స్,1,2.2277668864729994e-05
5208,ఎగతాళి,1,2.2277668864729994e-05
5209,ఎగరవేయడం,1,2.2277668864729994e-05
5210,ఎగ్జయిట్మెంట్,1,2.2277668864729994e-05
5211,ఎగ్జామ్స్,1,2.2277668864729994e-05
5212,ఎగ్జిక్యూటివ్,1,2.2277668864729994e-05
5213,ఎగ్లిబిషన్,1,2.2277668864729994e-05
5214,ఎచ్చెర్ల,1,2.2277668864729994e-05
5215,ఎటపాక,1,2.2277668864729994e-05
5216,ఎటాక్,1,2.2277668864729994e-05
5217,ఎటువంటివి,1,2.2277668864729994e-05
5218,ఎటైనా,1,2.2277668864729994e-05
5219,ఎట్టి,1,2.2277668864729994e-05
5220,ఎట్లైనా,1,2.2277668864729994e-05
5221,ఎడింబ్రా,1,2.2277668864729994e-05
5222,ఎడిక్ట్,1,2.2277668864729994e-05
5223,ఎడిటింగ్,1,2.2277668864729994e-05
5224,ఎడిటింగ్స్,1,2.2277668864729994e-05
5225,ఎడుకేషన్,1,2.2277668864729994e-05
5226,ఎడ్వర్డ్,1,2.2277668864729994e-05
5227,ఎత్తుగడ,1,2.2277668864729994e-05
5228,ఎత్తులకుపై,1,2.2277668864729994e-05
5229,ఎద,1,2.2277668864729994e-05
5230,ఎదిగేం,1,2.2277668864729994e-05
5231,ఎదు,1,2.2277668864729994e-05
5232,ఎదుగుదల,1,2.2277668864729994e-05
5233,ఎదురులేదన్న,1,2.2277668864729994e-05
5234,ఎదురెళ్ళి,1,2.2277668864729994e-05
5235,ఎదుర్,1,2.2277668864729994e-05
5236,ఎదుర్కుంటున్న,1,2.2277668864729994e-05
5237,ఎదుర్కొ,1,2.2277668864729994e-05
5238,ఎదుర్కొంటున్న,1,2.2277668864729994e-05
5239,ఎదుర్కొంటున్నారు,1,2.2277668864729994e-05
5240,ఎదుర్కొన్న,1,2.2277668864729994e-05
5241,ఎదుర్కొన్నాను,1,2.2277668864729994e-05
5242,ఎదుర్కోవడం,1,2.2277668864729994e-05
5243,ఎదుర్కోవలసి,1,2.2277668864729994e-05
5244,ఎద్దు,1,2.2277668864729994e-05
5245,ఎనబై,1,2.2277668864729994e-05
5246,ఎనరోబిక్,1,2.2277668864729994e-05
5247,ఎనర్జాయర్స్,1,2.2277668864729994e-05
5248,ఎనర్జీ,1,2.2277668864729994e-05
5249,ఎనలేని,1,2.2277668864729994e-05
5250,ఎన్ఐటి,1,2.2277668864729994e-05
5251,ఎన్ఐడివి,1,2.2277668864729994e-05
5252,ఎన్టీఆర్,1,2.2277668864729994e-05
5253,ఎన్నడు,1,2.2277668864729994e-05
5254,ఎన్నిక్,1,2.2277668864729994e-05
5255,ఎన్నెన్నో,1,2.2277668864729994e-05
5256,ఎన్నోసారి,1,2.2277668864729994e-05
5257,ఎన్ఫోర్స్మెంట్,1,2.2277668864729994e-05
5258,ఎన్సి,1,2.2277668864729994e-05
5259,ఎన్సిసి,1,2.2277668864729994e-05
5260,ఎపిఎస్ఎఫ్ఎల్,1,2.2277668864729994e-05
5261,ఎప్పట్నుంచో,1,2.2277668864729994e-05
5262,ఎప్పడిదపుడే,1,2.2277668864729994e-05
5263,ఎప్పుడన్నా,1,2.2277668864729994e-05
5264,ఎప్పుడయితే,1,2.2277668864729994e-05
5265,ఎప్పుడైతే,1,2.2277668864729994e-05
5266,ఎఫ్ఎం,1,2.2277668864729994e-05
5267,ఎఫ్ఎవో,1,2.2277668864729994e-05
5268,ఎమర్జెన్సీ,1,2.2277668864729994e-05
5269,ఎమౌంట్,1,2.2277668864729994e-05
5270,ఎమ్మెల్యేగా,1,2.2277668864729994e-05
5271,ఎమ్సెట్,1,2.2277668864729994e-05
5272,ఎమ్స్,1,2.2277668864729994e-05
5273,ఎయిడ్స్,1,2.2277668864729994e-05
5274,ఎయిర్టెల్,1,2.2277668864729994e-05
5275,ఎరోషన్,1,2.2277668864729994e-05
5276,ఎర్రచందనం,1,2.2277668864729994e-05
5277,ఎర్రచీమ,1,2.2277668864729994e-05
5278,ఎర్రటి,1,2.2277668864729994e-05
5279,ఎర్రాప్రగడ,1,2.2277668864729994e-05
5280,ఎలక,1,2.2277668864729994e-05
5281,ఎలక్టానిక్స్,1,2.2277668864729994e-05
5282,ఎలక్ట్రాన్,1,2.2277668864729994e-05
5283,ఎలక్ట్రిషియనా,1,2.2277668864729994e-05
5284,ఎలక్ర్టానిక్,1,2.2277668864729994e-05
5285,ఎలాగ,1,2.2277668864729994e-05
5286,ఎలాగా,1,2.2277668864729994e-05
5287,ఎలాగైన,1,2.2277668864729994e-05
5288,ఎల్ఆర్ఎస్,1,2.2277668864729994e-05
5289,ఎల్ఐసీ,1,2.2277668864729994e-05
5290,ఎల్క్,1,2.2277668864729994e-05
5291,ఎల్క్ట్రిసిటీ,1,2.2277668864729994e-05
5292,ఎల్డర్ఫ్లవర్,1,2.2277668864729994e-05
5293,ఎల్లప్పుడు,1,2.2277668864729994e-05
5294,ఎల్లవేళలా,1,2.2277668864729994e-05
5295,ఎల్లాజీ,1,2.2277668864729994e-05
5296,ఎల్లిగడ్డ,1,2.2277668864729994e-05
5297,ఎల్లిపాయ,1,2.2277668864729994e-05
5298,ఎల్లెస్మెరే,1,2.2277668864729994e-05
5299,ఎల్స్,1,2.2277668864729994e-05
5300,ఎవడు,1,2.2277668864729994e-05
5301,ఎవరన్న,1,2.2277668864729994e-05
5302,ఎవరన్నా,1,2.2277668864729994e-05
5303,ఎవరికైన,1,2.2277668864729994e-05
5304,ఎవరినైనా,1,2.2277668864729994e-05
5305,ఎవరెస్ట్,1,2.2277668864729994e-05
5306,ఎవైలబుల్,1,2.2277668864729994e-05
5307,ఎసబై,1,2.2277668864729994e-05
5308,ఎస్ఎంఎస్లు,1,2.2277668864729994e-05
5309,ఎస్టి,1,2.2277668864729994e-05
5310,ఎస్టీ,1,2.2277668864729994e-05
5311,ఎస్డిజి,1,2.2277668864729994e-05
5312,ఏంటనేసి,1,2.2277668864729994e-05
5313,ఏంటో,1,2.2277668864729994e-05
5314,ఏంది,1,2.2277668864729994e-05
5315,ఏందో,1,2.2277668864729994e-05
5316,ఏఆర్,1,2.2277668864729994e-05
5317,ఏఏ,1,2.2277668864729994e-05
5318,ఏకం,1,2.2277668864729994e-05
5319,ఏకగ్రీవం,1,2.2277668864729994e-05
5320,ఏకఛత్రాధిపత్యం,1,2.2277668864729994e-05
5321,ఏకత్వం,1,2.2277668864729994e-05
5322,ఏకబిగిన,1,2.2277668864729994e-05
5323,ఏకాదశి,1,2.2277668864729994e-05
5324,ఏకేదిీ,1,2.2277668864729994e-05
5325,ఏక్,1,2.2277668864729994e-05
5326,ఏజన్సీ,1,2.2277668864729994e-05
5327,ఏజెంట్,1,2.2277668864729994e-05
5328,ఏజ్,1,2.2277668864729994e-05
5329,ఏటిగట్టు,1,2.2277668864729994e-05
5330,ఏటీఎం,1,2.2277668864729994e-05
5331,ఏటువంటి,1,2.2277668864729994e-05
5332,ఏడవసారి,1,2.2277668864729994e-05
5333,ఏడుపు,1,2.2277668864729994e-05
5334,ఏడుసార్లు,1,2.2277668864729994e-05
5335,ఏదోకారణం,1,2.2277668864729994e-05
5336,ఏపాటి,1,2.2277668864729994e-05
5337,ఏపివై,1,2.2277668864729994e-05
5338,ఏబీ,1,2.2277668864729994e-05
5339,ఏమంటే,1,2.2277668864729994e-05
5340,ఏమంత,1,2.2277668864729994e-05
5341,ఏమన్నారు,1,2.2277668864729994e-05
5342,ఏమిటా,1,2.2277668864729994e-05
5343,ఏమిటో,1,2.2277668864729994e-05
5344,ఏముంటాయి,1,2.2277668864729994e-05
5345,ఏమేం,1,2.2277668864729994e-05
5346,ఏమైనప్పటికీ,1,2.2277668864729994e-05
5347,ఏమైపోయిందంటే,1,2.2277668864729994e-05
5348,ఏమొచ్చినా,1,2.2277668864729994e-05
5349,ఏమ్మా,1,2.2277668864729994e-05
5350,ఏయే,1,2.2277668864729994e-05
5351,ఏరకం,1,2.2277668864729994e-05
5352,ఏరపడటం,1,2.2277668864729994e-05
5353,ఏరోబిక్,1,2.2277668864729994e-05
5354,ఏర్పర్చు,1,2.2277668864729994e-05
5355,ఏర్పాటుచేయాలన్న,1,2.2277668864729994e-05
5356,ఏలకులు,1,2.2277668864729994e-05
5357,ఏవిధం,1,2.2277668864729994e-05
5358,ఏవైతే,1,2.2277668864729994e-05
5359,ఏషియన్,1,2.2277668864729994e-05
5360,ఏసీకె,1,2.2277668864729994e-05
5361,ఏసీలు,1,2.2277668864729994e-05
5362,ఏసు,1,2.2277668864729994e-05
5363,ఏస్ట్రనామికల్,1,2.2277668864729994e-05
5364,ఏోరాటం,1,2.2277668864729994e-05
5365,ఐఐఎం,1,2.2277668864729994e-05
5366,ఐఐఎఫ్టి,1,2.2277668864729994e-05
5367,ఐఐఐటి,1,2.2277668864729994e-05
5368,ఐఐఐటిడిఎమ్,1,2.2277668864729994e-05
5369,ఐకాన్,1,2.2277668864729994e-05
5370,ఐక్యకార్యాచరణసమితి,1,2.2277668864729994e-05
5371,ఐక్యత,1,2.2277668864729994e-05
5372,ఐక్యమయ్యే,1,2.2277668864729994e-05
5373,ఐటెం,1,2.2277668864729994e-05
5374,ఐడియా,1,2.2277668864729994e-05
5375,ఐతే,1,2.2277668864729994e-05
5376,ఐదేళ్ళ,1,2.2277668864729994e-05
5377,ఐద్వా,1,2.2277668864729994e-05
5378,ఐనాక్స్లోనే,1,2.2277668864729994e-05
5379,ఐపిటివి,1,2.2277668864729994e-05
5380,ఐపియల్,1,2.2277668864729994e-05
5381,ఐఫోన్,1,2.2277668864729994e-05
5382,ఐబ్రోస్,1,2.2277668864729994e-05
5383,ఐమ్యాక్స్,1,2.2277668864729994e-05
5384,ఐర్లండ్,1,2.2277668864729994e-05
5385,ఐలీప్,1,2.2277668864729994e-05
5386,ఐసీఎంఆర్,1,2.2277668864729994e-05
5387,ఐసెట్,1,2.2277668864729994e-05
5388,ఐసోటోప్,1,2.2277668864729994e-05
5389,ఐస్క్రీమ్,1,2.2277668864729994e-05
5390,ఒంటె,1,2.2277668864729994e-05
5391,ఒకటేమో,1,2.2277668864729994e-05
5392,ఒకటేసారి,1,2.2277668864729994e-05
5393,ఒకదాంట్లో,1,2.2277668864729994e-05
5394,ఒకదానికేమో,1,2.2277668864729994e-05
5395,ఒకపదం,1,2.2277668864729994e-05
5396,ఒకపార్టీ,1,2.2277668864729994e-05
5397,ఒకరినొకరు,1,2.2277668864729994e-05
5398,ఒకలాగే,1,2.2277668864729994e-05
5399,ఒకళు,1,2.2277668864729994e-05
5400,ఒకవంతు,1,2.2277668864729994e-05
5401,ఒకవైపు,1,2.2277668864729994e-05
5402,ఒకశాతం,1,2.2277668864729994e-05
5403,ఒకె,1,2.2277668864729994e-05
5404,ఒక్,1,2.2277668864729994e-05
5405,ఒక్కతి,1,2.2277668864729994e-05
5406,ఒక్కదాన్ని,1,2.2277668864729994e-05
5407,ఒక్కప్పుడు,1,2.2277668864729994e-05
5408,ఒక్కరోజైతే,1,2.2277668864729994e-05
5409,ఒక్కసారైనా,1,2.2277668864729994e-05
5410,ఒక్కొక్కటి,1,2.2277668864729994e-05
5411,ఒక్కొక్కసారి,1,2.2277668864729994e-05
5412,ఒక్కోసారి,1,2.2277668864729994e-05
5413,ఒగ్గు,1,2.2277668864729994e-05
5414,ఒడి,1,2.2277668864729994e-05
5415,ఒడిషా,1,2.2277668864729994e-05
5416,ఒపీనియన్,1,2.2277668864729994e-05
5417,ఒప్ప్,1,2.2277668864729994e-05
5418,ఒరిజినల్,1,2.2277668864729994e-05
5419,ఒళ్ళో,1,2.2277668864729994e-05
5420,ఓంబిర్లా,1,2.2277668864729994e-05
5421,ఓఆర్ఎస్,1,2.2277668864729994e-05
5422,ఓక్స్,1,2.2277668864729994e-05
5423,ఓఝూపాళి,1,2.2277668864729994e-05
5424,ఓడ,1,2.2277668864729994e-05
5425,ఓనర్,1,2.2277668864729994e-05
5426,ఓన్,1,2.2277668864729994e-05
5427,ఓపీ,1,2.2277668864729994e-05
5428,ఓరియన్,1,2.2277668864729994e-05
5429,ఓలి,1,2.2277668864729994e-05
5430,ఓలివైన్,1,2.2277668864729994e-05
5431,ఓల్టేజ్,1,2.2277668864729994e-05
5432,ఓవెల్,1,2.2277668864729994e-05
5433,ఓహ్,1,2.2277668864729994e-05
5434,ఔన్నత్యం,1,2.2277668864729994e-05
5435,ఔరంగాబాద్,1,2.2277668864729994e-05
5436,కంకి,1,2.2277668864729994e-05
5437,కంచెర్ల,1,2.2277668864729994e-05
5438,కంట్రోల్,1,2.2277668864729994e-05
5439,కండ,1,2.2277668864729994e-05
5440,కండక్ట్,1,2.2277668864729994e-05
5441,కండక్షన్,1,2.2277668864729994e-05
5442,కంది,1,2.2277668864729994e-05
5443,కందుకూరి,1,2.2277668864729994e-05
5444,కంపల్సరిగా,1,2.2277668864729994e-05
5445,కంపల్సరీ,1,2.2277668864729994e-05
5446,కంపాస్,1,2.2277668864729994e-05
5447,కంపి,1,2.2277668864729994e-05
5448,కంపెనీలు,1,2.2277668864729994e-05
5449,కంపెనీస్వి,1,2.2277668864729994e-05
5450,కంపైలర్,1,2.2277668864729994e-05
5451,కంపోర్టాబుల్గా,1,2.2277668864729994e-05
5452,కంప్యుటర్,1,2.2277668864729994e-05
5453,కంప్యూట్,1,2.2277668864729994e-05
5454,కంప్లైంట్స్,1,2.2277668864729994e-05
5455,కంఫర్టబుల్,1,2.2277668864729994e-05
5456,కంఫర్ట్గా,1,2.2277668864729994e-05
5457,కంబాలకొండ,1,2.2277668864729994e-05
5458,కంబోడియా,1,2.2277668864729994e-05
5459,కంవర్జెంట్,1,2.2277668864729994e-05
5460,కక్ష్యావేగం,1,2.2277668864729994e-05
5461,కగి,1,2.2277668864729994e-05
5462,కచార్,1,2.2277668864729994e-05
5463,కటకం,1,2.2277668864729994e-05
5464,కట్టడమైనా,1,2.2277668864729994e-05
5465,కట్టుదిట్టం,1,2.2277668864729994e-05
5466,కట్నం,1,2.2277668864729994e-05
5467,కఠిన,1,2.2277668864729994e-05
5468,కఠినతరం,1,2.2277668864729994e-05
5469,కఠినాంగాలకీ,1,2.2277668864729994e-05
5470,కడ్,1,2.2277668864729994e-05
5471,కడ్డి,1,2.2277668864729994e-05
5472,కడ్డీలు,1,2.2277668864729994e-05
5473,కడ్తాల్,1,2.2277668864729994e-05
5474,కణజీవి,1,2.2277668864729994e-05
5475,కతం,1,2.2277668864729994e-05
5476,కత్తిరి,1,2.2277668864729994e-05
5477,కథానుసారంగా,1,2.2277668864729994e-05
5478,కథాపరమైన,1,2.2277668864729994e-05
5479,కదన్నం,1,2.2277668864729994e-05
5480,కదమ్మ,1,2.2277668864729994e-05
5481,కద్,1,2.2277668864729994e-05
5482,కధానాయకుడుగా,1,2.2277668864729994e-05
5483,కనకం,1,2.2277668864729994e-05
5484,కనకలక్ష్మి,1,2.2277668864729994e-05
5485,కనకాంబరం,1,2.2277668864729994e-05
5486,కనగరాజన్,1,2.2277668864729994e-05
5487,కనబరచు,1,2.2277668864729994e-05
5488,కనుగుణంగా,1,2.2277668864729994e-05
5489,కనెక్టికట్,1,2.2277668864729994e-05
5490,కనెక్ట్,1,2.2277668864729994e-05
5491,కనోలా,1,2.2277668864729994e-05
5492,కన్న,1,2.2277668864729994e-05
5493,కన్నెర్రకు,1,2.2277668864729994e-05
5494,కన్పిస్తుంది,1,2.2277668864729994e-05
5495,కన్ఫర్మ్,1,2.2277668864729994e-05
5496,కన్ఫామ్,1,2.2277668864729994e-05
5497,కన్యాదానం,1,2.2277668864729994e-05
5498,కన్యాశుల్కం,1,2.2277668864729994e-05
5499,కన్వర్జంట్,1,2.2277668864729994e-05
5500,కన్వారి,1,2.2277668864729994e-05
5501,కన్వీనర్,1,2.2277668864729994e-05
5502,కన్వీనర్గా,1,2.2277668864729994e-05
5503,కన్వెన్షన్,1,2.2277668864729994e-05
5504,కన్సంప్షన్,1,2.2277668864729994e-05
5505,కన్సల్టేటివ్,1,2.2277668864729994e-05
5506,కన్సాన్,1,2.2277668864729994e-05
5507,కన్సెషన్,1,2.2277668864729994e-05
5508,కన్స్ట్రక్షన్,1,2.2277668864729994e-05
5509,కన్స్ట్రక్షన్స్,1,2.2277668864729994e-05
5510,కపిల్,1,2.2277668864729994e-05
5511,కపుల్డ్,1,2.2277668864729994e-05
5512,కప్,1,2.2277668864729994e-05
5513,కప్పిబుచ్చే,1,2.2277668864729994e-05
5514,కప్స్,1,2.2277668864729994e-05
5515,కమలాపురం,1,2.2277668864729994e-05
5516,కమిటీలు,1,2.2277668864729994e-05
5517,కమీషనర్,1,2.2277668864729994e-05
5518,కమోడిటి,1,2.2277668864729994e-05
5519,కమ్మ,1,2.2277668864729994e-05
5520,కమ్మరి,1,2.2277668864729994e-05
5521,కమ్యూనిటీ,1,2.2277668864729994e-05
5522,కమ్యూనిస్టు,1,2.2277668864729994e-05
5523,కమ్యూనిస్ట్,1,2.2277668864729994e-05
5524,కరం,1,2.2277668864729994e-05
5525,కరంచంద్,1,2.2277668864729994e-05
5526,కరంట్,1,2.2277668864729994e-05
5527,కరణం,1,2.2277668864729994e-05
5528,కరివేపాకు,1,2.2277668864729994e-05
5529,కరెక్షన్,1,2.2277668864729994e-05
5530,కర్కటం,1,2.2277668864729994e-05
5531,కర్ణస్,1,2.2277668864729994e-05
5532,కర్ణాటకం,1,2.2277668864729994e-05
5533,కర్నాటక,1,2.2277668864729994e-05
5534,కర్పూలు,1,2.2277668864729994e-05
5535,కర్బూజా,1,2.2277668864729994e-05
5536,కర్మరి,1,2.2277668864729994e-05
5537,కర్రీస్,1,2.2277668864729994e-05
5538,కలంకారి,1,2.2277668864729994e-05
5539,కలకత్తా,1,2.2277668864729994e-05
5540,కలత,1,2.2277668864729994e-05
5541,కలదు,1,2.2277668864729994e-05
5542,కలనకలశం,1,2.2277668864729994e-05
5543,కలనకలాపం,1,2.2277668864729994e-05
5544,కలరు,1,2.2277668864729994e-05
5545,కలసిన,1,2.2277668864729994e-05
5546,కలహం,1,2.2277668864729994e-05
5547,కలాం,1,2.2277668864729994e-05
5548,కలిగేవిధంగా,1,2.2277668864729994e-05
5549,కలిపించాలన్నా,1,2.2277668864729994e-05
5550,కలీస,1,2.2277668864729994e-05
5551,కలుగక,1,2.2277668864729994e-05
5552,కలుగచేసే,1,2.2277668864729994e-05
5553,కలుగవు,1,2.2277668864729994e-05
5554,కలెక్టరు,1,2.2277668864729994e-05
5555,కలెక్షన్,1,2.2277668864729994e-05
5556,కల్పద్రుమ,1,2.2277668864729994e-05
5557,కల్పనలు,1,2.2277668864729994e-05
5558,కల్పించాలన్నారు,1,2.2277668864729994e-05
5559,కల్పులు,1,2.2277668864729994e-05
5560,కళాకృతి,1,2.2277668864729994e-05
5561,కళాఖండం,1,2.2277668864729994e-05
5562,కళాగానం,1,2.2277668864729994e-05
5563,కళాదర్శకత్వం,1,2.2277668864729994e-05
5564,కళాదర్శకుడు,1,2.2277668864729994e-05
5565,కళారూపాల్నయితే,1,2.2277668864729994e-05
5566,కళ్యాణం,1,2.2277668864729994e-05
5567,కళ్యాణరామన్,1,2.2277668864729994e-05
5568,కళ్యాణలక్ష్మి,1,2.2277668864729994e-05
5569,కళ్యాణ్,1,2.2277668864729994e-05
5570,కళ్ళను,1,2.2277668864729994e-05
5571,కవియైన,1,2.2277668864729994e-05
5572,కవిరాజమూర్తి,1,2.2277668864729994e-05
5573,కష్టకాలం,1,2.2277668864729994e-05
5574,కష్టతరం,1,2.2277668864729994e-05
5575,కష్టమనే,1,2.2277668864729994e-05
5576,కష్టమర్స్,1,2.2277668864729994e-05
5577,కష్టసుఖం,1,2.2277668864729994e-05
5578,కష్ణతరంగా,1,2.2277668864729994e-05
5579,కష్యా,1,2.2277668864729994e-05
5580,కసరత్తు,1,2.2277668864729994e-05
5581,కస్టమర్స్,1,2.2277668864729994e-05
5582,కహ్వా,1,2.2277668864729994e-05
5583,కాంగ్,1,2.2277668864729994e-05
5584,కాంగ్రెస్పార్టీ,1,2.2277668864729994e-05
5585,కాంగ్రెస్స్,1,2.2277668864729994e-05
5586,కాంటి,1,2.2277668864729994e-05
5587,కాంటినెంటల్,1,2.2277668864729994e-05
5588,కాంట్రిబ్యూషన్,1,2.2277668864729994e-05
5589,కాంతమ్మ,1,2.2277668864729994e-05
5590,కాంపిటేటివ్,1,2.2277668864729994e-05
5591,కాంప్రమైజ్,1,2.2277668864729994e-05
5592,కాంస్యం,1,2.2277668864729994e-05
5593,కాకతీయ,1,2.2277668864729994e-05
5594,కాకరకాయ,1,2.2277668864729994e-05
5595,కాకేసియన్,1,2.2277668864729994e-05
5596,కాగడా,1,2.2277668864729994e-05
5597,కాగుతున్నప్పుడే,1,2.2277668864729994e-05
5598,కాచినట్లయితే,1,2.2277668864729994e-05
5599,కాజల్,1,2.2277668864729994e-05
5600,కాటకం,1,2.2277668864729994e-05
5601,కాటన్,1,2.2277668864729994e-05
5602,కాటు,1,2.2277668864729994e-05
5603,కాటేసిన,1,2.2277668864729994e-05
5604,కాట్,1,2.2277668864729994e-05
5605,కాఠిన్యం,1,2.2277668864729994e-05
5606,కాడ,1,2.2277668864729994e-05
5607,కాణిపాకం,1,2.2277668864729994e-05
5608,కాదను,1,2.2277668864729994e-05
5609,కాదోయ్,1,2.2277668864729994e-05
5610,కానిస్టేబుల్,1,2.2277668864729994e-05
5611,కాను,1,2.2277668864729994e-05
5612,కానుందని,1,2.2277668864729994e-05
5613,కాన్డ్యూయెంట్,1,2.2277668864729994e-05
5614,కాన్ఫిడెంట్గా,1,2.2277668864729994e-05
5615,కాన్వెంట్,1,2.2277668864729994e-05
5616,కాన్సరెన్స్,1,2.2277668864729994e-05
5617,కాన్సెప్ట్,1,2.2277668864729994e-05
5618,కాపీకొట్టి,1,2.2277668864729994e-05
5619,కాపుదలగా,1,2.2277668864729994e-05
5620,కాప్లర్,1,2.2277668864729994e-05
5621,కాప్సికం,1,2.2277668864729994e-05
5622,కాప్స్,1,2.2277668864729994e-05
5623,కాబోలు,1,2.2277668864729994e-05
5624,కామం,1,2.2277668864729994e-05
5625,కామన్,1,2.2277668864729994e-05
5626,కామాక్షి,1,2.2277668864729994e-05
5627,కామిక్స్,1,2.2277668864729994e-05
5628,కామెడీ,1,2.2277668864729994e-05
5629,కాయకష్టం,1,2.2277668864729994e-05
5630,కాయిన్,1,2.2277668864729994e-05
5631,కారంపొడి,1,2.2277668864729994e-05
5632,కారణమన్నారు,1,2.2277668864729994e-05
5633,కారణమయ్యాయి,1,2.2277668864729994e-05
5634,కారణమేమిటంటే,1,2.2277668864729994e-05
5635,కారణమైంది,1,2.2277668864729994e-05
5636,కారణమౌతాయి,1,2.2277668864729994e-05
5637,కారి,1,2.2277668864729994e-05
5638,కార్ట్,1,2.2277668864729994e-05
5639,కార్డుకైనా,1,2.2277668864729994e-05
5640,కార్డ్స్,1,2.2277668864729994e-05
5641,కార్తి,1,2.2277668864729994e-05
5642,కార్తీకమాసం,1,2.2277668864729994e-05
5643,కార్తీక్,1,2.2277668864729994e-05
5644,కార్పోరేట్,1,2.2277668864729994e-05
5645,కార్బోహైడ్రేటు,1,2.2277668864729994e-05
5646,కార్మన్,1,2.2277668864729994e-05
5647,కార్యక్రమాన్సి,1,2.2277668864729994e-05
5648,కార్యదర్తి,1,2.2277668864729994e-05
5649,కార్యదర్పి,1,2.2277668864729994e-05
5650,కార్యనిర్యాహక,1,2.2277668864729994e-05
5651,కార్యనిర్వహణాధికారి,1,2.2277668864729994e-05
5652,కార్సొరేషన్,1,2.2277668864729994e-05
5653,కాలంకంటే,1,2.2277668864729994e-05
5654,కాలక్షేపం,1,2.2277668864729994e-05
5655,కాలధర్మం,1,2.2277668864729994e-05
5656,కాలనీ,1,2.2277668864729994e-05
5657,కాలినడక,1,2.2277668864729994e-05
5658,కాల్చు,1,2.2277668864729994e-05
5659,కాల్డ్,1,2.2277668864729994e-05
5660,కాల్పుల్లో,1,2.2277668864729994e-05
5661,కాల్సైట్,1,2.2277668864729994e-05
5662,కాల్స్,1,2.2277668864729994e-05
5663,కాళహస్తి,1,2.2277668864729994e-05
5664,కాళి,1,2.2277668864729994e-05
5665,కాళిక,1,2.2277668864729994e-05
5666,కాళ్ళను,1,2.2277668864729994e-05
5667,కావలి,1,2.2277668864729994e-05
5668,కావల్సిన,1,2.2277668864729994e-05
5669,కావాలండీ,1,2.2277668864729994e-05
5670,కావాలనుకుంటున్న,1,2.2277668864729994e-05
5671,కావాలసిన,1,2.2277668864729994e-05
5672,కావాల్తే,1,2.2277668864729994e-05
5673,కావాల్నా,1,2.2277668864729994e-05
5674,కావాల్సినవి,1,2.2277668864729994e-05
5675,కాశ్మీరీలు,1,2.2277668864729994e-05
5676,కాష్,1,2.2277668864729994e-05
5677,కాసాసుంకో,1,2.2277668864729994e-05
5678,కాసేపు,1,2.2277668864729994e-05
5679,కాసోజు,1,2.2277668864729994e-05
5680,కాస్ట్లీ,1,2.2277668864729994e-05
5681,కాస్మిక్,1,2.2277668864729994e-05
5682,కాస్మెటిక్స్,1,2.2277668864729994e-05
5683,కింగ్,1,2.2277668864729994e-05
5684,కింగ్డమ్,1,2.2277668864729994e-05
5685,కిందటిసారి,1,2.2277668864729994e-05
5686,కింది,1,2.2277668864729994e-05
5687,కిందికీ,1,2.2277668864729994e-05
5688,కిమి,1,2.2277668864729994e-05
5689,కిరణకుమార్,1,2.2277668864729994e-05
5690,కిరణజన్యు,1,2.2277668864729994e-05
5691,కిరణజన్యుసంయోగ,1,2.2277668864729994e-05
5692,కిరణజన్యుసంయోగక్రియ,1,2.2277668864729994e-05
5693,కిరాణా,1,2.2277668864729994e-05
5694,కిరాయి,1,2.2277668864729994e-05
5695,కిర్కెట్,1,2.2277668864729994e-05
5696,కిర్క్,1,2.2277668864729994e-05
5697,కిర్బీ,1,2.2277668864729994e-05
5698,కిలిచ్,1,2.2277668864729994e-05
5699,కిలోకేలరీలు,1,2.2277668864729994e-05
5700,కిలోగ్రాము,1,2.2277668864729994e-05
5701,కిశోర్,1,2.2277668864729994e-05
5702,కిషన్,1,2.2277668864729994e-05
5703,కిషన్రెడ్డి,1,2.2277668864729994e-05
5704,కీ,1,2.2277668864729994e-05
5705,కీటకం,1,2.2277668864729994e-05
5706,కీడు,1,2.2277668864729994e-05
5707,కీరవాణి,1,2.2277668864729994e-05
5708,కీలకపాత,1,2.2277668864729994e-05
5709,కీలకాంశం,1,2.2277668864729994e-05
5710,కుంచిక,1,2.2277668864729994e-05
5711,కుంచికం,1,2.2277668864729994e-05
5712,కుండ,1,2.2277668864729994e-05
5713,కుంబ్రసిటా,1,2.2277668864729994e-05
5714,కుంబ్రె,1,2.2277668864729994e-05
5715,కుంభం,1,2.2277668864729994e-05
5716,కుంభమేళాను,1,2.2277668864729994e-05
5717,కుకీస్,1,2.2277668864729994e-05
5718,కుక్కపిల్ల,1,2.2277668864729994e-05
5719,కుక్కరు,1,2.2277668864729994e-05
5720,కుటుంబసభ్యుడు,1,2.2277668864729994e-05
5721,కుటుంబాలన్నీ,1,2.2277668864729994e-05
5722,కుట్ర,1,2.2277668864729994e-05
5723,కుడుకపొడి,1,2.2277668864729994e-05
5724,కుత్బుల్,1,2.2277668864729994e-05
5725,కుదరదమ్మ,1,2.2277668864729994e-05
5726,కుది,1,2.2277668864729994e-05
5727,కుదిమట్టంగా,1,2.2277668864729994e-05
5728,కుద్,1,2.2277668864729994e-05
5729,కుప్పం,1,2.2277668864729994e-05
5730,కుమారై,1,2.2277668864729994e-05
5731,కుమ్ములాట,1,2.2277668864729994e-05
5732,కుయి,1,2.2277668864729994e-05
5733,కుర్తా,1,2.2277668864729994e-05
5734,కుర్తి,1,2.2277668864729994e-05
5735,కుర్బన్,1,2.2277668864729994e-05
5736,కులమయా,1,2.2277668864729994e-05
5737,కుళాయి,1,2.2277668864729994e-05
5738,కువలయమాల,1,2.2277668864729994e-05
5739,కుస్తీ,1,2.2277668864729994e-05
5740,కూకట్,1,2.2277668864729994e-05
5741,కూడిక,1,2.2277668864729994e-05
5742,కూతుర్ని,1,2.2277668864729994e-05
5743,కూపన్,1,2.2277668864729994e-05
5744,కూరుకుపోయిన,1,2.2277668864729994e-05
5745,కూర్పు,1,2.2277668864729994e-05
5746,కూలంకషం,1,2.2277668864729994e-05
5747,కూల్చిపేత,1,2.2277668864729994e-05
5748,కృతఙ్ఞతలు,1,2.2277668864729994e-05
5749,కృతజ్ఞత,1,2.2277668864729994e-05
5750,కృతి,1,2.2277668864729994e-05
5751,కృపలానీ,1,2.2277668864729994e-05
5752,కృష్ణదేవ,1,2.2277668864729994e-05
5753,కృష్ణదేవరాయలు,1,2.2277668864729994e-05
5754,కృష్ణపట్నం,1,2.2277668864729994e-05
5755,కృష్ణమాచారి,1,2.2277668864729994e-05
5756,కృష్ణానది,1,2.2277668864729994e-05
5757,కృష్ణుణ్ని,1,2.2277668864729994e-05
5758,కెఎల్,1,2.2277668864729994e-05
5759,కెటీఆర్,1,2.2277668864729994e-05
5760,కెప్టెన్,1,2.2277668864729994e-05
5761,కెమికల్,1,2.2277668864729994e-05
5762,కెమెరాసు,1,2.2277668864729994e-05
5763,కెరటం,1,2.2277668864729994e-05
5764,కెరీర్,1,2.2277668864729994e-05
5765,కెల్లాగ్స్,1,2.2277668864729994e-05
5766,కెళ్ళి,1,2.2277668864729994e-05
5767,కెసిఆర్,1,2.2277668864729994e-05
5768,కేంద,1,2.2277668864729994e-05
5769,కేందం,1,2.2277668864729994e-05
5770,కేందమంతి,1,2.2277668864729994e-05
5771,కేంద్రపభుత్వం,1,2.2277668864729994e-05
5772,కేంద్రపాలిత,1,2.2277668864729994e-05
5773,కేంద్రపాలితప్రాంత,1,2.2277668864729994e-05
5774,కేంద్రముగా,1,2.2277668864729994e-05
5775,కేంద్రీకృతం,1,2.2277668864729994e-05
5776,కేంద్రీయ,1,2.2277668864729994e-05
5777,కేటాయింపు,1,2.2277668864729994e-05
5778,కేడర్,1,2.2277668864729994e-05
5779,కేన్సర్,1,2.2277668864729994e-05
5780,కేమెరా,1,2.2277668864729994e-05
5781,కేరింత,1,2.2277668864729994e-05
5782,కేవీ,1,2.2277668864729994e-05
5783,కేవ్స్,1,2.2277668864729994e-05
5784,కేస,1,2.2277668864729994e-05
5785,కేసరి,1,2.2277668864729994e-05
5786,కేసీఆర్ను,1,2.2277668864729994e-05
5787,కేసెస్,1,2.2277668864729994e-05
5788,కేస్,1,2.2277668864729994e-05
5789,కేహార్సింగ్,1,2.2277668864729994e-05
5790,కైనెటిక్,1,2.2277668864729994e-05
5791,కైలాసగిరి,1,2.2277668864729994e-05
5792,కొంచంకొంచంగా,1,2.2277668864729994e-05
5793,కొంచెమవి,1,2.2277668864729994e-05
5794,కొంచేపు,1,2.2277668864729994e-05
5795,కొండంత,1,2.2277668864729994e-05
5796,కొండగట్టు,1,2.2277668864729994e-05
5797,కొంతమందైతే,1,2.2277668864729994e-05
5798,కొంతవరకు,1,2.2277668864729994e-05
5799,కొంతేదేవి,1,2.2277668864729994e-05
5800,కొకసారి,1,2.2277668864729994e-05
5801,కొచ్చిన్,1,2.2277668864729994e-05
5802,కొటికలపూడి,1,2.2277668864729994e-05
5803,కొట్టి,1,2.2277668864729994e-05
5804,కొడైకెనాల్,1,2.2277668864729994e-05
5805,కొత్తధిల్లీ,1,2.2277668864729994e-05
5806,కొత్తపల్లి,1,2.2277668864729994e-05
5807,కొత్తపేట,1,2.2277668864729994e-05
5808,కొదురుపాక,1,2.2277668864729994e-05
5809,కొద్దికాలం,1,2.2277668864729994e-05
5810,కొద్దిపాటి,1,2.2277668864729994e-05
5811,కొద్దిమంది,1,2.2277668864729994e-05
5812,కొద్దిసపటి,1,2.2277668864729994e-05
5813,కొద్దీసేపటి,1,2.2277668864729994e-05
5814,కొనసాగి,1,2.2277668864729994e-05
5815,కొనసాగించవలసినదిగా,1,2.2277668864729994e-05
5816,కొనాలనుకుంటున్నప్పుడు,1,2.2277668864729994e-05
5817,కొనుక్కుంటు,1,2.2277668864729994e-05
5818,కొనుగోలుకై,1,2.2277668864729994e-05
5819,కొన్నాళ్లు,1,2.2277668864729994e-05
5820,కొన్నాళ్ళపాటు,1,2.2277668864729994e-05
5821,కొన్నేళ్లు,1,2.2277668864729994e-05
5822,కొన్నేళ్ళయ్యాక,1,2.2277668864729994e-05
5823,కొప్పాక,1,2.2277668864729994e-05
5824,కొమిటోళ్ళు,1,2.2277668864729994e-05
5825,కొమ్మ,1,2.2277668864729994e-05
5826,కొమ్మినపల్లి,1,2.2277668864729994e-05
5827,కొయిరాలా,1,2.2277668864729994e-05
5828,కొరమిన,1,2.2277668864729994e-05
5829,కొరియోగ్రఫ్,1,2.2277668864729994e-05
5830,కొలవడం,1,2.2277668864729994e-05
5831,కొలిమి,1,2.2277668864729994e-05
5832,కొలువు,1,2.2277668864729994e-05
5833,కొల్లి,1,2.2277668864729994e-05
5834,కొవిడ్,1,2.2277668864729994e-05
5835,కొస్తుంటే,1,2.2277668864729994e-05
5836,కొస్సాక్,1,2.2277668864729994e-05
5837,కోఆర్డినేటర్,1,2.2277668864729994e-05
5838,కోకిల,1,2.2277668864729994e-05
5839,కోక్,1,2.2277668864729994e-05
5840,కోటక్,1,2.2277668864729994e-05
5841,కోటా,1,2.2277668864729994e-05
5842,కోట్,1,2.2277668864729994e-05
5843,కోట్లాది,1,2.2277668864729994e-05
5844,కోఠి,1,2.2277668864729994e-05
5845,కోడిగుడ్డు,1,2.2277668864729994e-05
5846,కోణీయ,1,2.2277668864729994e-05
5847,కోతి,1,2.2277668864729994e-05
5848,కోధన,1,2.2277668864729994e-05
5849,కోనేరు,1,2.2277668864729994e-05
5850,కోమటైట్స్,1,2.2277668864729994e-05
5851,కోమాలోంచి,1,2.2277668864729994e-05
5852,కోయ,1,2.2277668864729994e-05
5853,కోయంబత్తూర్,1,2.2277668864729994e-05
5854,కోరింగ,1,2.2277668864729994e-05
5855,కోరియోలిస్,1,2.2277668864729994e-05
5856,కోరుచున్నాను,1,2.2277668864729994e-05
5857,కోరుచున్నాము,1,2.2277668864729994e-05
5858,కోలీవుడ్,1,2.2277668864729994e-05
5859,కోళ్లూర్,1,2.2277668864729994e-05
5860,కోళ్ళకంటే,1,2.2277668864729994e-05
5861,కోవాక్సిన్,1,2.2277668864729994e-05
5862,కోవాలి,1,2.2277668864729994e-05
5863,కోవిన్,1,2.2277668864729994e-05
5864,కోవిషీల్డ్,1,2.2277668864729994e-05
5865,కోసిజిన్,1,2.2277668864729994e-05
5866,కోస్తాంధ్ర,1,2.2277668864729994e-05
5867,కోస్తాతీరం,1,2.2277668864729994e-05
5868,కోహినూర్,1,2.2277668864729994e-05
5869,కోహ్లీ,1,2.2277668864729994e-05
5870,కౌ,1,2.2277668864729994e-05
5871,కౌగిలి,1,2.2277668864729994e-05
5872,కౌత్యుడు,1,2.2277668864729994e-05
5873,కౌబాయ్,1,2.2277668864729994e-05
5874,కౌలు,1,2.2277668864729994e-05
5875,క్,1,2.2277668864729994e-05
5876,క్పషి,1,2.2277668864729994e-05
5877,క్బష్టా,1,2.2277668864729994e-05
5878,క్బష్ణమూర్తి,1,2.2277668864729994e-05
5879,క్యాంటీన్,1,2.2277668864729994e-05
5880,క్యాండిల్స్,1,2.2277668864729994e-05
5881,క్యాండీల్పై,1,2.2277668864729994e-05
5882,క్యాంపు,1,2.2277668864729994e-05
5883,క్యాచ్,1,2.2277668864729994e-05
5884,క్యాజ్,1,2.2277668864729994e-05
5885,క్యాటగిరీస్,1,2.2277668864729994e-05
5886,క్యాట్,1,2.2277668864729994e-05
5887,క్యాడ్బరి,1,2.2277668864729994e-05
5888,క్యాడ్బరీ,1,2.2277668864729994e-05
5889,క్యాన్సల్,1,2.2277668864729994e-05
5890,క్యాన్సిలేషన్,1,2.2277668864729994e-05
5891,క్యాన్సిల్,1,2.2277668864729994e-05
5892,క్యాన్సెల్,1,2.2277668864729994e-05
5893,క్యాప్సికం,1,2.2277668864729994e-05
5894,క్యాబిన్,1,2.2277668864729994e-05
5895,క్యాబేజి,1,2.2277668864729994e-05
5896,క్యామెరా,1,2.2277668864729994e-05
5897,క్యారమ్,1,2.2277668864729994e-05
5898,క్యారమ్స్,1,2.2277668864729994e-05
5899,క్యారెక్టర్,1,2.2277668864729994e-05
5900,క్యారెట్,1,2.2277668864729994e-05
5901,క్యాలరీ,1,2.2277668864729994e-05
5902,క్యూబ్,1,2.2277668864729994e-05
5903,క్యూర్,1,2.2277668864729994e-05
5904,క్రమక్రమం,1,2.2277668864729994e-05
5905,క్రమబద్ధీకరణ,1,2.2277668864729994e-05
5906,క్రమరాహిత్యం,1,2.2277668864729994e-05
5907,క్రయోస్పియర్,1,2.2277668864729994e-05
5908,క్రాంక్,1,2.2277668864729994e-05
5909,క్రాకర్స్,1,2.2277668864729994e-05
5910,క్రాక్,1,2.2277668864729994e-05
5911,క్రాఫ్ట్,1,2.2277668864729994e-05
5912,క్రాసింగ్,1,2.2277668864729994e-05
5913,క్రికెటర్,1,2.2277668864729994e-05
5914,క్రికెటర్స్,1,2.2277668864729994e-05
5915,క్రికెట్టు,1,2.2277668864729994e-05
5916,క్రితము,1,2.2277668864729994e-05
5917,క్రిమి,1,2.2277668864729994e-05
5918,క్రిమినల్,1,2.2277668864729994e-05
5919,క్రియాశీలక,1,2.2277668864729994e-05
5920,క్రియేట్,1,2.2277668864729994e-05
5921,క్రియేషన్స్,1,2.2277668864729994e-05
5922,క్రిష్టమైన,1,2.2277668864729994e-05
5923,క్రిస్టియన్,1,2.2277668864729994e-05
5924,క్రిస్టియన్స్,1,2.2277668864729994e-05
5925,క్రీమ్స్,1,2.2277668864729994e-05
5926,క్రీస్తుశకం,1,2.2277668864729994e-05
5927,క్రైస్తవ,1,2.2277668864729994e-05
5928,క్లమ్జీగా,1,2.2277668864729994e-05
5929,క్లస్టర్,1,2.2277668864729994e-05
5930,క్లాత్,1,2.2277668864729994e-05
5931,క్లాప్,1,2.2277668864729994e-05
5932,క్లారిటీగా,1,2.2277668864729994e-05
5933,క్లారిఫై,1,2.2277668864729994e-05
5934,క్లాసు,1,2.2277668864729994e-05
5935,క్లాసెస్,1,2.2277668864729994e-05
5936,క్లిక్,1,2.2277668864729994e-05
5937,క్లీనింగ్,1,2.2277668864729994e-05
5938,క్లీన్చిట్,1,2.2277668864729994e-05
5939,క్లౌడ్,1,2.2277668864729994e-05
5940,క్వషన్,1,2.2277668864729994e-05
5941,క్వాలిఫైడ్,1,2.2277668864729994e-05
5942,క్విట్,1,2.2277668864729994e-05
5943,క్షిపణి,1,2.2277668864729994e-05
5944,క్షీణత,1,2.2277668864729994e-05
5945,క్షీరాబ్ధి,1,2.2277668864729994e-05
5946,ఖంగుమను,1,2.2277668864729994e-05
5947,ఖండాతర్గత,1,2.2277668864729994e-05
5948,ఖచ్చితత్వం,1,2.2277668864729994e-05
5949,ఖతి,1,2.2277668864729994e-05
5950,ఖద్దరు,1,2.2277668864729994e-05
5951,ఖననం,1,2.2277668864729994e-05
5952,ఖని,1,2.2277668864729994e-05
5953,ఖనిజోత్పత్తి,1,2.2277668864729994e-05
5954,ఖరాబు,1,2.2277668864729994e-05
5955,ఖరాబ్,1,2.2277668864729994e-05
5956,ఖరారుచేసి,1,2.2277668864729994e-05
5957,ఖరీదు,1,2.2277668864729994e-05
5958,ఖాళీలు,1,2.2277668864729994e-05
5959,ఖాస్,1,2.2277668864729994e-05
5960,ఖుదా,1,2.2277668864729994e-05
5961,ఖుర్గారోడ్,1,2.2277668864729994e-05
5962,ఖైదు,1,2.2277668864729994e-05
5963,ఖ్మేర్,1,2.2277668864729994e-05
5964,గం,1,2.2277668864729994e-05
5965,గంగదేవిపల్లి,1,2.2277668864729994e-05
5966,గంగాజమున,1,2.2277668864729994e-05
5967,గంగాధర్,1,2.2277668864729994e-05
5968,గంగాపురం,1,2.2277668864729994e-05
5969,గంగోపాధ్యాయ్,1,2.2277668864729994e-05
5970,గంజి,1,2.2277668864729994e-05
5971,గండిమైసమ్మ,1,2.2277668864729994e-05
5972,గంతేశాడు,1,2.2277668864729994e-05
5973,గగారిన్,1,2.2277668864729994e-05
5974,గగొయ్,1,2.2277668864729994e-05
5975,గగ్గయ్య,1,2.2277668864729994e-05
5976,గచ్చిబౌలి,1,2.2277668864729994e-05
5977,గజపతి,1,2.2277668864729994e-05
5978,గజపతిరాజు,1,2.2277668864729994e-05
5979,గజ్జి,1,2.2277668864729994e-05
5980,గట్ట,1,2.2277668864729994e-05
5981,గట్టు,1,2.2277668864729994e-05
5982,గట్ర,1,2.2277668864729994e-05
5983,గడ,1,2.2277668864729994e-05
5984,గడప,1,2.2277668864729994e-05
5985,గడాబా,1,2.2277668864729994e-05
5986,గడియారం,1,2.2277668864729994e-05
5987,గడ్డ,1,2.2277668864729994e-05
5988,గణనం,1,2.2277668864729994e-05
5989,గణాంకపరంగా,1,2.2277668864729994e-05
5990,గతి,1,2.2277668864729994e-05
5991,గతిశీలం,1,2.2277668864729994e-05
5992,గతిశీలత,1,2.2277668864729994e-05
5993,గద్యం,1,2.2277668864729994e-05
5994,గనక,1,2.2277668864729994e-05
5995,గబా,1,2.2277668864729994e-05
5996,గబ్బిలం,1,2.2277668864729994e-05
5997,గమనం,1,2.2277668864729994e-05
5998,గమనించినట్లయితే,1,2.2277668864729994e-05
5999,గమనిక,1,2.2277668864729994e-05
6000,గరగ,1,2.2277668864729994e-05
6001,గరిటె,1,2.2277668864729994e-05
6002,గరిష్ట,1,2.2277668864729994e-05
6003,గరిష్ఠ,1,2.2277668864729994e-05
6004,గర్భవతి,1,2.2277668864729994e-05
6005,గర్భస్రావం,1,2.2277668864729994e-05
6006,గర్భావతి,1,2.2277668864729994e-05
6007,గర్వకారణం,1,2.2277668864729994e-05
6008,గర్వపడ్,1,2.2277668864729994e-05
6009,గర్వి,1,2.2277668864729994e-05
6010,గర్వించుచున్నా,1,2.2277668864729994e-05
6011,గర్విష్టి,1,2.2277668864729994e-05
6012,గలుగుతున్నాయంటే,1,2.2277668864729994e-05
6013,గల్,1,2.2277668864729994e-05
6014,గళం,1,2.2277668864729994e-05
6015,గళమెత్తి,1,2.2277668864729994e-05
6016,గవ్,1,2.2277668864729994e-05
6017,గాంచు,1,2.2277668864729994e-05
6018,గాంధీచే,1,2.2277668864729994e-05
6019,గాంధీయిజం,1,2.2277668864729994e-05
6020,గాంభీర్యం,1,2.2277668864729994e-05
6021,గాక,1,2.2277668864729994e-05
6022,గాజు,1,2.2277668864729994e-05
6023,గాడిద,1,2.2277668864729994e-05
6024,గాథ,1,2.2277668864729994e-05
6025,గామ,1,2.2277668864729994e-05
6026,గాయనిగా,1,2.2277668864729994e-05
6027,గారడి,1,2.2277668864729994e-05
6028,గార్టన్,1,2.2277668864729994e-05
6029,గార్లిక్,1,2.2277668864729994e-05
6030,గార్ళికా,1,2.2277668864729994e-05
6031,గాలీపటాల,1,2.2277668864729994e-05
6032,గావున్న,1,2.2277668864729994e-05
6033,గికోమో,1,2.2277668864729994e-05
6034,గిటా,1,2.2277668864729994e-05
6035,గిట్ట,1,2.2277668864729994e-05
6036,గిద్దంగుల,1,2.2277668864729994e-05
6037,గిన,1,2.2277668864729994e-05
6038,గిఫ్ట్స్,1,2.2277668864729994e-05
6039,గివ్,1,2.2277668864729994e-05
6040,గీ,1,2.2277668864729994e-05
6041,గీజర్,1,2.2277668864729994e-05
6042,గీతామాధురి,1,2.2277668864729994e-05
6043,గీసెన్,1,2.2277668864729994e-05
6044,గు,1,2.2277668864729994e-05
6045,గుంజు,1,2.2277668864729994e-05
6046,గుండు,1,2.2277668864729994e-05
6047,గుండెపోటు,1,2.2277668864729994e-05
6048,గుంతకల్,1,2.2277668864729994e-05
6049,గుజరాతీలు,1,2.2277668864729994e-05
6050,గుజ్జు,1,2.2277668864729994e-05
6051,గుడిపాడ్వా,1,2.2277668864729994e-05
6052,గుడియా,1,2.2277668864729994e-05
6053,గుడ్డ,1,2.2277668864729994e-05
6054,గుణదల,1,2.2277668864729994e-05
6055,గుణింతం,1,2.2277668864729994e-05
6056,గుత్తాధిపత్యం,1,2.2277668864729994e-05
6057,గుమ్మడికాయ,1,2.2277668864729994e-05
6058,గుమ్మత్,1,2.2277668864729994e-05
6059,గురి,1,2.2277668864729994e-05
6060,గురించీ,1,2.2277668864729994e-05
6061,గురించే,1,2.2277668864729994e-05
6062,గురుకులం,1,2.2277668864729994e-05
6063,గురుతేజ్,1,2.2277668864729994e-05
6064,గురుత్వశక్తి,1,2.2277668864729994e-05
6065,గురుపూర్ణిమ,1,2.2277668864729994e-05
6066,గురువారం,1,2.2277668864729994e-05
6067,గుర్తుంచుకోవాలి,1,2.2277668864729994e-05
6068,గుళిక,1,2.2277668864729994e-05
6069,గుళికరించగా,1,2.2277668864729994e-05
6070,గుళ్ళకు,1,2.2277668864729994e-05
6071,గుళ్ళో,1,2.2277668864729994e-05
6072,గూండా,1,2.2277668864729994e-05
6073,గూడెం,1,2.2277668864729994e-05
6074,గూఢచర్యం,1,2.2277668864729994e-05
6075,గూఢచారి,1,2.2277668864729994e-05
6076,గూర్చిన,1,2.2277668864729994e-05
6077,గెజెట్,1,2.2277668864729994e-05
6078,గెలవాలన్న,1,2.2277668864729994e-05
6079,గెలాక్సీ,1,2.2277668864729994e-05
6080,గెలిపించవలసినదిగా,1,2.2277668864729994e-05
6081,గెలుపొందారు,1,2.2277668864729994e-05
6082,గెలుపొందింది,1,2.2277668864729994e-05
6083,గేజి,1,2.2277668864729994e-05
6084,గేటు,1,2.2277668864729994e-05
6085,గేటెడ్,1,2.2277668864729994e-05
6086,గేమింగ్,1,2.2277668864729994e-05
6087,గేముల,1,2.2277668864729994e-05
6088,గేర్లు,1,2.2277668864729994e-05
6089,గేల్సియేషన్,1,2.2277668864729994e-05
6090,గైడ్స్,1,2.2277668864729994e-05
6091,గొడవపడ్డ,1,2.2277668864729994e-05
6092,గొడ్రాలు,1,2.2277668864729994e-05
6093,గొప్పవాడు,1,2.2277668864729994e-05
6094,గొరెల,1,2.2277668864729994e-05
6095,గొలుసు,1,2.2277668864729994e-05
6096,గోకరకాయ,1,2.2277668864729994e-05
6097,గోఖలే,1,2.2277668864729994e-05
6098,గోదావరిజిల్లా,1,2.2277668864729994e-05
6099,గోధుమ,1,2.2277668864729994e-05
6100,గోన,1,2.2277668864729994e-05
6101,గోనబుద్ధారెడ్డి,1,2.2277668864729994e-05
6102,గోపన్న,1,2.2277668864729994e-05
6103,గోపాల్,1,2.2277668864729994e-05
6104,గోపీచంద్,1,2.2277668864729994e-05
6105,గోపూజ,1,2.2277668864729994e-05
6106,గోప్యతా,1,2.2277668864729994e-05
6107,గోరంత,1,2.2277668864729994e-05
6108,గోరు,1,2.2277668864729994e-05
6109,గోరువెచ్చ,1,2.2277668864729994e-05
6110,గోల్డెన్,1,2.2277668864729994e-05
6111,గోళాకారం,1,2.2277668864729994e-05
6112,గోవిందామయం,1,2.2277668864729994e-05
6113,గౌడ్,1,2.2277668864729994e-05
6114,గౌతమి,1,2.2277668864729994e-05
6115,గౌతముడు,1,2.2277668864729994e-05
6116,గౌతమ్,1,2.2277668864729994e-05
6117,గౌతమ్రెడ్డి,1,2.2277668864729994e-05
6118,గౌరవి,1,2.2277668864729994e-05
6119,గౌరవించు,1,2.2277668864729994e-05
6120,గౌరవ్,1,2.2277668864729994e-05
6121,గౌరి,1,2.2277668864729994e-05
6122,గ్యాలక్సీ,1,2.2277668864729994e-05
6123,గ్యాలరీలు,1,2.2277668864729994e-05
6124,గ్రంథస్తం,1,2.2277668864729994e-05
6125,గ్రంథస్థం,1,2.2277668864729994e-05
6126,గ్రంథాలు,1,2.2277668864729994e-05
6127,గ్రహశకలం,1,2.2277668864729994e-05
6128,గ్రహీతలలోవిశ్వనాథ,1,2.2277668864729994e-05
6129,గ్రాండ్,1,2.2277668864729994e-05
6130,గ్రాండ్మాస్టర్,1,2.2277668864729994e-05
6131,గ్రాంథికం,1,2.2277668864729994e-05
6132,గ్రాడ్యుయేట్,1,2.2277668864729994e-05
6133,గ్రాఫ్,1,2.2277668864729994e-05
6134,గ్రామగ్రామాన,1,2.2277668864729994e-05
6135,గ్రామపంచాయితీగా,1,2.2277668864729994e-05
6136,గ్రామాలున్నాయి,1,2.2277668864729994e-05
6137,గ్రావెల్,1,2.2277668864729994e-05
6138,గ్రియర్సన్,1,2.2277668864729994e-05
6139,గ్రిల్,1,2.2277668864729994e-05
6140,గ్రీక్,1,2.2277668864729994e-05
6141,గ్రీస్,1,2.2277668864729994e-05
6142,గ్రేటెస్ట్,1,2.2277668864729994e-05
6143,గ్రేడ్,1,2.2277668864729994e-05
6144,గ్రైండర్,1,2.2277668864729994e-05
6145,గ్లవ్స్,1,2.2277668864729994e-05
6146,గ్లూకోజ్,1,2.2277668864729994e-05
6147,గ్లేసియేషన్,1,2.2277668864729994e-05
6148,గ్లోబ్,1,2.2277668864729994e-05
6149,గ్లౌజ్,1,2.2277668864729994e-05
6150,గ్వామ్,1,2.2277668864729994e-05
6151,ఘంటసాల,1,2.2277668864729994e-05
6152,ఘటాభిషేకం,1,2.2277668864729994e-05
6153,ఘన,1,2.2277668864729994e-05
6154,ఘనపరిమాణం,1,2.2277668864729994e-05
6155,ఘనవిజయం,1,2.2277668864729994e-05
6156,ఘర్షణ,1,2.2277668864729994e-05
6157,ఘోష్,1,2.2277668864729994e-05
6158,చండీగఢ్,1,2.2277668864729994e-05
6159,చంద్రబోస్,1,2.2277668864729994e-05
6160,చంద్రమండలం,1,2.2277668864729994e-05
6161,చంద్రమాన,1,2.2277668864729994e-05
6162,చంద్రమానం,1,2.2277668864729994e-05
6163,చంద్రముఖి,1,2.2277668864729994e-05
6164,చక్కినాలు,1,2.2277668864729994e-05
6165,చతుర్థి,1,2.2277668864729994e-05
6166,చతుర్భుజి,1,2.2277668864729994e-05
6167,చదు,1,2.2277668864729994e-05
6168,చదును,1,2.2277668864729994e-05
6169,చదువుకోడానికి,1,2.2277668864729994e-05
6170,చదువురాని,1,2.2277668864729994e-05
6171,చనిపో,1,2.2277668864729994e-05
6172,చపాతి,1,2.2277668864729994e-05
6173,చప్పట్లు,1,2.2277668864729994e-05
6174,చప్పిడి,1,2.2277668864729994e-05
6175,చబా,1,2.2277668864729994e-05
6176,చయం,1,2.2277668864729994e-05
6177,చరణ్,1,2.2277668864729994e-05
6178,చరరాశుల,1,2.2277668864729994e-05
6179,చరరాశులన్నీ,1,2.2277668864729994e-05
6180,చరిత్రిక,1,2.2277668864729994e-05
6181,చరోన్,1,2.2277668864729994e-05
6182,చర్చించాల్సిన,1,2.2277668864729994e-05
6183,చర్చ్కెళ్లడం,1,2.2277668864729994e-05
6184,చలనచిత్రోత్సవం,1,2.2277668864729994e-05
6185,చలపతి,1,2.2277668864729994e-05
6186,చలించు,1,2.2277668864729994e-05
6187,చల్లార్,1,2.2277668864729994e-05
6188,చల్లు,1,2.2277668864729994e-05
6189,చవకైన,1,2.2277668864729994e-05
6190,చా,1,2.2277668864729994e-05
6191,చాకోబార్స్,1,2.2277668864729994e-05
6192,చాక్లెట్టు,1,2.2277668864729994e-05
6193,చాటు,1,2.2277668864729994e-05
6194,చాతకాక,1,2.2277668864729994e-05
6195,చాతుర్యం,1,2.2277668864729994e-05
6196,చాన,1,2.2277668864729994e-05
6197,చారిత్రకం,1,2.2277668864729994e-05
6198,చారిత్రికం,1,2.2277668864729994e-05
6199,చారు,1,2.2277668864729994e-05
6200,చార్జీలు,1,2.2277668864729994e-05
6201,చార్జ్,1,2.2277668864729994e-05
6202,చార్టర్,1,2.2277668864729994e-05
6203,చార్ట్,1,2.2277668864729994e-05
6204,చార్లెస్,1,2.2277668864729994e-05
6205,చాలవరకు,1,2.2277668864729994e-05
6206,చాలాబాగా,1,2.2277668864729994e-05
6207,చావాలన్న,1,2.2277668864729994e-05
6208,చించు,1,2.2277668864729994e-05
6209,చింత,1,2.2277668864729994e-05
6210,చింతమడక,1,2.2277668864729994e-05
6211,చింతామణి,1,2.2277668864729994e-05
6212,చింతించు,1,2.2277668864729994e-05
6213,చింప్,1,2.2277668864729994e-05
6214,చింబొరాజో,1,2.2277668864729994e-05
6215,చికాగో,1,2.2277668864729994e-05
6216,చిక్కు,1,2.2277668864729994e-05
6217,చిక్కుడు,1,2.2277668864729994e-05
6218,చిక్క్,1,2.2277668864729994e-05
6219,చిగురాకు,1,2.2277668864729994e-05
6220,చిట్,1,2.2277668864729994e-05
6221,చిట్టచిటారునున్న,1,2.2277668864729994e-05
6222,చిట్త,1,2.2277668864729994e-05
6223,చిత్,1,2.2277668864729994e-05
6224,చిత్రకారుడు,1,2.2277668864729994e-05
6225,చిత్రలేఖనం,1,2.2277668864729994e-05
6226,చిత్రాలున్నా,1,2.2277668864729994e-05
6227,చిన,1,2.2277668864729994e-05
6228,చిన్,1,2.2277668864729994e-05
6229,చిన్ననాటినుంచే,1,2.2277668864729994e-05
6230,చిన్నప్పడు,1,2.2277668864729994e-05
6231,చిన్నముక్కలుగా,1,2.2277668864729994e-05
6232,చిన్నవాడు,1,2.2277668864729994e-05
6233,చిన్నవీ,1,2.2277668864729994e-05
6234,చిరాకు,1,2.2277668864729994e-05
6235,చిరుతపులి,1,2.2277668864729994e-05
6236,చిరుతిండి,1,2.2277668864729994e-05
6237,చిరునామ,1,2.2277668864729994e-05
6238,చిలక,1,2.2277668864729994e-05
6239,చిలుక,1,2.2277668864729994e-05
6240,చిలుకు,1,2.2277668864729994e-05
6241,చిల్లర,1,2.2277668864729994e-05
6242,చిళ్ల,1,2.2277668864729994e-05
6243,చివటం,1,2.2277668864729994e-05
6244,చివరికదే,1,2.2277668864729994e-05
6245,చీ,1,2.2277668864729994e-05
6246,చీకటి,1,2.2277668864729994e-05
6247,చీపురుపల్లి,1,2.2277668864729994e-05
6248,చీరం,1,2.2277668864729994e-05
6249,చుంచు,1,2.2277668864729994e-05
6250,చుట్టుపక్కలకూడా,1,2.2277668864729994e-05
6251,చుట్టూర,1,2.2277668864729994e-05
6252,చుపిస్తావా,1,2.2277668864729994e-05
6253,చురుకుదనం,1,2.2277668864729994e-05
6254,చులక,1,2.2277668864729994e-05
6255,చుసిన,1,2.2277668864729994e-05
6256,చూచాయ,1,2.2277668864729994e-05
6257,చూడతగినవి,1,2.2277668864729994e-05
6258,చూడముచ్చట,1,2.2277668864729994e-05
6259,చూడాలన్న,1,2.2277668864729994e-05
6260,చూడాలన్నా,1,2.2277668864729994e-05
6261,చూడాల్సిన,1,2.2277668864729994e-05
6262,చూద్దామంటే,1,2.2277668864729994e-05
6263,చూపించదలచి,1,2.2277668864729994e-05
6264,చూపించేను,1,2.2277668864729994e-05
6265,చూపిస్తు,1,2.2277668864729994e-05
6266,చూపుడు,1,2.2277668864729994e-05
6267,చూప్,1,2.2277668864729994e-05
6268,చూరగొ,1,2.2277668864729994e-05
6269,చూసినామంటే,1,2.2277668864729994e-05
6270,చూసిరరా,1,2.2277668864729994e-05
6271,చూసుకుంటు,1,2.2277668864729994e-05
6272,చూసుకున్నట్లయితే,1,2.2277668864729994e-05
6273,చూసుకోమ్మా,1,2.2277668864729994e-05
6274,చూస్,1,2.2277668864729994e-05
6275,చెంచాడు,1,2.2277668864729994e-05
6276,చెందాలనుకునే,1,2.2277668864729994e-05
6277,చెందినవారైనందున,1,2.2277668864729994e-05
6278,చెందినవే,1,2.2277668864729994e-05
6279,చెకింగ్,1,2.2277668864729994e-05
6280,చెక్క,1,2.2277668864729994e-05
6281,చెక్కలన్నింటినీ,1,2.2277668864729994e-05
6282,చెక్కుచెరగకుండా,1,2.2277668864729994e-05
6283,చెడ్డ,1,2.2277668864729994e-05
6284,చెపుదాం,1,2.2277668864729994e-05
6285,చెప్దామ్,1,2.2277668864729994e-05
6286,చెప్పినపుడు,1,2.2277668864729994e-05
6287,చెప్పుకోదగిన,1,2.2277668864729994e-05
6288,చెప్పుకోదగ్గ,1,2.2277668864729994e-05
6289,చెబుతూన్న,1,2.2277668864729994e-05
6290,చెమట,1,2.2277668864729994e-05
6291,చెయ్యగలిగే,1,2.2277668864729994e-05
6292,చెయ్యవలసినదిగా,1,2.2277668864729994e-05
6293,చెయ్యాల్సిన,1,2.2277668864729994e-05
6294,చెరుకుముక్కలు,1,2.2277668864729994e-05
6295,చెరుకూరి,1,2.2277668864729994e-05
6296,చెలరేగు,1,2.2277668864729994e-05
6297,చెల్లుబోయిన,1,2.2277668864729994e-05
6298,చెస్,1,2.2277668864729994e-05
6299,చెస్తున్నట్లుగా,1,2.2277668864729994e-05
6300,చేకూరు,1,2.2277668864729994e-05
6301,చేతిపని,1,2.2277668864729994e-05
6302,చేతులమీదుగా,1,2.2277668864729994e-05
6303,చేదు,1,2.2277668864729994e-05
6304,చేపట్టాల్సిన,1,2.2277668864729994e-05
6305,చేపువచ్చి,1,2.2277668864729994e-05
6306,చేప్పార్తు,1,2.2277668864729994e-05
6307,చేయట్లేదు,1,2.2277668864729994e-05
6308,చేయడానికైతే,1,2.2277668864729994e-05
6309,చేయనిదే,1,2.2277668864729994e-05
6310,చేయవలసినదిగా,1,2.2277668864729994e-05
6311,చేయాలన్నా,1,2.2277668864729994e-05
6312,చేయాల్సిందేనని,1,2.2277668864729994e-05
6313,చేరిక,1,2.2277668864729994e-05
6314,చేరుకోలేకపోయినా,1,2.2277668864729994e-05
6315,చేర్పు,1,2.2277668864729994e-05
6316,చేసినట్లయితే,1,2.2277668864729994e-05
6317,చేసినపుడు,1,2.2277668864729994e-05
6318,చేసుకుర్రి,1,2.2277668864729994e-05
6319,చేసుకోబోగా,1,2.2277668864729994e-05
6320,చేసుకోవచ్చమాట,1,2.2277668864729994e-05
6321,చేసుకోవాలనుకుంటున్నందున,1,2.2277668864729994e-05
6322,చేసేరా,1,2.2277668864729994e-05
6323,చేసేవాడ్ని,1,2.2277668864729994e-05
6324,చేస్తా,1,2.2277668864729994e-05
6325,చేస్తామంటే,1,2.2277668864729994e-05
6326,చేస్తావుండావిప్పుడు,1,2.2277668864729994e-05
6327,చేస్తుందంటే,1,2.2277668864729994e-05
6328,చేస్తూన్న,1,2.2277668864729994e-05
6329,చైతన్య,1,2.2277668864729994e-05
6330,చైతన్యం,1,2.2277668864729994e-05
6331,చైతన్యవంతం,1,2.2277668864729994e-05
6332,చైత్రమాస,1,2.2277668864729994e-05
6333,చైత్రమాసి,1,2.2277668864729994e-05
6334,చైత్రశుద్ధ,1,2.2277668864729994e-05
6335,చైర్,1,2.2277668864729994e-05
6336,చైర్మెన్,1,2.2277668864729994e-05
6337,చైల్డ్,1,2.2277668864729994e-05
6338,చొచ్చుకుపోతుంది,1,2.2277668864729994e-05
6339,చోటుచే,1,2.2277668864729994e-05
6340,చోదరి,1,2.2277668864729994e-05
6341,చౌదరికు,1,2.2277668864729994e-05
6342,ఛందస్సు,1,2.2277668864729994e-05
6343,ఛత్తీస్,1,2.2277668864729994e-05
6344,ఛాంపియన్షిప్,1,2.2277668864729994e-05
6345,ఛాట్,1,2.2277668864729994e-05
6346,ఛానళ్ళు,1,2.2277668864729994e-05
6347,ఛాన్స్,1,2.2277668864729994e-05
6348,ఛాయాగ్రహణం,1,2.2277668864729994e-05
6349,ఛాయాగ్రాహకుడు,1,2.2277668864729994e-05
6350,ఛారిటబుల్,1,2.2277668864729994e-05
6351,ఛార్జర్,1,2.2277668864729994e-05
6352,ఛార్జర్తోనైనా,1,2.2277668864729994e-05
6353,ఛార్లెస్,1,2.2277668864729994e-05
6354,ఛాల్లీ,1,2.2277668864729994e-05
6355,ఛీఫ్,1,2.2277668864729994e-05
6356,ఛేంజ్,1,2.2277668864729994e-05
6357,జంక్షన్,1,2.2277668864729994e-05
6358,జంగ్,1,2.2277668864729994e-05
6359,జంతుప్రదర్శనశాల,1,2.2277668864729994e-05
6360,జంపు,1,2.2277668864729994e-05
6361,జంప్,1,2.2277668864729994e-05
6362,జగం,1,2.2277668864729994e-05
6363,జగద్బ్రహ్మ,1,2.2277668864729994e-05
6364,జగన్నోహన్,1,2.2277668864729994e-05
6365,జగపతి,1,2.2277668864729994e-05
6366,జగ్గయ్యపేట,1,2.2277668864729994e-05
6367,జగ్గారెడ్డి,1,2.2277668864729994e-05
6368,జడప్రాయం,1,2.2277668864729994e-05
6369,జతచేసి,1,2.2277668864729994e-05
6370,జనతాపార్లీ,1,2.2277668864729994e-05
6371,జనపదం,1,2.2277668864729994e-05
6372,జనరేటర్స్,1,2.2277668864729994e-05
6373,జనసంఖ్య,1,2.2277668864729994e-05
6374,జనసామాన్యం,1,2.2277668864729994e-05
6375,జనార్థనరెడ్డి,1,2.2277668864729994e-05
6376,జనాశ్రమం,1,2.2277668864729994e-05
6377,జనించు,1,2.2277668864729994e-05
6378,జను,1,2.2277668864729994e-05
6379,జన్మనివ్వలేక,1,2.2277668864729994e-05
6380,జన్మి,1,2.2277668864729994e-05
6381,జబ్బు,1,2.2277668864729994e-05
6382,జమయ్యాయి,1,2.2277668864729994e-05
6383,జమిలి,1,2.2277668864729994e-05
6384,జమైకా,1,2.2277668864729994e-05
6385,జమ్దానీ,1,2.2277668864729994e-05
6386,జమ్మూకాశ్మీర్,1,2.2277668864729994e-05
6387,జయజయ,1,2.2277668864729994e-05
6388,జయపురం,1,2.2277668864729994e-05
6389,జయశంకర్,1,2.2277668864729994e-05
6390,జయించు,1,2.2277668864729994e-05
6391,జర,1,2.2277668864729994e-05
6392,జరగట్లేదు,1,2.2277668864729994e-05
6393,జరిగినపుడు,1,2.2277668864729994e-05
6394,జరిపి,1,2.2277668864729994e-05
6395,జరిపినం,1,2.2277668864729994e-05
6396,జరుగుటు,1,2.2277668864729994e-05
6397,జరుగుతు,1,2.2277668864729994e-05
6398,జరుగుతుందన్నారు,1,2.2277668864729994e-05
6399,జరుగుతూన్న,1,2.2277668864729994e-05
6400,జర్నీ,1,2.2277668864729994e-05
6401,జర్నెయిల్,1,2.2277668864729994e-05
6402,జలపాతం,1,2.2277668864729994e-05
6403,జలాశయం,1,2.2277668864729994e-05
6404,జలియన్,1,2.2277668864729994e-05
6405,జల్లికట్టు,1,2.2277668864729994e-05
6406,జవం,1,2.2277668864729994e-05
6407,జా,1,2.2277668864729994e-05
6408,జాకీర్,1,2.2277668864729994e-05
6409,జాకెట్,1,2.2277668864729994e-05
6410,జాగింగ్,1,2.2277668864729994e-05
6411,జాగోరే,1,2.2277668864729994e-05
6412,జాగ్రత్తలైతే,1,2.2277668864729994e-05
6413,జాడ,1,2.2277668864729994e-05
6414,జాతరలైతే,1,2.2277668864729994e-05
6415,జాతిపిత,1,2.2277668864729994e-05
6416,జాతిస్వరం,1,2.2277668864729994e-05
6417,జాతీయం,1,2.2277668864729994e-05
6418,జాతీయకరణ,1,2.2277668864729994e-05
6419,జాతీయకరణం,1,2.2277668864729994e-05
6420,జాతీయస్థాయి,1,2.2277668864729994e-05
6421,జాతీయుడు,1,2.2277668864729994e-05
6422,జాబితాలోనివే,1,2.2277668864729994e-05
6423,జామ,1,2.2277668864729994e-05
6424,జామకాయలు,1,2.2277668864729994e-05
6425,జామియా,1,2.2277668864729994e-05
6426,జామ్,1,2.2277668864729994e-05
6427,జాయ్,1,2.2277668864729994e-05
6428,జార్,1,2.2277668864729994e-05
6429,జార్జ్,1,2.2277668864729994e-05
6430,జాలం,1,2.2277668864729994e-05
6431,జాలరి,1,2.2277668864729994e-05
6432,జావనీస్,1,2.2277668864729994e-05
6433,జింక,1,2.2277668864729994e-05
6434,జింగ్,1,2.2277668864729994e-05
6435,జింబాబ్వే,1,2.2277668864729994e-05
6436,జిఐ,1,2.2277668864729994e-05
6437,జిడ్డు,1,2.2277668864729994e-05
6438,జితేంద్ర,1,2.2277668864729994e-05
6439,జిపిఏ,1,2.2277668864729994e-05
6440,జిప్,1,2.2277668864729994e-05
6441,జిమిన్,1,2.2277668864729994e-05
6442,జిమ్,1,2.2277668864729994e-05
6443,జిమ్నాస్టిక్స్,1,2.2277668864729994e-05
6444,జియోఫైబర్,1,2.2277668864729994e-05
6445,జిలేబి,1,2.2277668864729994e-05
6446,జిల్లేడు,1,2.2277668864729994e-05
6447,జిస్ట్,1,2.2277668864729994e-05
6448,జీఎంసీ,1,2.2277668864729994e-05
6449,జీఎస్టీ,1,2.2277668864729994e-05
6450,జీటీవీ,1,2.2277668864729994e-05
6451,జీతాలిచ్చే,1,2.2277668864729994e-05
6452,జీపీఎఫ్,1,2.2277668864729994e-05
6453,జీయర్,1,2.2277668864729994e-05
6454,జీలకర్ర,1,2.2277668864729994e-05
6455,జీవజాలం,1,2.2277668864729994e-05
6456,జీవనోపాధి,1,2.2277668864729994e-05
6457,జీవనోపాయనం,1,2.2277668864729994e-05
6458,జీవన్రాణి,1,2.2277668864729994e-05
6459,జీవరహిత,1,2.2277668864729994e-05
6460,జీవవైవిధ్యం,1,2.2277668864729994e-05
6461,జీవావరణంపై,1,2.2277668864729994e-05
6462,జీవించగలిగే,1,2.2277668864729994e-05
6463,జీవించుటకు,1,2.2277668864729994e-05
6464,జున్ను,1,2.2277668864729994e-05
6465,జూడో,1,2.2277668864729994e-05
6466,జూనియర్,1,2.2277668864729994e-05
6467,జూబ్లీ,1,2.2277668864729994e-05
6468,జెఈఈ,1,2.2277668864729994e-05
6469,జెకేసి,1,2.2277668864729994e-05
6470,జెన్నింగ్,1,2.2277668864729994e-05
6471,జేయాలనుకున్న,1,2.2277668864729994e-05
6472,జై,1,2.2277668864729994e-05
6473,జైరోస్కోవ్,1,2.2277668864729994e-05
6474,జో,1,2.2277668864729994e-05
6475,జోక్యం,1,2.2277668864729994e-05
6476,జోగాట,1,2.2277668864729994e-05
6477,జోగు,1,2.2277668864729994e-05
6478,జోగులాంబ,1,2.2277668864729994e-05
6479,జోడి,1,2.2277668864729994e-05
6480,జోన్గా,1,2.2277668864729994e-05
6481,జ్,1,2.2277668864729994e-05
6482,జ్ఞానేంద్రియం,1,2.2277668864729994e-05
6483,జ్ఞాపకశక్తి,1,2.2277668864729994e-05
6484,జ్యుడిషియల్,1,2.2277668864729994e-05
6485,జ్యుడీషియల్,1,2.2277668864729994e-05
6486,జ్యువెలరీ,1,2.2277668864729994e-05
6487,జ్యూసీగా,1,2.2277668864729994e-05
6488,జ్యోతి,1,2.2277668864729994e-05
6489,జ్యోతిష్,1,2.2277668864729994e-05
6490,ఝాన్సీ,1,2.2277668864729994e-05
6491,టకటక,1,2.2277668864729994e-05
6492,టచ్,1,2.2277668864729994e-05
6493,టపాసులు,1,2.2277668864729994e-05
6494,టమాట,1,2.2277668864729994e-05
6495,టమాటాలు,1,2.2277668864729994e-05
6496,టమాటేసి,1,2.2277668864729994e-05
6497,టమాటో,1,2.2277668864729994e-05
6498,టర్,1,2.2277668864729994e-05
6499,టర్న్,1,2.2277668864729994e-05
6500,టర్బైన్స్,1,2.2277668864729994e-05
6501,టర్మినేట్,1,2.2277668864729994e-05
6502,టవల్,1,2.2277668864729994e-05
6503,టా,1,2.2277668864729994e-05
6504,టాకీ,1,2.2277668864729994e-05
6505,టానిన్,1,2.2277668864729994e-05
6506,టాపిక్,1,2.2277668864729994e-05
6507,టాయిలెట్,1,2.2277668864729994e-05
6508,టాయ్,1,2.2277668864729994e-05
6509,టాయ్లెట్,1,2.2277668864729994e-05
6510,టికెట్,1,2.2277668864729994e-05
6511,టిక్,1,2.2277668864729994e-05
6512,టిజెఎస్,1,2.2277668864729994e-05
6513,టిటిడి,1,2.2277668864729994e-05
6514,టిఫిన్స్,1,2.2277668864729994e-05
6515,టిల్ట్,1,2.2277668864729994e-05
6516,టివీ,1,2.2277668864729994e-05
6517,టిష్యూలు,1,2.2277668864729994e-05
6518,టీంవర్క్,1,2.2277668864729994e-05
6519,టీఎన్జీవో,1,2.2277668864729994e-05
6520,టీచర్స్,1,2.2277668864729994e-05
6521,టీజర్,1,2.2277668864729994e-05
6522,టీజర్కు,1,2.2277668864729994e-05
6523,టీటీ,1,2.2277668864729994e-05
6524,టీమ్స్,1,2.2277668864729994e-05
6525,టీరా,1,2.2277668864729994e-05
6526,టీవీలు,1,2.2277668864729994e-05
6527,టీసి,1,2.2277668864729994e-05
6528,టూత్,1,2.2277668864729994e-05
6529,టూర్,1,2.2277668864729994e-05
6530,టెక్నలాజికల్,1,2.2277668864729994e-05
6531,టెక్నాలాజికల్,1,2.2277668864729994e-05
6532,టెక్నికల్,1,2.2277668864729994e-05
6533,టెక్సాస్,1,2.2277668864729994e-05
6534,టెక్స్టైల్స్,1,2.2277668864729994e-05
6535,టెట్లీ,1,2.2277668864729994e-05
6536,టెన్క్షన్,1,2.2277668864729994e-05
6537,టెన్షన్,1,2.2277668864729994e-05
6538,టెరెస్ట్రియల్,1,2.2277668864729994e-05
6539,టెర్మినాలియా,1,2.2277668864729994e-05
6540,టెర్మ్స్,1,2.2277668864729994e-05
6541,టెలికాన్సరెస్స్,1,2.2277668864729994e-05
6542,టెలిప్రింటర్,1,2.2277668864729994e-05
6543,టెస్ట్,1,2.2277668864729994e-05
6544,టెస్ట్ను,1,2.2277668864729994e-05
6545,టెస్లింగ్,1,2.2277668864729994e-05
6546,టేకింగ్,1,2.2277668864729994e-05
6547,టేకు,1,2.2277668864729994e-05
6548,టేబుల్,1,2.2277668864729994e-05
6549,టేబుల్స్,1,2.2277668864729994e-05
6550,టేబుళ్లు,1,2.2277668864729994e-05
6551,టై,1,2.2277668864729994e-05
6552,టైంకల్లా,1,2.2277668864729994e-05
6553,టైకూన్,1,2.2277668864729994e-05
6554,టైట్,1,2.2277668864729994e-05
6555,టైపు,1,2.2277668864729994e-05
6556,టైమింగ్స్,1,2.2277668864729994e-05
6557,టైమ్సేనా,1,2.2277668864729994e-05
6558,టైర్,1,2.2277668864729994e-05
6559,టైర్లు,1,2.2277668864729994e-05
6560,టైలర్,1,2.2277668864729994e-05
6561,టైలర్స్,1,2.2277668864729994e-05
6562,టొపారం,1,2.2277668864729994e-05
6563,టొబాకో,1,2.2277668864729994e-05
6564,టోక్యో,1,2.2277668864729994e-05
6565,టౌన్,1,2.2277668864729994e-05
6566,ట్యాబ్లెట్స్,1,2.2277668864729994e-05
6567,ట్యారో,1,2.2277668864729994e-05
6568,ట్యూబ్,1,2.2277668864729994e-05
6569,ట్రఫుల్,1,2.2277668864729994e-05
6570,ట్రయాంప్,1,2.2277668864729994e-05
6571,ట్రస్ట్,1,2.2277668864729994e-05
6572,ట్రాక్,1,2.2277668864729994e-05
6573,ట్రాక్టరు,1,2.2277668864729994e-05
6574,ట్రాన్సాక్షన్స్,1,2.2277668864729994e-05
6575,ట్రాన్స్ఫార్మ్,1,2.2277668864729994e-05
6576,ట్రాన్స్మ్యుటేషన్,1,2.2277668864729994e-05
6577,ట్రాన్స్లేట్,1,2.2277668864729994e-05
6578,ట్రావెల్స్,1,2.2277668864729994e-05
6579,ట్రిగ్లిఫమ్,1,2.2277668864729994e-05
6580,ట్రిప్పు,1,2.2277668864729994e-05
6581,ట్రీట్,1,2.2277668864729994e-05
6582,ట్రీట్మెంటు,1,2.2277668864729994e-05
6583,ట్రూనాట్,1,2.2277668864729994e-05
6584,ట్రెంచ్,1,2.2277668864729994e-05
6585,ట్రెండింగ్,1,2.2277668864729994e-05
6586,ట్రెక్కింగ్,1,2.2277668864729994e-05
6587,ట్రేడర్గా,1,2.2277668864729994e-05
6588,ట్రేడింగ్,1,2.2277668864729994e-05
6589,ట్రేడ్,1,2.2277668864729994e-05
6590,ట్రై,1,2.2277668864729994e-05
6591,ట్రైల్స్,1,2.2277668864729994e-05
6592,ట్రోఫీ,1,2.2277668864729994e-05
6593,ట్ర్యాకింగ్,1,2.2277668864729994e-05
6594,ట్విస్టెడ్,1,2.2277668864729994e-05
6595,డచా,1,2.2277668864729994e-05
6596,డజన్,1,2.2277668864729994e-05
6597,డప్పి,1,2.2277668864729994e-05
6598,డప్పు,1,2.2277668864729994e-05
6599,డబుల్స్,1,2.2277668864729994e-05
6600,డబ్బింగ్,1,2.2277668864729994e-05
6601,డబ్బున్నవాళ్ళు,1,2.2277668864729994e-05
6602,డబ్ల్యూఎఫ్పి,1,2.2277668864729994e-05
6603,డబ్ల్యూహెచ్ఓ,1,2.2277668864729994e-05
6604,డయాగ్రమ్స్,1,2.2277668864729994e-05
6605,డయాబెటిస్,1,2.2277668864729994e-05
6606,డల్,1,2.2277668864729994e-05
6607,డల్లాస్,1,2.2277668864729994e-05
6608,డాండీ,1,2.2277668864729994e-05
6609,డాట్,1,2.2277668864729994e-05
6610,డాడీ,1,2.2277668864729994e-05
6611,డాన్స్,1,2.2277668864729994e-05
6612,డామినోర్,1,2.2277668864729994e-05
6613,డార్క్,1,2.2277668864729994e-05
6614,డాలర్,1,2.2277668864729994e-05
6615,డాల్బెర్జియా,1,2.2277668864729994e-05
6616,డావిన్సీ,1,2.2277668864729994e-05
6617,డాస్,1,2.2277668864729994e-05
6618,డిగ్రీస్,1,2.2277668864729994e-05
6619,డిజబిలిటీ,1,2.2277668864729994e-05
6620,డిటిపి,1,2.2277668864729994e-05
6621,డిప్లొమా,1,2.2277668864729994e-05
6622,డిఫరెన్స్,1,2.2277668864729994e-05
6623,డిఫెన్స్,1,2.2277668864729994e-05
6624,డిమోక్రటియా,1,2.2277668864729994e-05
6625,డిలివరీ,1,2.2277668864729994e-05
6626,డివివి,1,2.2277668864729994e-05
6627,డిష్,1,2.2277668864729994e-05
6628,డిస్కన్టిన్యుటి,1,2.2277668864729994e-05
6629,డిస్క్,1,2.2277668864729994e-05
6630,డిస్టబెన్స్,1,2.2277668864729994e-05
6631,డిస్టెన్స్,1,2.2277668864729994e-05
6632,డిస్ట్రిక్,1,2.2277668864729994e-05
6633,డీఎన్ఏ,1,2.2277668864729994e-05
6634,డీజిల్,1,2.2277668864729994e-05
6635,డీజీపీ,1,2.2277668864729994e-05
6636,డీప్,1,2.2277668864729994e-05
6637,డీసీ,1,2.2277668864729994e-05
6638,డీసెల్,1,2.2277668864729994e-05
6639,డూప్లికేట్,1,2.2277668864729994e-05
6640,డెకరేషన్,1,2.2277668864729994e-05
6641,డెటాల్,1,2.2277668864729994e-05
6642,డెట్టాల్,1,2.2277668864729994e-05
6643,డెడ్,1,2.2277668864729994e-05
6644,డెత్,1,2.2277668864729994e-05
6645,డెన్నార్క్,1,2.2277668864729994e-05
6646,డెన్మార్క్,1,2.2277668864729994e-05
6647,డెభై,1,2.2277668864729994e-05
6648,డెయిరీ,1,2.2277668864729994e-05
6649,డెలికేట్,1,2.2277668864729994e-05
6650,డెలివరీస్,1,2.2277668864729994e-05
6651,డెల్,1,2.2277668864729994e-05
6652,డెల్టా,1,2.2277668864729994e-05
6653,డెవోనియన్,1,2.2277668864729994e-05
6654,డెస్క్,1,2.2277668864729994e-05
6655,డేంజర్లాగా,1,2.2277668864729994e-05
6656,డేటాసెట్లు,1,2.2277668864729994e-05
6657,డేట్కు,1,2.2277668864729994e-05
6658,డేవిడ్,1,2.2277668864729994e-05
6659,డైనమిక్గా,1,2.2277668864729994e-05
6660,డైనమో,1,2.2277668864729994e-05
6661,డైనింగ్,1,2.2277668864729994e-05
6662,డైనోసార్,1,2.2277668864729994e-05
6663,డైపోల్గా,1,2.2277668864729994e-05
6664,డైమండ్,1,2.2277668864729994e-05
6665,డైరక్టర్,1,2.2277668864729994e-05
6666,డైరీ,1,2.2277668864729994e-05
6667,డైరెక్టరు,1,2.2277668864729994e-05
6668,డైవర్జంట్,1,2.2277668864729994e-05
6669,డైవర్జెంట్,1,2.2277668864729994e-05
6670,డైైరెక్ట్గా,1,2.2277668864729994e-05
6671,డొంక,1,2.2277668864729994e-05
6672,డొల్ల,1,2.2277668864729994e-05
6673,డోరా,1,2.2277668864729994e-05
6674,డోలనం,1,2.2277668864729994e-05
6675,డోలమైట్,1,2.2277668864729994e-05
6676,డ్యామేజ్,1,2.2277668864729994e-05
6677,డ్యామ్,1,2.2277668864729994e-05
6678,డ్యూక్,1,2.2277668864729994e-05
6679,డ్రమ్స్,1,2.2277668864729994e-05
6680,డ్రస్,1,2.2277668864729994e-05
6681,డ్రస్సులు,1,2.2277668864729994e-05
6682,డ్రామాగా,1,2.2277668864729994e-05
6683,డ్రింక్,1,2.2277668864729994e-05
6684,డ్రెస్సింగ్,1,2.2277668864729994e-05
6685,డ్రైవర్స్,1,2.2277668864729994e-05
6686,డ్రైవ్,1,2.2277668864729994e-05
6687,డ్రోన్,1,2.2277668864729994e-05
6688,డ్వార్ఫ్,1,2.2277668864729994e-05
6689,తంజావూర్,1,2.2277668864729994e-05
6690,తంతివారం,1,2.2277668864729994e-05
6691,తంపటాపల్లి,1,2.2277668864729994e-05
6692,తక్కువా,1,2.2277668864729994e-05
6693,తక్కువ్,1,2.2277668864729994e-05
6694,తక్షణం,1,2.2277668864729994e-05
6695,తగవు,1,2.2277668864729994e-05
6696,తగాదలంటే,1,2.2277668864729994e-05
6697,తగిలి,1,2.2277668864729994e-05
6698,తగిలించు,1,2.2277668864729994e-05
6699,తగులబెట్టు,1,2.2277668864729994e-05
6700,తగ్గ,1,2.2277668864729994e-05
6701,తగ్గట్టు,1,2.2277668864729994e-05
6702,తగ్గినాయ,1,2.2277668864729994e-05
6703,తగ్గుముఖం,1,2.2277668864729994e-05
6704,తట్టు,1,2.2277668864729994e-05
6705,తట్టుకోలేక,1,2.2277668864729994e-05
6706,తడియు,1,2.2277668864729994e-05
6707,తడుపు,1,2.2277668864729994e-05
6708,తతంగం,1,2.2277668864729994e-05
6709,తత్ఫలితంగా,1,2.2277668864729994e-05
6710,తదా,1,2.2277668864729994e-05
6711,తదేకంగా,1,2.2277668864729994e-05
6712,తధైతా,1,2.2277668864729994e-05
6713,తనంత,1,2.2277668864729994e-05
6714,తనవెంట,1,2.2277668864729994e-05
6715,తన్ను,1,2.2277668864729994e-05
6716,తన్మయ్,1,2.2277668864729994e-05
6717,తపస్మాన్,1,2.2277668864729994e-05
6718,తపాలాశాఖ,1,2.2277668864729994e-05
6719,తప్పించుకునేవారుగా,1,2.2277668864729994e-05
6720,తప్పుడు,1,2.2277668864729994e-05
6721,తప్పుబట్టారు,1,2.2277668864729994e-05
6722,తప్ప్,1,2.2277668864729994e-05
6723,తమచిత్రం,1,2.2277668864729994e-05
6724,తమతమ,1,2.2277668864729994e-05
6725,తమన్,1,2.2277668864729994e-05
6726,తమిళి,1,2.2277668864729994e-05
6727,తమిళుడు,1,2.2277668864729994e-05
6728,తమిళ్,1,2.2277668864729994e-05
6729,తయారీకై,1,2.2277668864729994e-05
6730,తయారుచే,1,2.2277668864729994e-05
6731,తయారుచేయాలన్న,1,2.2277668864729994e-05
6732,తరంగం,1,2.2277668864729994e-05
6733,తరంగిణి,1,2.2277668864729994e-05
6734,తరఫున,1,2.2277668864729994e-05
6735,తర్వత,1,2.2277668864729994e-05
6736,తలకాయ,1,2.2277668864729994e-05
6737,తలనీలాలు,1,2.2277668864729994e-05
6738,తలస్సేరి,1,2.2277668864729994e-05
6739,తలారి,1,2.2277668864729994e-05
6740,తలుఎల్కె,1,2.2277668864729994e-05
6741,తవుడు,1,2.2277668864729994e-05
6742,తాకిడి,1,2.2277668864729994e-05
6743,తాజ్,1,2.2277668864729994e-05
6744,తాడు,1,2.2277668864729994e-05
6745,తాడేపల్లిగూడెం,1,2.2277668864729994e-05
6746,తాత,1,2.2277668864729994e-05
6747,తాతారావు,1,2.2277668864729994e-05
6748,తాత్విక,1,2.2277668864729994e-05
6749,తానేటి,1,2.2277668864729994e-05
6750,తానొక,1,2.2277668864729994e-05
6751,తాప,1,2.2277668864729994e-05
6752,తాబేలు,1,2.2277668864729994e-05
6753,తామరతంపర,1,2.2277668864729994e-05
6754,తార,1,2.2277668864729994e-05
6755,తారామతి,1,2.2277668864729994e-05
6756,తారిఖా,1,2.2277668864729994e-05
6757,తారుమారు,1,2.2277668864729994e-05
6758,తాలింపు,1,2.2277668864729994e-05
6759,తాష్కెంట్,1,2.2277668864729994e-05
6760,తిం,1,2.2277668864729994e-05
6761,తింటు,1,2.2277668864729994e-05
6762,తిందమంటే,1,2.2277668864729994e-05
6763,తిక్కనాదుల,1,2.2277668864729994e-05
6764,తిట్టారంటే,1,2.2277668864729994e-05
6765,తినిమీద,1,2.2277668864729994e-05
6766,తినుబండం,1,2.2277668864729994e-05
6767,తినేటివి,1,2.2277668864729994e-05
6768,తిన్న,1,2.2277668864729994e-05
6769,తిప్ప్,1,2.2277668864729994e-05
6770,తియ్యదనం,1,2.2277668864729994e-05
6771,తిరగ్గా,1,2.2277668864729994e-05
6772,తిరస్కారం,1,2.2277668864729994e-05
6773,తిరుగుతు,1,2.2277668864729994e-05
6774,తిరుగుబాటు,1,2.2277668864729994e-05
6775,తిరుగులేని,1,2.2277668864729994e-05
6776,తిరుత్తణి,1,2.2277668864729994e-05
6777,తిరువనంతపురం,1,2.2277668864729994e-05
6778,తిరువళ్లూర్,1,2.2277668864729994e-05
6779,తిలక్,1,2.2277668864729994e-05
6780,తివిధ,1,2.2277668864729994e-05
6781,తీగలకట్ట,1,2.2277668864729994e-05
6782,తీగలల్ల,1,2.2277668864729994e-05
6783,తీనివాస్రెడ్లి,1,2.2277668864729994e-05
6784,తీయించు,1,2.2277668864729994e-05
6785,తీర్చిదిద్దాలన్న,1,2.2277668864729994e-05
6786,తీర్థయాత్ర,1,2.2277668864729994e-05
6787,తీర్ధయాత్రలు,1,2.2277668864729994e-05
6788,తీవవాద,1,2.2277668864729994e-05
6789,తీసుక,1,2.2277668864729994e-05
6790,తీసుకునివెళ్ళి,1,2.2277668864729994e-05
6791,తీసుకున్నారంటే,1,2.2277668864729994e-05
6792,తీసుకువె,1,2.2277668864729994e-05
6793,తీసుకువెళ్ళడం,1,2.2277668864729994e-05
6794,తీసుకువెళ్ళారు,1,2.2277668864729994e-05
6795,తీసుకెళ్ళాం,1,2.2277668864729994e-05
6796,తీసుకొండి,1,2.2277668864729994e-05
6797,తీసుకొచ్చాడు,1,2.2277668864729994e-05
6798,తీసుకొచ్చారు,1,2.2277668864729994e-05
6799,తీసుకొచ్చేందుకు,1,2.2277668864729994e-05
6800,తీసుకొనెళ్లి,1,2.2277668864729994e-05
6801,తీసుకొస్తాను,1,2.2277668864729994e-05
6802,తీసుకొస్తుంది,1,2.2277668864729994e-05
6803,తీసుకొస్తే,1,2.2277668864729994e-05
6804,తీసుకోలేదని,1,2.2277668864729994e-05
6805,తీసుకోవడమే,1,2.2277668864729994e-05
6806,తీసుకోవల్సిందిగా,1,2.2277668864729994e-05
6807,తీసేసుకుంటే,1,2.2277668864729994e-05
6808,తీస్తాడండీ,1,2.2277668864729994e-05
6809,తీస్తారన్మాట,1,2.2277668864729994e-05
6810,తీహార్,1,2.2277668864729994e-05
6811,తుంగభద్ర,1,2.2277668864729994e-05
6812,తుంచ్,1,2.2277668864729994e-05
6813,తుంటి,1,2.2277668864729994e-05
6814,తుడువు,1,2.2277668864729994e-05
6815,తుడ్,1,2.2277668864729994e-05
6816,తుద,1,2.2277668864729994e-05
6817,తుదిరూపం,1,2.2277668864729994e-05
6818,తుదిశ్వాస,1,2.2277668864729994e-05
6819,తుప్పు,1,2.2277668864729994e-05
6820,తుమ్మ,1,2.2277668864729994e-05
6821,తులాదండం,1,2.2277668864729994e-05
6822,తుళు,1,2.2277668864729994e-05
6823,తూకం,1,2.2277668864729994e-05
6824,తూర్పుగోదావరి,1,2.2277668864729994e-05
6825,తృణకంకణం,1,2.2277668864729994e-05
6826,తృతీయనాడు,1,2.2277668864729994e-05
6827,తృప్తి,1,2.2277668864729994e-05
6828,తృప్తిపరచే,1,2.2277668864729994e-05
6829,తె,1,2.2277668864729994e-05
6830,తెగులొచ్చేసుందా,1,2.2277668864729994e-05
6831,తెగుళ్ళు,1,2.2277668864729994e-05
6832,తెచ్చిపెట్టగలరా,1,2.2277668864729994e-05
6833,తెచ్చేసుకుంటే,1,2.2277668864729994e-05
6834,తెనుంగు,1,2.2277668864729994e-05
6835,తెప్పిచ్చేటివే,1,2.2277668864729994e-05
6836,తెరాసను,1,2.2277668864729994e-05
6837,తెలంగాణేతర,1,2.2277668864729994e-05
6838,తెలింగకులకాల,1,2.2277668864729994e-05
6839,తెలియజె,1,2.2277668864729994e-05
6840,తెలియజే,1,2.2277668864729994e-05
6841,తెలియజేయగలిగేటట్టు,1,2.2277668864729994e-05
6842,తెలియజేయాల్సిందిగా,1,2.2277668864729994e-05
6843,తెలియజేయుటకు,1,2.2277668864729994e-05
6844,తెలియజేస్తున్నానంటే,1,2.2277668864729994e-05
6845,తెలియలేదనమాట,1,2.2277668864729994e-05
6846,తెలిసినోడే,1,2.2277668864729994e-05
6847,తెలుగుముస్లిం,1,2.2277668864729994e-05
6848,తెలుగుసాహిత్యం,1,2.2277668864729994e-05
6849,తెలుపుకునేటట్టు,1,2.2277668864729994e-05
6850,తెల్గరమారి,1,2.2277668864729994e-05
6851,తెల్లవారుజామున,1,2.2277668864729994e-05
6852,తేజం,1,2.2277668864729994e-05
6853,తేజి,1,2.2277668864729994e-05
6854,తేట,1,2.2277668864729994e-05
6855,తేయాకు,1,2.2277668864729994e-05
6856,తేలికపాటుతనం,1,2.2277668864729994e-05
6857,తేలు,1,2.2277668864729994e-05
6858,తేల్చు,1,2.2277668864729994e-05
6859,తైవాన్,1,2.2277668864729994e-05
6860,తొంభైల్లోనే,1,2.2277668864729994e-05
6861,తొక్కతీసి,1,2.2277668864729994e-05
6862,తొక్కు,1,2.2277668864729994e-05
6863,తొక్కుడు,1,2.2277668864729994e-05
6864,తొక్క్,1,2.2277668864729994e-05
6865,తొలగ్,1,2.2277668864729994e-05
6866,తొలిదశ,1,2.2277668864729994e-05
6867,తొలిపలుకు,1,2.2277668864729994e-05
6868,తోటకూర,1,2.2277668864729994e-05
6869,తోటైతే,1,2.2277668864729994e-05
6870,తోడి,1,2.2277668864729994e-05
6871,తోడ్పాటు,1,2.2277668864729994e-05
6872,తోను,1,2.2277668864729994e-05
6873,తోనే,1,2.2277668864729994e-05
6874,తోపు,1,2.2277668864729994e-05
6875,తోమార్,1,2.2277668864729994e-05
6876,తోసినపుడు,1,2.2277668864729994e-05
6877,త్యాంక్,1,2.2277668864729994e-05
6878,త్యాగం,1,2.2277668864729994e-05
6879,త్యాగాలకైనా,1,2.2277668864729994e-05
6880,త్రయోదశినాడు,1,2.2277668864729994e-05
6881,త్రవ్వకం,1,2.2277668864729994e-05
6882,త్రాగించినట్లయితే,1,2.2277668864729994e-05
6883,త్రిదళాధిపతి,1,2.2277668864729994e-05
6884,త్రిపుర,1,2.2277668864729994e-05
6885,త్రిలింగదేశమనీ,1,2.2277668864729994e-05
6886,త్రిలింగ్,1,2.2277668864729994e-05
6887,త్రివిక్రమ్,1,2.2277668864729994e-05
6888,త్రిసభ్య,1,2.2277668864729994e-05
6889,త్రీజీ,1,2.2277668864729994e-05
6890,త్రీడి,1,2.2277668864729994e-05
6891,త్రుంచు,1,2.2277668864729994e-05
6892,త్రేతాయుగం,1,2.2277668864729994e-05
6893,త్వరితం,1,2.2277668864729994e-05
6894,థమన్,1,2.2277668864729994e-05
6895,థమ్స,1,2.2277668864729994e-05
6896,థరోగా,1,2.2277668864729994e-05
6897,థర్టీలోపల,1,2.2277668864729994e-05
6898,థర్డ్,1,2.2277668864729994e-05
6899,థర్మామీటర్,1,2.2277668864729994e-05
6900,థాట్,1,2.2277668864729994e-05
6901,థాయ్,1,2.2277668864729994e-05
6902,థార్న్త్వైట్,1,2.2277668864729994e-05
6903,థియేటర్స్,1,2.2277668864729994e-05
6904,థీయరిటికల్,1,2.2277668864729994e-05
6905,థీయరీ,1,2.2277668864729994e-05
6906,థెర్మోస్ఫియర్,1,2.2277668864729994e-05
6907,థౌజండ్ఆ,1,2.2277668864729994e-05
6908,దంచు,1,2.2277668864729994e-05
6909,దండు,1,2.2277668864729994e-05
6910,దంతం,1,2.2277668864729994e-05
6911,దక్షత,1,2.2277668864729994e-05
6912,దక్షిణాత్య,1,2.2277668864729994e-05
6913,దక్షిణాఫ్రికా,1,2.2277668864729994e-05
6914,దక్షిణాయనములనబడే,1,2.2277668864729994e-05
6915,దగ్గరకెళ్ళి,1,2.2277668864729994e-05
6916,దగ్గరబడుతున్నందున,1,2.2277668864729994e-05
6917,దట్టం,1,2.2277668864729994e-05
6918,దత్తాంశం,1,2.2277668864729994e-05
6919,దన్ను,1,2.2277668864729994e-05
6920,దయ,1,2.2277668864729994e-05
6921,దయాకర్,1,2.2277668864729994e-05
6922,దరఖాస్తుదారు,1,2.2277668864729994e-05
6923,దరి,1,2.2277668864729994e-05
6924,దరిదాపు,1,2.2277668864729994e-05
6925,దర్గా,1,2.2277668864729994e-05
6926,దర్జీ,1,2.2277668864729994e-05
6927,దర్పణం,1,2.2277668864729994e-05
6928,దర్శకులై,1,2.2277668864729994e-05
6929,దర్శనలోప్,1,2.2277668864729994e-05
6930,దర్శన్,1,2.2277668864729994e-05
6931,దర్శి,1,2.2277668864729994e-05
6932,దల్సర్గా,1,2.2277668864729994e-05
6933,దళిత,1,2.2277668864729994e-05
6934,దశాంశం,1,2.2277668864729994e-05
6935,దశాబ్ది,1,2.2277668864729994e-05
6936,దాచుకోడానికి,1,2.2277668864729994e-05
6937,దాట్,1,2.2277668864729994e-05
6938,దాతృత్వం,1,2.2277668864729994e-05
6939,దానం,1,2.2277668864729994e-05
6940,దానికొక,1,2.2277668864729994e-05
6941,దానిమ్మ,1,2.2277668864729994e-05
6942,దాన్నీ,1,2.2277668864729994e-05
6943,దారిత్రాత్మక,1,2.2277668864729994e-05
6944,దారిద్ర్యం,1,2.2277668864729994e-05
6945,దారిలోంచి,1,2.2277668864729994e-05
6946,దాల్చు,1,2.2277668864729994e-05
6947,దాస్,1,2.2277668864729994e-05
6948,దించు,1,2.2277668864729994e-05
6949,దింపపడే,1,2.2277668864729994e-05
6950,దింప్,1,2.2277668864729994e-05
6951,దిగివన,1,2.2277668864729994e-05
6952,దిగుబడి,1,2.2277668864729994e-05
6953,దిగువస్థాయి,1,2.2277668864729994e-05
6954,దిగ్,1,2.2277668864729994e-05
6955,దిట్ట,1,2.2277668864729994e-05
6956,దినచర్య,1,2.2277668864729994e-05
6957,దిన్నె,1,2.2277668864729994e-05
6958,దిబ్బ,1,2.2277668864729994e-05
6959,దిబ్రుఘర్,1,2.2277668864729994e-05
6960,దిమ్మ,1,2.2277668864729994e-05
6961,దివస్,1,2.2277668864729994e-05
6962,దివిటి,1,2.2277668864729994e-05
6963,దివ్యాంగులు,1,2.2277668864729994e-05
6964,దివ్యౌవషధంలా,1,2.2277668864729994e-05
6965,దిసివ్రాక్,1,2.2277668864729994e-05
6966,దీక్షచేసి,1,2.2277668864729994e-05
6967,దీక్షిత్,1,2.2277668864729994e-05
6968,దీనిపట్ల,1,2.2277668864729994e-05
6969,దీన్నే,1,2.2277668864729994e-05
6970,దీపీఆర్పై,1,2.2277668864729994e-05
6971,దీపు,1,2.2277668864729994e-05
6972,దీర్ఘకాలం,1,2.2277668864729994e-05
6973,దుంప,1,2.2277668864729994e-05
6974,దుగ్ధ,1,2.2277668864729994e-05
6975,దున్ను,1,2.2277668864729994e-05
6976,దుబాయ్,1,2.2277668864729994e-05
6977,దుమ్మెత్తి,1,2.2277668864729994e-05
6978,దురంధరుడు,1,2.2277668864729994e-05
6979,దురదృష్టకరం,1,2.2277668864729994e-05
6980,దురదృష్టవశాత్తు,1,2.2277668864729994e-05
6981,దుర్గం,1,2.2277668864729994e-05
6982,దుర్గి,1,2.2277668864729994e-05
6983,దుర్భరం,1,2.2277668864729994e-05
6984,దుర్వినియోగం,1,2.2277668864729994e-05
6985,దుస్తు,1,2.2277668864729994e-05
6986,దుస్థితి,1,2.2277668864729994e-05
6987,దూకు,1,2.2277668864729994e-05
6988,దూకుడు,1,2.2277668864729994e-05
6989,దూరదర్భన్,1,2.2277668864729994e-05
6990,దూరదర్శన్,1,2.2277668864729994e-05
6991,దూరదర్శి,1,2.2277668864729994e-05
6992,దూరదృష్టి,1,2.2277668864729994e-05
6993,దూరవిద్య,1,2.2277668864729994e-05
6994,దూరాన్సి,1,2.2277668864729994e-05
6995,దూలాళు,1,2.2277668864729994e-05
6996,దృక్పథం,1,2.2277668864729994e-05
6997,దృశ్యం,1,2.2277668864729994e-05
6998,దృశ్యమానం,1,2.2277668864729994e-05
6999,దృశ్యమానత,1,2.2277668864729994e-05
7000,దృష్ట్యా,1,2.2277668864729994e-05
7001,దే,1,2.2277668864729994e-05
7002,దేంట్లో,1,2.2277668864729994e-05
7003,దేవతలకొక,1,2.2277668864729994e-05
7004,దేవదాసి,1,2.2277668864729994e-05
7005,దేవదాసీలు,1,2.2277668864729994e-05
7006,దేవరకొండ,1,2.2277668864729994e-05
7007,దేవస్థానాన్నిఅలాగే,1,2.2277668864729994e-05
7008,దేవినేని,1,2.2277668864729994e-05
7009,దేవిశ్రీ,1,2.2277668864729994e-05
7010,దేవిశ్రీప్రసాద్,1,2.2277668864729994e-05
7011,దేవు,1,2.2277668864729994e-05
7012,దేశభక్తురాలిగానే,1,2.2277668864729994e-05
7013,దేశమ్మ,1,2.2277668864729994e-05
7014,దేశవిదేశాల్లో,1,2.2277668864729994e-05
7015,దేశామంతటా,1,2.2277668864729994e-05
7016,దేశికాచారి,1,2.2277668864729994e-05
7017,దేశీయ,1,2.2277668864729994e-05
7018,దేశీయం,1,2.2277668864729994e-05
7019,దేహం,1,2.2277668864729994e-05
7020,దేహభంగిమలు,1,2.2277668864729994e-05
7021,దైవం,1,2.2277668864729994e-05
7022,దైవచింత,1,2.2277668864729994e-05
7023,దైవపూజగా,1,2.2277668864729994e-05
7024,దైవస్థా,1,2.2277668864729994e-05
7025,దొంతరలాగో,1,2.2277668864729994e-05
7026,దొంతి,1,2.2277668864729994e-05
7027,దొరకు,1,2.2277668864729994e-05
7028,దొరికినేటియేదన్నా,1,2.2277668864729994e-05
7029,దొరుకుతుందేమో,1,2.2277668864729994e-05
7030,దో,1,2.2277668864729994e-05
7031,దోశ,1,2.2277668864729994e-05
7032,దోషం,1,2.2277668864729994e-05
7033,దోషి,1,2.2277668864729994e-05
7034,దోసె,1,2.2277668864729994e-05
7035,దోస్త్,1,2.2277668864729994e-05
7036,దోహదం,1,2.2277668864729994e-05
7037,దోహదపదతాయో,1,2.2277668864729994e-05
7038,దౌన్,1,2.2277668864729994e-05
7039,దౌలధార్,1,2.2277668864729994e-05
7040,ద్రవాంశం,1,2.2277668864729994e-05
7041,ద్రవ్యం,1,2.2277668864729994e-05
7042,ద్రవ్యనిధి,1,2.2277668864729994e-05
7043,ద్రాక్ష,1,2.2277668864729994e-05
7044,ద్రాక్షారామం,1,2.2277668864729994e-05
7045,ద్రావిడనుడే,1,2.2277668864729994e-05
7046,ద్వా,1,2.2277668864729994e-05
7047,ద్వాదశే,1,2.2277668864729994e-05
7048,ద్వాపరయుగం,1,2.2277668864729994e-05
7049,ద్వారక,1,2.2277668864729994e-05
7050,ద్వారాను,1,2.2277668864729994e-05
7051,ద్వింకముల,1,2.2277668864729994e-05
7052,ద్వియాంశ,1,2.2277668864729994e-05
7053,ద్వేషం,1,2.2277668864729994e-05
7054,ధనసంపాదన,1,2.2277668864729994e-05
7055,ధనికవర్గం,1,2.2277668864729994e-05
7056,ధనికుడు,1,2.2277668864729994e-05
7057,ధనియం,1,2.2277668864729994e-05
7058,ధనిష్ఠా,1,2.2277668864729994e-05
7059,ధనిష్థా,1,2.2277668864729994e-05
7060,ధన్,1,2.2277668864729994e-05
7061,ధరణికోట,1,2.2277668864729994e-05
7062,ధరలైతే,1,2.2277668864729994e-05
7063,ధరావరతు,1,2.2277668864729994e-05
7064,ధర్న,1,2.2277668864729994e-05
7065,ధర్మపురి,1,2.2277668864729994e-05
7066,ధర్మరాజు,1,2.2277668864729994e-05
7067,ధర్మవరం,1,2.2277668864729994e-05
7068,ధర్మసింధు,1,2.2277668864729994e-05
7069,ధారణి,1,2.2277668864729994e-05
7070,ధావన్,1,2.2277668864729994e-05
7071,ధీమా,1,2.2277668864729994e-05
7072,ధీర,1,2.2277668864729994e-05
7073,ధూళి,1,2.2277668864729994e-05
7074,ధృవీకరణం,1,2.2277668864729994e-05
7075,ధృవీకరించబడినందున,1,2.2277668864729994e-05
7076,ధ్యాస,1,2.2277668864729994e-05
7077,ధ్రువ,1,2.2277668864729994e-05
7078,ధ్రువీయ,1,2.2277668864729994e-05
7079,ధ్వంసం,1,2.2277668864729994e-05
7080,ధ్వానం,1,2.2277668864729994e-05
7081,నండీ,1,2.2277668864729994e-05
7082,నందమూరి,1,2.2277668864729994e-05
7083,నందికేశ్వర,1,2.2277668864729994e-05
7084,నందు,1,2.2277668864729994e-05
7085,నంద్యాల,1,2.2277668864729994e-05
7086,నకలు,1,2.2277668864729994e-05
7087,నకిలీ,1,2.2277668864729994e-05
7088,నఖచిత్రం,1,2.2277668864729994e-05
7089,నగదు,1,2.2277668864729994e-05
7090,నచ్చ్,1,2.2277668864729994e-05
7091,నటీమణి,1,2.2277668864729994e-05
7092,నట్రాజు,1,2.2277668864729994e-05
7093,నడక,1,2.2277668864729994e-05
7094,నడిచిందనీ,1,2.2277668864729994e-05
7095,నడిపించుటకు,1,2.2277668864729994e-05
7096,నడిపిస్తు,1,2.2277668864729994e-05
7097,నడిపేవారందరికీ,1,2.2277668864729994e-05
7098,నడుపుతూన్న,1,2.2277668864729994e-05
7099,నడుమ,1,2.2277668864729994e-05
7100,నడులవలె,1,2.2277668864729994e-05
7101,నప్పుడు,1,2.2277668864729994e-05
7102,నభో,1,2.2277668864729994e-05
7103,నమస్కారమండి,1,2.2277668864729994e-05
7104,నమస్య,1,2.2277668864729994e-05
7105,నమ్మబుద్ధి,1,2.2277668864729994e-05
7106,నమ్మవద్దని,1,2.2277668864729994e-05
7107,నమ్రత,1,2.2277668864729994e-05
7108,నయా,1,2.2277668864729994e-05
7109,నరం,1,2.2277668864729994e-05
7110,నరసింహం,1,2.2277668864729994e-05
7111,నరుకు,1,2.2277668864729994e-05
7112,నరేంద్రమోడీ,1,2.2277668864729994e-05
7113,నరేం్రద,1,2.2277668864729994e-05
7114,నలభీములనే,1,2.2277668864729994e-05
7115,నలుగురొచ్చి,1,2.2277668864729994e-05
7116,నల్లబియ్యం,1,2.2277668864729994e-05
7117,నవభారతం,1,2.2277668864729994e-05
7118,నవమి,1,2.2277668864729994e-05
7119,నవరంగపురం,1,2.2277668864729994e-05
7120,నవలక్ష,1,2.2277668864729994e-05
7121,నవోదయం,1,2.2277668864729994e-05
7122,నవ్యాంధ్ర,1,2.2277668864729994e-05
7123,నవ్యాంధ్రప్రదేశ్,1,2.2277668864729994e-05
7124,నశి,1,2.2277668864729994e-05
7125,నష్లంపై,1,2.2277668864729994e-05
7126,నహయాన్,1,2.2277668864729994e-05
7127,నాంచారమ్మ,1,2.2277668864729994e-05
7128,నాంది,1,2.2277668864729994e-05
7129,నాకెందుకు,1,2.2277668864729994e-05
7130,నాకేమీ,1,2.2277668864729994e-05
7131,నాకొక,1,2.2277668864729994e-05
7132,నాకొకసారి,1,2.2277668864729994e-05
7133,నాగరిక,1,2.2277668864729994e-05
7134,నాగర్,1,2.2277668864729994e-05
7135,నాగార్జునకొండ,1,2.2277668864729994e-05
7136,నాగావళి,1,2.2277668864729994e-05
7137,నాగావ్,1,2.2277668864729994e-05
7138,నాగేశ్వరరావు,1,2.2277668864729994e-05
7139,నాగోల్,1,2.2277668864729994e-05
7140,నాగ్,1,2.2277668864729994e-05
7141,నాచెత్త,1,2.2277668864729994e-05
7142,నాట్యభంగిమ,1,2.2277668864729994e-05
7143,నాడి,1,2.2277668864729994e-05
7144,నాడొళగణ,1,2.2277668864729994e-05
7145,నాథుడు,1,2.2277668864729994e-05
7146,నాథ్,1,2.2277668864729994e-05
7147,నాదేం,1,2.2277668864729994e-05
7148,నానబెట్టు,1,2.2277668864729994e-05
7149,నానమ్మ,1,2.2277668864729994e-05
7150,నానాజాతి,1,2.2277668864729994e-05
7151,నానుడి,1,2.2277668864729994e-05
7152,నాన్న,1,2.2277668864729994e-05
7153,నాన్నగారైతే,1,2.2277668864729994e-05
7154,నాన్నమ్మ,1,2.2277668864729994e-05
7155,నాన్వెజ్,1,2.2277668864729994e-05
7156,నాన్స్టాప్,1,2.2277668864729994e-05
7157,నామవాచకం,1,2.2277668864729994e-05
7158,నామినీగా,1,2.2277668864729994e-05
7159,నామోషిగా,1,2.2277668864729994e-05
7160,నాయకులనందరినీ,1,2.2277668864729994e-05
7161,నాయక్,1,2.2277668864729994e-05
7162,నాయన,1,2.2277668864729994e-05
7163,నారాయణపేట,1,2.2277668864729994e-05
7164,నారాయణరెడ్డి,1,2.2277668864729994e-05
7165,నారాయణస్వామి,1,2.2277668864729994e-05
7166,నారి,1,2.2277668864729994e-05
7167,నార్కెట్పల్లి,1,2.2277668864729994e-05
7168,నార్డ్,1,2.2277668864729994e-05
7169,నాలుగొందల,1,2.2277668864729994e-05
7170,నావమికే,1,2.2277668864729994e-05
7171,నావల్,1,2.2277668864729994e-05
7172,నావీద్,1,2.2277668864729994e-05
7173,నాసిరకం,1,2.2277668864729994e-05
7174,నాారింజ,1,2.2277668864729994e-05
7175,నిండుభూమి,1,2.2277668864729994e-05
7176,నిండ్,1,2.2277668864729994e-05
7177,నిందితుడు,1,2.2277668864729994e-05
7178,నిందితులందర్పి,1,2.2277668864729994e-05
7179,నింపాయంటే,1,2.2277668864729994e-05
7180,నికాన్,1,2.2277668864729994e-05
7181,నికోబార్,1,2.2277668864729994e-05
7182,నికోలస్,1,2.2277668864729994e-05
7183,నిక్షిప్తం,1,2.2277668864729994e-05
7184,నిక్షిప్తమై,1,2.2277668864729994e-05
7185,నిఘా,1,2.2277668864729994e-05
7186,నిజమైతే,1,2.2277668864729994e-05
7187,నిజాంపట్నం,1,2.2277668864729994e-05
7188,నిజాంబాద్,1,2.2277668864729994e-05
7189,నిజామ్,1,2.2277668864729994e-05
7190,నిజాయితి,1,2.2277668864729994e-05
7191,నిటారుగా,1,2.2277668864729994e-05
7192,నిడివి,1,2.2277668864729994e-05
7193,నితిస్,1,2.2277668864729994e-05
7194,నితీష్,1,2.2277668864729994e-05
7195,నిత్యం,1,2.2277668864729994e-05
7196,నిత్యావసరం,1,2.2277668864729994e-05
7197,నిదర్శనం,1,2.2277668864729994e-05
7198,నిదానం,1,2.2277668864729994e-05
7199,నిద్రపట్టు,1,2.2277668864729994e-05
7200,నిద్రపో,1,2.2277668864729994e-05
7201,నిద్రలేమి,1,2.2277668864729994e-05
7202,నిను,1,2.2277668864729994e-05
7203,నినో,1,2.2277668864729994e-05
7204,నిన్నటి,1,2.2277668864729994e-05
7205,నిప్పు,1,2.2277668864729994e-05
7206,నిబద్ధత,1,2.2277668864729994e-05
7207,నిబిడీకృత,1,2.2277668864729994e-05
7208,నిమజ్జనం,1,2.2277668864729994e-05
7209,నిమిత్తమై,1,2.2277668864729994e-05
7210,నిమిషనిమిషానికి,1,2.2277668864729994e-05
7211,నిముషాలయినా,1,2.2277668864729994e-05
7212,నిమ్,1,2.2277668864729994e-05
7213,నిమ్మ,1,2.2277668864729994e-05
7214,నిమ్మచెట్టు,1,2.2277668864729994e-05
7215,నిమ్మరసం,1,2.2277668864729994e-05
7216,నియ,1,2.2277668864729994e-05
7217,నియంతణ,1,2.2277668864729994e-05
7218,నియమావళి,1,2.2277668864729994e-05
7219,నియర్బై,1,2.2277668864729994e-05
7220,నియర్లీ,1,2.2277668864729994e-05
7221,నియాసిన్,1,2.2277668864729994e-05
7222,నిరంజన్,1,2.2277668864729994e-05
7223,నిరంజన్రెడ్డి,1,2.2277668864729994e-05
7224,నిరసం,1,2.2277668864729994e-05
7225,నిరాటకంగా,1,2.2277668864729994e-05
7226,నిరాహరదీక్ష,1,2.2277668864729994e-05
7227,నిరాహారదీక్ష,1,2.2277668864729994e-05
7228,నిరుద్యోగం,1,2.2277668864729994e-05
7229,నిరుద్యోగి,1,2.2277668864729994e-05
7230,నిరుపయోగం,1,2.2277668864729994e-05
7231,నిరోధం,1,2.2277668864729994e-05
7232,నిరోధకం,1,2.2277668864729994e-05
7233,నిర్ణ,1,2.2277668864729994e-05
7234,నిర్ణయత్మక,1,2.2277668864729994e-05
7235,నిర్ణయసింధు,1,2.2277668864729994e-05
7236,నిర్ణయసింధుకారుడు,1,2.2277668864729994e-05
7237,నిర్ణయాత్మక,1,2.2277668864729994e-05
7238,నిర్ణయాత్మకమైన,1,2.2277668864729994e-05
7239,నిర్ణయాధికారం,1,2.2277668864729994e-05
7240,నిర్ణారణ,1,2.2277668864729994e-05
7241,నిర్ణీత,1,2.2277668864729994e-05
7242,నిర్దేశించినదన్నమాట,1,2.2277668864729994e-05
7243,నిర్దేశిత,1,2.2277668864729994e-05
7244,నిర్ధారణ,1,2.2277668864729994e-05
7245,నిర్ధారించగలరా,1,2.2277668864729994e-05
7246,నిర్బంధం,1,2.2277668864729994e-05
7247,నిర్మించినపుడు,1,2.2277668864729994e-05
7248,నిర్మించుకునేలాగా,1,2.2277668864729994e-05
7249,నిర్మూలన,1,2.2277668864729994e-05
7250,నిర్లక్ష్యం,1,2.2277668864729994e-05
7251,నిర్వహించాలనుకుంటే,1,2.2277668864729994e-05
7252,నిర్వహిన్సనున్నట్టు,1,2.2277668864729994e-05
7253,నిర్వాహకుడు,1,2.2277668864729994e-05
7254,నిర్వాహణ,1,2.2277668864729994e-05
7255,నిలకడ,1,2.2277668864729994e-05
7256,నిలచ్,1,2.2277668864729994e-05
7257,నిలవ,1,2.2277668864729994e-05
7258,నిలిపివేత,1,2.2277668864729994e-05
7259,నిలువలేదు,1,2.2277668864729994e-05
7260,నిల్,1,2.2277668864729994e-05
7261,నివారణ,1,2.2277668864729994e-05
7262,నివాళి,1,2.2277668864729994e-05
7263,నివాళులర్పించారు,1,2.2277668864729994e-05
7264,నివాసయోగ్యం,1,2.2277668864729994e-05
7265,నివాసి,1,2.2277668864729994e-05
7266,నివేదించు,1,2.2277668864729994e-05
7267,నివేదిత,1,2.2277668864729994e-05
7268,నివ్వు,1,2.2277668864729994e-05
7269,నిశ్చయమైంది,1,2.2277668864729994e-05
7270,నిశ్శబ్దం,1,2.2277668864729994e-05
7271,నిషిద్దం,1,2.2277668864729994e-05
7272,నిషేధాజ్ఞలు,1,2.2277668864729994e-05
7273,నిష్పక్షపాతముగా,1,2.2277668864729994e-05
7274,నిస్సత్తువ,1,2.2277668864729994e-05
7275,నీకేమైనా,1,2.2277668864729994e-05
7276,నీచు,1,2.2277668864729994e-05
7277,నీటిమట్టం,1,2.2277668864729994e-05
7278,నీటు,1,2.2277668864729994e-05
7279,నీట్నెస్,1,2.2277668864729994e-05
7280,నీడపట్టున,1,2.2277668864729994e-05
7281,నీరసం,1,2.2277668864729994e-05
7282,నీర్,1,2.2277668864729994e-05
7283,నీలగిరి,1,2.2277668864729994e-05
7284,నీలి,1,2.2277668864729994e-05
7285,నీషితా,1,2.2277668864729994e-05
7286,నుంచో,1,2.2277668864729994e-05
7287,నుగుబాల,1,2.2277668864729994e-05
7288,నుదిటి,1,2.2277668864729994e-05
7289,నునే,1,2.2277668864729994e-05
7290,నున్నారు,1,2.2277668864729994e-05
7291,నురగ,1,2.2277668864729994e-05
7292,నువు,1,2.2277668864729994e-05
7293,నూడిల్సు,1,2.2277668864729994e-05
7294,నూర్పిడి,1,2.2277668864729994e-05
7295,నృత్యనాటికలు,1,2.2277668864729994e-05
7296,నెగ్గలేకపోయిన,1,2.2277668864729994e-05
7297,నెట్టు,1,2.2277668864729994e-05
7298,నెట్ఫ్లక్స్,1,2.2277668864729994e-05
7299,నెట్ఫ్లెక్స్,1,2.2277668864729994e-05
7300,నెట్వర్క్ను,1,2.2277668864729994e-05
7301,నెట్వర్గ్,1,2.2277668864729994e-05
7302,నెదర్లాండ్,1,2.2277668864729994e-05
7303,నెదర్లాండ్స్,1,2.2277668864729994e-05
7304,నెప్పు,1,2.2277668864729994e-05
7305,నెరజాణ,1,2.2277668864729994e-05
7306,నెలజీతం,1,2.2277668864729994e-05
7307,నెలలకోసారి,1,2.2277668864729994e-05
7308,నెలలపైబడి,1,2.2277668864729994e-05
7309,నెలవైన,1,2.2277668864729994e-05
7310,నెససరీస్,1,2.2277668864729994e-05
7311,నెహ్రు,1,2.2277668864729994e-05
7312,నేచర్,1,2.2277668864729994e-05
7313,నేటివరకు,1,2.2277668864729994e-05
7314,నేదురుమల్లి,1,2.2277668864729994e-05
7315,నేనూహించలేదు,1,2.2277668864729994e-05
7316,నేనెక్కడికైతే,1,2.2277668864729994e-05
7317,నేనొకసారి,1,2.2277668864729994e-05
7318,నేపధ్యం,1,2.2277668864729994e-05
7319,నేపాల్,1,2.2277668864729994e-05
7320,నేమ్స్,1,2.2277668864729994e-05
7321,నేర్చుకున్నదేంటంటే,1,2.2277668864729994e-05
7322,నేర్పరి,1,2.2277668864729994e-05
7323,నేలపట్టు,1,2.2277668864729994e-05
7324,నేలవంతం,1,2.2277668864729994e-05
7325,నేషనలిస్ట్,1,2.2277668864729994e-05
7326,నైంత్,1,2.2277668864729994e-05
7327,నైక్,1,2.2277668864729994e-05
7328,నైటు,1,2.2277668864729994e-05
7329,నైట్రోజన్,1,2.2277668864729994e-05
7330,నైతే,1,2.2277668864729994e-05
7331,నైరుతి,1,2.2277668864729994e-05
7332,నైలాన్,1,2.2277668864729994e-05
7333,నైషధం,1,2.2277668864729994e-05
7334,నొక్కి,1,2.2277668864729994e-05
7335,నొక్కెమో,1,2.2277668864729994e-05
7336,నోటిఫై,1,2.2277668864729994e-05
7337,నోటిమాట,1,2.2277668864729994e-05
7338,నోటు,1,2.2277668864729994e-05
7339,నోట్స్,1,2.2277668864729994e-05
7340,నోమేశ్,1,2.2277668864729994e-05
7341,నోయిమన్,1,2.2277668864729994e-05
7342,నోయెల్,1,2.2277668864729994e-05
7343,నోరు,1,2.2277668864729994e-05
7344,నోషలిస్టు,1,2.2277668864729994e-05
7345,నౌకాయానం,1,2.2277668864729994e-05
7346,నౌరూజ్,1,2.2277668864729994e-05
7347,న్యాచురా,1,2.2277668864729994e-05
7348,న్యాయకత్వ,1,2.2277668864729994e-05
7349,న్యాయపరం,1,2.2277668864729994e-05
7350,న్యాయముగా,1,2.2277668864729994e-05
7351,న్యాయమైనదిగా,1,2.2277668864729994e-05
7352,న్యాయవాద,1,2.2277668864729994e-05
7353,న్యాయవిచారణ,1,2.2277668864729994e-05
7354,న్యాయశాఖ,1,2.2277668864729994e-05
7355,న్యాయసంబంధం,1,2.2277668864729994e-05
7356,న్యాయసేవాధికార,1,2.2277668864729994e-05
7357,న్యాయస్థాసం,1,2.2277668864729994e-05
7358,న్యుటేషన్,1,2.2277668864729994e-05
7359,న్యూట్రాన్,1,2.2277668864729994e-05
7360,న్యూడెమోక్రసీ,1,2.2277668864729994e-05
7361,న్యూఢిల్లీ,1,2.2277668864729994e-05
7362,న్యూబార్స్,1,2.2277668864729994e-05
7363,న్యూమరాలజీ,1,2.2277668864729994e-05
7364,న్యూరో,1,2.2277668864729994e-05
7365,న్యూస్పేపర్,1,2.2277668864729994e-05
7366,న్యూహేవన్,1,2.2277668864729994e-05
7367,పం,1,2.2277668864729994e-05
7368,పంచ,1,2.2277668864729994e-05
7369,పంచమ,1,2.2277668864729994e-05
7370,పంచాయతీలు,1,2.2277668864729994e-05
7371,పంచాయితీరాజ్,1,2.2277668864729994e-05
7372,పంచాయితీలు,1,2.2277668864729994e-05
7373,పండక్కి,1,2.2277668864729994e-05
7374,పండించేటోళ్ళు,1,2.2277668864729994e-05
7375,పండిచటం,1,2.2277668864729994e-05
7376,పండిట్,1,2.2277668864729994e-05
7377,పండితలోకం,1,2.2277668864729994e-05
7378,పండిన,1,2.2277668864729994e-05
7379,పంతొమ్మిదివందల,1,2.2277668864729994e-05
7380,పందిరులేసి,1,2.2277668864729994e-05
7381,పందుగలు,1,2.2277668864729994e-05
7382,పంపిణి,1,2.2277668864729994e-05
7383,పంపీరా,1,2.2277668864729994e-05
7384,పంప్హౌస్,1,2.2277668864729994e-05
7385,పకడ్బందీగా,1,2.2277668864729994e-05
7386,పక్కింటి,1,2.2277668864729994e-05
7387,పక్షవాతం,1,2.2277668864729994e-05
7388,పగ,1,2.2277668864729994e-05
7389,పగటివేషకాండ్ర,1,2.2277668864729994e-05
7390,పగ్,1,2.2277668864729994e-05
7391,పచ్చదనమే,1,2.2277668864729994e-05
7392,పచ్చి,1,2.2277668864729994e-05
7393,పచ్చిక,1,2.2277668864729994e-05
7394,పచ్చిపాలు,1,2.2277668864729994e-05
7395,పచ్చిపులుసు,1,2.2277668864729994e-05
7396,పచ్చిమిరపకాయ,1,2.2277668864729994e-05
7397,పచ్చిమిరపకాయలు,1,2.2277668864729994e-05
7398,పచ్చిమిర్చి,1,2.2277668864729994e-05
7399,పటాకులు,1,2.2277668864729994e-05
7400,పటిమ,1,2.2277668864729994e-05
7401,పటిష్ఠ,1,2.2277668864729994e-05
7402,పట్టణఁ,1,2.2277668864729994e-05
7403,పట్టణాభివృద్ది,1,2.2277668864729994e-05
7404,పట్టణీకరణ,1,2.2277668864729994e-05
7405,పట్టాదార్,1,2.2277668864729994e-05
7406,పట్టాభి,1,2.2277668864729994e-05
7407,పట్టుకుందామంటే,1,2.2277668864729994e-05
7408,పట్టుకొమ్మ,1,2.2277668864729994e-05
7409,పట్టుకొమ్మలైనా,1,2.2277668864729994e-05
7410,పట్టుచీర,1,2.2277668864729994e-05
7411,పట్టువదలని,1,2.2277668864729994e-05
7412,పట్నం,1,2.2277668864729994e-05
7413,పడగొ,1,2.2277668864729994e-05
7414,పడతదా,1,2.2277668864729994e-05
7415,పడమట,1,2.2277668864729994e-05
7416,పడవ,1,2.2277668864729994e-05
7417,పడి,1,2.2277668864729994e-05
7418,పడిపో,1,2.2277668864729994e-05
7419,పడుకున్నప్పుడు,1,2.2277668864729994e-05
7420,పడుకోనె,1,2.2277668864729994e-05
7421,పడుకోబోయే,1,2.2277668864729994e-05
7422,పడ్వాగా,1,2.2277668864729994e-05
7423,పతి,1,2.2277668864729994e-05
7424,పత్యం,1,2.2277668864729994e-05
7425,పత్యాచార్యుడు,1,2.2277668864729994e-05
7426,పథం,1,2.2277668864729994e-05
7427,పద,1,2.2277668864729994e-05
7428,పదకోశం,1,2.2277668864729994e-05
7429,పదజాలం,1,2.2277668864729994e-05
7430,పదవీకాలం,1,2.2277668864729994e-05
7431,పదవీబాధ్యతలు,1,2.2277668864729994e-05
7432,పదాతిదళ,1,2.2277668864729994e-05
7433,పదార్థాలేమీ,1,2.2277668864729994e-05
7434,పదార్ధాలన్నీ,1,2.2277668864729994e-05
7435,పదిమందికీ,1,2.2277668864729994e-05
7436,పదిహేడవ,1,2.2277668864729994e-05
7437,పదిహేన్నించి,1,2.2277668864729994e-05
7438,పదును,1,2.2277668864729994e-05
7439,పదేపదే,1,2.2277668864729994e-05
7440,పదేళ్లు,1,2.2277668864729994e-05
7441,పద్,1,2.2277668864729994e-05
7442,పద్ధతులున్నాయి,1,2.2277668864729994e-05
7443,పద్మపురాణం,1,2.2277668864729994e-05
7444,పధకం,1,2.2277668864729994e-05
7445,పధకాన్పి,1,2.2277668864729994e-05
7446,పధానమంతి,1,2.2277668864729994e-05
7447,పనితనం,1,2.2277668864729994e-05
7448,పనిలేదు,1,2.2277668864729994e-05
7449,పనులన్నిటిమీదా,1,2.2277668864729994e-05
7450,పనులన్నీ,1,2.2277668864729994e-05
7451,పనుల్లో,1,2.2277668864729994e-05
7452,పన్నెండు,1,2.2277668864729994e-05
7453,పప్పుదినుసులు,1,2.2277668864729994e-05
7454,పబ్జి,1,2.2277668864729994e-05
7455,పబ్లిక్,1,2.2277668864729994e-05
7456,పబ్స్,1,2.2277668864729994e-05
7457,పరచ్,1,2.2277668864729994e-05
7458,పరమాన్నం,1,2.2277668864729994e-05
7459,పరమార్ధం,1,2.2277668864729994e-05
7460,పరమేశ్వరుడు,1,2.2277668864729994e-05
7461,పరాభవం,1,2.2277668864729994e-05
7462,పరారుణ,1,2.2277668864729994e-05
7463,పరాశరుడు,1,2.2277668864729994e-05
7464,పరి,1,2.2277668864729994e-05
7465,పరికర్మ,1,2.2277668864729994e-05
7466,పరికల్పన,1,2.2277668864729994e-05
7467,పరికూలతగా,1,2.2277668864729994e-05
7468,పరిగెట్టు,1,2.2277668864729994e-05
7469,పరిచర్య,1,2.2277668864729994e-05
7470,పరిణతి,1,2.2277668864729994e-05
7471,పరిణయోత్పవం,1,2.2277668864729994e-05
7472,పరిణితి,1,2.2277668864729994e-05
7473,పరిపక్వత,1,2.2277668864729994e-05
7474,పరిపుష్టం,1,2.2277668864729994e-05
7475,పరిభ్రమి,1,2.2277668864729994e-05
7476,పరిమాణంలఒ,1,2.2277668864729994e-05
7477,పరిరక్షి,1,2.2277668864729994e-05
7478,పరిరక్షించు,1,2.2277668864729994e-05
7479,పరివాహక,1,2.2277668864729994e-05
7480,పరివాహన్,1,2.2277668864729994e-05
7481,పరిశమ,1,2.2277668864729994e-05
7482,పరిశీలన,1,2.2277668864729994e-05
7483,పరిశోధనాత్మక,1,2.2277668864729994e-05
7484,పరిస్టితి,1,2.2277668864729994e-05
7485,పరిస్దితి,1,2.2277668864729994e-05
7486,పరిస్లితిపై,1,2.2277668864729994e-05
7487,పరిస్లితులపై,1,2.2277668864729994e-05
7488,పరిహారం,1,2.2277668864729994e-05
7489,పరి్రమలు,1,2.2277668864729994e-05
7490,పరీక్షించు,1,2.2277668864729994e-05
7491,పరుగెట్టు,1,2.2277668864729994e-05
7492,పరూర్,1,2.2277668864729994e-05
7493,పరోక్షం,1,2.2277668864729994e-05
7494,పర్చూరు,1,2.2277668864729994e-05
7495,పర్చేజ్,1,2.2277668864729994e-05
7496,పర్చేసింగ్,1,2.2277668864729994e-05
7497,పర్చేస్,1,2.2277668864729994e-05
7498,పర్పుల్,1,2.2277668864729994e-05
7499,పర్మనెంటు,1,2.2277668864729994e-05
7500,పర్మనెంట్గా,1,2.2277668864729994e-05
7501,పర్యవసానం,1,2.2277668864729994e-05
7502,పర్యవేక్షి,1,2.2277668864729994e-05
7503,పర్యాటకుడు,1,2.2277668864729994e-05
7504,పర్యాయపదం,1,2.2277668864729994e-05
7505,పర్వాలేదు,1,2.2277668864729994e-05
7506,పర్సంటేజ్,1,2.2277668864729994e-05
7507,పర్సన్,1,2.2277668864729994e-05
7508,పర్సెంటేజ్,1,2.2277668864729994e-05
7509,పలుకుబడి,1,2.2277668864729994e-05
7510,పలుచ,1,2.2277668864729994e-05
7511,పలుమార్లు,1,2.2277668864729994e-05
7512,పల్చబడి,1,2.2277668864729994e-05
7513,పల్లం,1,2.2277668864729994e-05
7514,పల్లవి,1,2.2277668864729994e-05
7515,పల్లిడా,1,2.2277668864729994e-05
7516,పల్లీలు,1,2.2277668864729994e-05
7517,పల్లెటూళ్ళలో,1,2.2277668864729994e-05
7518,పల్సర్,1,2.2277668864729994e-05
7519,పళ్ప,1,2.2277668864729994e-05
7520,పవనం,1,2.2277668864729994e-05
7521,పవన్,1,2.2277668864729994e-05
7522,పవర్పోయింట్,1,2.2277668864729994e-05
7523,పశుసంవర్ణక,1,2.2277668864729994e-05
7524,పశుసంవర్థక,1,2.2277668864729994e-05
7525,పసారం,1,2.2277668864729994e-05
7526,పసారశాఖ,1,2.2277668864729994e-05
7527,పసిపిల్ల,1,2.2277668864729994e-05
7528,పసిబిడ్డ,1,2.2277668864729994e-05
7529,పసుపులేటి,1,2.2277668864729994e-05
7530,పస్తుత,1,2.2277668864729994e-05
7531,పస్తుతం,1,2.2277668864729994e-05
7532,పాంజియా,1,2.2277668864729994e-05
7533,పాండవులు,1,2.2277668864729994e-05
7534,పాకం,1,2.2277668864729994e-05
7535,పాకు,1,2.2277668864729994e-05
7536,పాకెట్,1,2.2277668864729994e-05
7537,పాకెట్స్,1,2.2277668864729994e-05
7538,పాక్షికం,1,2.2277668864729994e-05
7539,పాజెక్టు,1,2.2277668864729994e-05
7540,పాటర్,1,2.2277668864729994e-05
7541,పాటించాలన్నారు,1,2.2277668864729994e-05
7542,పాటిష్ణంగా,1,2.2277668864729994e-05
7543,పాట్రిక్,1,2.2277668864729994e-05
7544,పాట్స్,1,2.2277668864729994e-05
7545,పాఠశాలయైనా,1,2.2277668864729994e-05
7546,పాఠ్య,1,2.2277668864729994e-05
7547,పాఠ్యపుస్తకం,1,2.2277668864729994e-05
7548,పాడి,1,2.2277668864729994e-05
7549,పాడిగేదె,1,2.2277668864729994e-05
7550,పాడుచు,1,2.2277668864729994e-05
7551,పాడుతు,1,2.2277668864729994e-05
7552,పాడుతున్నావ్,1,2.2277668864729994e-05
7553,పాతకాలం,1,2.2277668864729994e-05
7554,పాతగుట్ట,1,2.2277668864729994e-05
7555,పాతాళం,1,2.2277668864729994e-05
7556,పాతిక,1,2.2277668864729994e-05
7557,పాత్రయొక్కటే,1,2.2277668864729994e-05
7558,పాత్రికేయుడు,1,2.2277668864729994e-05
7559,పాదయాత,1,2.2277668864729994e-05
7560,పాదయాత్ర,1,2.2277668864729994e-05
7561,పాదు,1,2.2277668864729994e-05
7562,పానకం,1,2.2277668864729994e-05
7563,పానీపూరి,1,2.2277668864729994e-05
7564,పాపాయి,1,2.2277668864729994e-05
7565,పాపులర్,1,2.2277668864729994e-05
7566,పామరుడు,1,2.2277668864729994e-05
7567,పామ్,1,2.2277668864729994e-05
7568,పాయసం,1,2.2277668864729994e-05
7569,పారంభం,1,2.2277668864729994e-05
7570,పారదర్శకత,1,2.2277668864729994e-05
7571,పారశీకం,1,2.2277668864729994e-05
7572,పారామితి,1,2.2277668864729994e-05
7573,పారామెడికల్,1,2.2277668864729994e-05
7574,పారికామిక,1,2.2277668864729994e-05
7575,పారిపో,1,2.2277668864729994e-05
7576,పారిశుద్ధ్యం,1,2.2277668864729994e-05
7577,పారిశ్రామిక,1,2.2277668864729994e-05
7578,పారిశ్రామీకరణ,1,2.2277668864729994e-05
7579,పారు,1,2.2277668864729994e-05
7580,పారుదల,1,2.2277668864729994e-05
7581,పారెయ్యి,1,2.2277668864729994e-05
7582,పార్గీ,1,2.2277668864729994e-05
7583,పార్ట్,1,2.2277668864729994e-05
7584,పార్థసారథి,1,2.2277668864729994e-05
7585,పార్లముంట్,1,2.2277668864729994e-05
7586,పార్లమెంటేరియన్స్,1,2.2277668864729994e-05
7587,పార్లమెంట్స్,1,2.2277668864729994e-05
7588,పార్వతీపురం,1,2.2277668864729994e-05
7589,పార్శ్వం,1,2.2277668864729994e-05
7590,పార్సెల్,1,2.2277668864729994e-05
7591,పాలకూర,1,2.2277668864729994e-05
7592,పాలకొండ,1,2.2277668864729994e-05
7593,పాలకోవా,1,2.2277668864729994e-05
7594,పాలనయినా,1,2.2277668864729994e-05
7595,పాలల్లోంచి,1,2.2277668864729994e-05
7596,పాలవాడకం,1,2.2277668864729994e-05
7597,పాలిటిక్స్,1,2.2277668864729994e-05
7598,పాలియోక్లైమాటాలజీ,1,2.2277668864729994e-05
7599,పాలియోక్లైమాటోలాజికల్,1,2.2277668864729994e-05
7600,పాలిషింగ్,1,2.2277668864729994e-05
7601,పాలిష్,1,2.2277668864729994e-05
7602,పాలిసీ,1,2.2277668864729994e-05
7603,పాల్,1,2.2277668864729994e-05
7604,పాల్గొ,1,2.2277668864729994e-05
7605,పాల్గోన్నారు,1,2.2277668864729994e-05
7606,పాశ్చరైజ్డ్,1,2.2277668864729994e-05
7607,పాస్కల్,1,2.2277668864729994e-05
7608,పాస్టర్,1,2.2277668864729994e-05
7609,పాస్బుక్,1,2.2277668864729994e-05
7610,పింఛనర్ల,1,2.2277668864729994e-05
7611,పింఛన్లు,1,2.2277668864729994e-05
7612,పిండు,1,2.2277668864729994e-05
7613,పిండ్,1,2.2277668864729994e-05
7614,పిందె,1,2.2277668864729994e-05
7615,పింపుల్సున్న,1,2.2277668864729994e-05
7616,పిఆర్,1,2.2277668864729994e-05
7617,పిఎం,1,2.2277668864729994e-05
7618,పికెటింగ్,1,2.2277668864729994e-05
7619,పిక్కిల్,1,2.2277668864729994e-05
7620,పిచ్,1,2.2277668864729994e-05
7621,పిచ్చి,1,2.2277668864729994e-05
7622,పిచ్చివాడు,1,2.2277668864729994e-05
7623,పిచ్చుక,1,2.2277668864729994e-05
7624,పిచ్చెక్కించే,1,2.2277668864729994e-05
7625,పిచ్చోళ్ళు,1,2.2277668864729994e-05
7626,పిటిషన్,1,2.2277668864729994e-05
7627,పిటిసి,1,2.2277668864729994e-05
7628,పిటీషన్,1,2.2277668864729994e-05
7629,పిఠాపురం,1,2.2277668864729994e-05
7630,పిడిపిపి,1,2.2277668864729994e-05
7631,పినరయ్,1,2.2277668864729994e-05
7632,పిన్,1,2.2277668864729994e-05
7633,పిబి,1,2.2277668864729994e-05
7634,పిరియోడిక్,1,2.2277668864729994e-05
7635,పిలిచినదా,1,2.2277668864729994e-05
7636,పిలీచే,1,2.2277668864729994e-05
7637,పిల్లలమైనా,1,2.2277668864729994e-05
7638,పివిపి,1,2.2277668864729994e-05
7639,పీఈసెట్,1,2.2277668864729994e-05
7640,పీఎఫ్,1,2.2277668864729994e-05
7641,పీక,1,2.2277668864729994e-05
7642,పీఠం,1,2.2277668864729994e-05
7643,పీడ,1,2.2277668864729994e-05
7644,పీడించు,1,2.2277668864729994e-05
7645,పీసు,1,2.2277668864729994e-05
7646,పుంజుకున్నాయి,1,2.2277668864729994e-05
7647,పుంజుకొని,1,2.2277668864729994e-05
7648,పుంభావ,1,2.2277668864729994e-05
7649,పుటకేంటి,1,2.2277668864729994e-05
7650,పుట్టినరోజు,1,2.2277668864729994e-05
7651,పుట్టినిల్లు,1,2.2277668864729994e-05
7652,పుట్టుకొచ్చే,1,2.2277668864729994e-05
7653,పుట్టుకొస్తుంది,1,2.2277668864729994e-05
7654,పుణ్యస్థలం,1,2.2277668864729994e-05
7655,పుదుచ్చేరి,1,2.2277668864729994e-05
7656,పునః,1,2.2277668864729994e-05
7657,పునఃప్రారంభించబడి,1,2.2277668864729994e-05
7658,పునరుజ్జీవనం,1,2.2277668864729994e-05
7659,పునరుత్పత్తి,1,2.2277668864729994e-05
7660,పునరుత్పాదక,1,2.2277668864729994e-05
7661,పునర్నిర్మాణం,1,2.2277668864729994e-05
7662,పునర్విభజన,1,2.2277668864729994e-05
7663,పునస్సృష్టి,1,2.2277668864729994e-05
7664,పునీతమైంది,1,2.2277668864729994e-05
7665,పుప్పొడి,1,2.2277668864729994e-05
7666,పుయ్యి,1,2.2277668864729994e-05
7667,పురపాలకశాఖ,1,2.2277668864729994e-05
7668,పురస్కరించుకొని,1,2.2277668864729994e-05
7669,పురాజీవం,1,2.2277668864729994e-05
7670,పురాణైతికంగా,1,2.2277668864729994e-05
7671,పురాతత్వ,1,2.2277668864729994e-05
7672,పురానిసంగం,1,2.2277668864729994e-05
7673,పురావస్తుపరంగా,1,2.2277668864729994e-05
7674,పురుషష్,1,2.2277668864729994e-05
7675,పురోగమి,1,2.2277668864729994e-05
7676,పులకించు,1,2.2277668864729994e-05
7677,పులకేశి,1,2.2277668864729994e-05
7678,పులావ్,1,2.2277668864729994e-05
7679,పులికాట్,1,2.2277668864729994e-05
7680,పులిగెల్ల,1,2.2277668864729994e-05
7681,పుల్లయ్య,1,2.2277668864729994e-05
7682,పుల్లె,1,2.2277668864729994e-05
7683,పుళ్ళు,1,2.2277668864729994e-05
7684,పుష్,1,2.2277668864729994e-05
7685,పూజనీయమైన,1,2.2277668864729994e-05
7686,పూజారి,1,2.2277668864729994e-05
7687,పూజి,1,2.2277668864729994e-05
7688,పూడిపెద్ది,1,2.2277668864729994e-05
7689,పూణే,1,2.2277668864729994e-05
7690,పూతకూడ,1,2.2277668864729994e-05
7691,పూరి,1,2.2277668864729994e-05
7692,పూర్ణవిరామం,1,2.2277668864729994e-05
7693,పూర్ణిమ,1,2.2277668864729994e-05
7694,పూర్తికాకముందే,1,2.2277668864729994e-05
7695,పూర్తిస్థాయి,1,2.2277668864729994e-05
7696,పూర్త్,1,2.2277668864729994e-05
7697,పూర్వతత్వ,1,2.2277668864729994e-05
7698,పూర్వభాగం,1,2.2277668864729994e-05
7699,పూర్వము,1,2.2277668864729994e-05
7700,పెంకులాగో,1,2.2277668864729994e-05
7701,పెంచాలన్న,1,2.2277668864729994e-05
7702,పెంచుకోటానికి,1,2.2277668864729994e-05
7703,పెంటసే,1,2.2277668864729994e-05
7704,పెండి,1,2.2277668864729994e-05
7705,పెంపొంది,1,2.2277668864729994e-05
7706,పెటల్స్,1,2.2277668864729994e-05
7707,పెట్టగలిగే,1,2.2277668864729994e-05
7708,పెట్టయినా,1,2.2277668864729994e-05
7709,పెట్టినట్టయితే,1,2.2277668864729994e-05
7710,పెట్టీయాట్,1,2.2277668864729994e-05
7711,పెట్టుకునేలాగా,1,2.2277668864729994e-05
7712,పెట్టుబడిసాయం,1,2.2277668864729994e-05
7713,పెట్రోలియం,1,2.2277668864729994e-05
7714,పెట్ల్,1,2.2277668864729994e-05
7715,పెడల్స్,1,2.2277668864729994e-05
7716,పెత్తనం,1,2.2277668864729994e-05
7717,పెదకాకాణి,1,2.2277668864729994e-05
7718,పెద్దదిగా,1,2.2277668864729994e-05
7719,పెద్దదే,1,2.2277668864729994e-05
7720,పెద్దన్న,1,2.2277668864729994e-05
7721,పెద్దమనిషి,1,2.2277668864729994e-05
7722,పెద్దవాళ్ళు,1,2.2277668864729994e-05
7723,పెద్దా,1,2.2277668864729994e-05
7724,పెనుకబడిన,1,2.2277668864729994e-05
7725,పెనుబొబ్బలు,1,2.2277668864729994e-05
7726,పెన్,1,2.2277668864729994e-05
7727,పెన్న,1,2.2277668864729994e-05
7728,పెన్ను,1,2.2277668864729994e-05
7729,పెన్సిల్,1,2.2277668864729994e-05
7730,పెన్స్,1,2.2277668864729994e-05
7731,పెయినా,1,2.2277668864729994e-05
7732,పెరగాల్సిన,1,2.2277668864729994e-05
7733,పెరడు,1,2.2277668864729994e-05
7734,పెరిగినప్పుడల్లా,1,2.2277668864729994e-05
7735,పెరిహిలియన్,1,2.2277668864729994e-05
7736,పెరీక్షలపై,1,2.2277668864729994e-05
7737,పెరుమాళ్,1,2.2277668864729994e-05
7738,పెల్లంపల్లి,1,2.2277668864729994e-05
7739,పెళ్ళా,1,2.2277668864729994e-05
7740,పెళ్ళిళ్ళు,1,2.2277668864729994e-05
7741,పెసరపప్పు,1,2.2277668864729994e-05
7742,పేజాప్,1,2.2277668864729994e-05
7743,పేజీలు,1,2.2277668864729994e-05
7744,పేటెంట్,1,2.2277668864729994e-05
7745,పేణు,1,2.2277668864729994e-05
7746,పేదికగా,1,2.2277668864729994e-05
7747,పేయం,1,2.2277668864729994e-05
7748,పేరుగన్న,1,2.2277668864729994e-05
7749,పేరుతోను,1,2.2277668864729994e-05
7750,పేరునకు,1,2.2277668864729994e-05
7751,పేరుపొందిన,1,2.2277668864729994e-05
7752,పేరుమోసిన,1,2.2277668864729994e-05
7753,పేరెంట్స్,1,2.2277668864729994e-05
7754,పేరేంటి,1,2.2277668864729994e-05
7755,పేర్,1,2.2277668864729994e-05
7756,పేర్కోన్నారు,1,2.2277668864729994e-05
7757,పేర్లుఅరామిక్,1,2.2277668864729994e-05
7758,పేర్లున్నాయి,1,2.2277668864729994e-05
7759,పేలు,1,2.2277668864729994e-05
7760,పేలుడు,1,2.2277668864729994e-05
7761,పేషెంట్స్,1,2.2277668864729994e-05
7762,పేసిన,1,2.2277668864729994e-05
7763,పేస్ట్,1,2.2277668864729994e-05
7764,పైఎస్పార్,1,2.2277668864729994e-05
7765,పైకొచ్చి,1,2.2277668864729994e-05
7766,పైచేయి,1,2.2277668864729994e-05
7767,పైడితల్లి,1,2.2277668864729994e-05
7768,పైడిపల్లి,1,2.2277668864729994e-05
7769,పైద్య,1,2.2277668864729994e-05
7770,పైద్యుల,1,2.2277668864729994e-05
7771,పైరస్,1,2.2277668864729994e-05
7772,పొంగల్,1,2.2277668864729994e-05
7773,పొంగి,1,2.2277668864729994e-05
7774,పొందాలనుకుంటున్నందున,1,2.2277668864729994e-05
7775,పొందాలన్న,1,2.2277668864729994e-05
7776,పొందుపరచు,1,2.2277668864729994e-05
7777,పొందుపర్చిన,1,2.2277668864729994e-05
7778,పొగాకు,1,2.2277668864729994e-05
7779,పొగుడు,1,2.2277668864729994e-05
7780,పొట్ట,1,2.2277668864729994e-05
7781,పొట్టి,1,2.2277668864729994e-05
7782,పొట్టేలు,1,2.2277668864729994e-05
7783,పొడవుంటుందనీ,1,2.2277668864729994e-05
7784,పొడుగ్గా,1,2.2277668864729994e-05
7785,పొడులయిన,1,2.2277668864729994e-05
7786,పొత్తు,1,2.2277668864729994e-05
7787,పొదుగు,1,2.2277668864729994e-05
7788,పొన్నాడ,1,2.2277668864729994e-05
7789,పొన్ను,1,2.2277668864729994e-05
7790,పొయ్లా,1,2.2277668864729994e-05
7791,పొరలు,1,2.2277668864729994e-05
7792,పొరాడి,1,2.2277668864729994e-05
7793,పొలీసులు,1,2.2277668864729994e-05
7794,పోకడ,1,2.2277668864729994e-05
7795,పోకేమాన్,1,2.2277668864729994e-05
7796,పోగలుగుతుండేవి,1,2.2277668864729994e-05
7797,పోచంపాడు,1,2.2277668864729994e-05
7798,పోచారం,1,2.2277668864729994e-05
7799,పోటాష్,1,2.2277668864729994e-05
7800,పోటీనిచ్చి,1,2.2277668864729994e-05
7801,పోతపాలు,1,2.2277668864729994e-05
7802,పోతాయేమో,1,2.2277668864729994e-05
7803,పోతులూరి,1,2.2277668864729994e-05
7804,పోదలచుకున్న,1,2.2277668864729994e-05
7805,పోపు,1,2.2277668864729994e-05
7806,పోయినంగానే,1,2.2277668864729994e-05
7807,పోరాడాలన్న,1,2.2277668864729994e-05
7808,పోరాడ్,1,2.2277668864729994e-05
7809,పోలార్,1,2.2277668864729994e-05
7810,పోలింగ్రోజు,1,2.2277668864729994e-05
7811,పోలిక,1,2.2277668864729994e-05
7812,పోలీయో,1,2.2277668864729994e-05
7813,పోల్చు,1,2.2277668864729994e-05
7814,పోషకం,1,2.2277668864729994e-05
7815,పోషకాహారం,1,2.2277668864729994e-05
7816,పోసుకొనైతే,1,2.2277668864729994e-05
7817,పోస్టల్,1,2.2277668864729994e-05
7818,పోస్టెస్,1,2.2277668864729994e-05
7819,పోస్ట్పోన్,1,2.2277668864729994e-05
7820,పౌడరు,1,2.2277668864729994e-05
7821,పౌడర్,1,2.2277668864729994e-05
7822,పౌనఃపున్యం,1,2.2277668864729994e-05
7823,పౌన్ల,1,2.2277668864729994e-05
7824,పౌర్ణమి,1,2.2277668864729994e-05
7825,పౌర్ణమినాడు,1,2.2277668864729994e-05
7826,పౌష్టికాహారం,1,2.2277668864729994e-05
7827,పౌష్టికాహారమన్న,1,2.2277668864729994e-05
7828,ప్టభుత్వం,1,2.2277668864729994e-05
7829,ప్తి,1,2.2277668864729994e-05
7830,ప్యాకేజ్,1,2.2277668864729994e-05
7831,ప్యానెల్,1,2.2277668864729994e-05
7832,ప్యారలెల్,1,2.2277668864729994e-05
7833,ప్యార్లల్గా,1,2.2277668864729994e-05
7834,ప్యాసింజర్స్,1,2.2277668864729994e-05
7835,ప్యాసేంజర్స్,1,2.2277668864729994e-05
7836,ప్యూరిఫైడ్,1,2.2277668864729994e-05
7837,ప్యూరిఫైయర్,1,2.2277668864729994e-05
7838,ప్యూహం,1,2.2277668864729994e-05
7839,ప్రంట్,1,2.2277668864729994e-05
7840,ప్రకాశ్,1,2.2277668864729994e-05
7841,ప్రక్రియకారి,1,2.2277668864729994e-05
7842,ప్రక్రుతి,1,2.2277668864729994e-05
7843,ప్రఖ్యాతి,1,2.2277668864729994e-05
7844,ప్రగతి,1,2.2277668864729994e-05
7845,ప్రగాఢ,1,2.2277668864729994e-05
7846,ప్రచుర,1,2.2277668864729994e-05
7847,ప్రచోదనం,1,2.2277668864729994e-05
7848,ప్రజంట్,1,2.2277668864729994e-05
7849,ప్రజలనందరినీ,1,2.2277668864729994e-05
7850,ప్రజలనుద్దేశించి,1,2.2277668864729994e-05
7851,ప్రజాకర్షక,1,2.2277668864729994e-05
7852,ప్రజాజీవన,1,2.2277668864729994e-05
7853,ప్రజాదరణ,1,2.2277668864729994e-05
7854,ప్రజాప్రతినిధి,1,2.2277668864729994e-05
7855,ప్రజాప్రాతినిధ్య,1,2.2277668864729994e-05
7856,ప్రజాశక్తి,1,2.2277668864729994e-05
7857,ప్రజాస్వామికం,1,2.2277668864729994e-05
7858,ప్రజోపయోగం,1,2.2277668864729994e-05
7859,ప్రతాపరెడ్డి,1,2.2277668864729994e-05
7860,ప్రతికూలం,1,2.2277668864729994e-05
7861,ప్రతిఘటన,1,2.2277668864729994e-05
7862,ప్రతిచర్య,1,2.2277668864729994e-05
7863,ప్రతిజ్ఞ,1,2.2277668864729994e-05
7864,ప్రతితాన,1,2.2277668864729994e-05
7865,ప్రతినిథులు,1,2.2277668864729994e-05
7866,ప్రతినిధిగా,1,2.2277668864729994e-05
7867,ప్రతిపదాదినుంచి,1,2.2277668864729994e-05
7868,ప్రతిరూపం,1,2.2277668864729994e-05
7869,ప్రతిసారి,1,2.2277668864729994e-05
7870,ప్రతీకారం,1,2.2277668864729994e-05
7871,ప్రతీది,1,2.2277668864729994e-05
7872,ప్రతీదీ,1,2.2277668864729994e-05
7873,ప్రతీరోజు,1,2.2277668864729994e-05
7874,ప్రతీసారి,1,2.2277668864729994e-05
7875,ప్రతీసారీ,1,2.2277668864729994e-05
7876,ప్రత్యర్ధి,1,2.2277668864729994e-05
7877,ప్రత్యామ్నాయం,1,2.2277668864729994e-05
7878,ప్రత్యూషను,1,2.2277668864729994e-05
7879,ప్రథమపాదం,1,2.2277668864729994e-05
7880,ప్రద,1,2.2277668864729994e-05
7881,ప్రదర్శనములు,1,2.2277668864729994e-05
7882,ప్రదర్శనశాల,1,2.2277668864729994e-05
7883,ప్రదార,1,2.2277668864729994e-05
7884,ప్రదీప్,1,2.2277668864729994e-05
7885,ప్రదేశాలన్నిటినీ,1,2.2277668864729994e-05
7886,ప్రధానమంత్తి,1,2.2277668864729994e-05
7887,ప్రధాసమంతి,1,2.2277668864729994e-05
7888,ప్రపంచమంతటా,1,2.2277668864729994e-05
7889,ప్రపంచానికంతటికీ,1,2.2277668864729994e-05
7890,ప్రపంచాభిమానిగా,1,2.2277668864729994e-05
7891,ప్రపజల,1,2.2277668864729994e-05
7892,ప్రపతి,1,2.2277668864729994e-05
7893,ప్రపతిపక్ష,1,2.2277668864729994e-05
7894,ప్రపధాన,1,2.2277668864729994e-05
7895,ప్రపధానాధికారి,1,2.2277668864729994e-05
7896,ప్రబుత్వం,1,2.2277668864729994e-05
7897,ప్రబోధాత్మక,1,2.2277668864729994e-05
7898,ప్రభాకర్,1,2.2277668864729994e-05
7899,ప్రభావవంతమైన,1,2.2277668864729994e-05
7900,ప్రభుత్వరంగం,1,2.2277668864729994e-05
7901,ప్రభుత్వానిదేనని,1,2.2277668864729994e-05
7902,ప్రభుత్వేతరం,1,2.2277668864729994e-05
7903,ప్రభువు,1,2.2277668864729994e-05
7904,ప్రముఖం,1,2.2277668864729994e-05
7905,ప్రమోషన్,1,2.2277668864729994e-05
7906,ప్రయత్నించినపుడు,1,2.2277668864729994e-05
7907,ప్రయాస,1,2.2277668864729994e-05
7908,ప్రయివేట్,1,2.2277668864729994e-05
7909,ప్రయుక్తం,1,2.2277668864729994e-05
7910,ప్రయోగాలున్నాయి,1,2.2277668864729994e-05
7911,ప్రయోగించు,1,2.2277668864729994e-05
7912,ప్రయోజనకరం,1,2.2277668864729994e-05
7913,ప్రలోభపె,1,2.2277668864729994e-05
7914,ప్రవక్త,1,2.2277668864729994e-05
7915,ప్రవచించిందే,1,2.2277668864729994e-05
7916,ప్రవృత్తి,1,2.2277668864729994e-05
7917,ప్రవేశిక,1,2.2277668864729994e-05
7918,ప్రశాంత,1,2.2277668864729994e-05
7919,ప్రశాంత్,1,2.2277668864729994e-05
7920,ప్రసంగం,1,2.2277668864729994e-05
7921,ప్రసాద్స్,1,2.2277668864729994e-05
7922,ప్రసారశాఖ,1,2.2277668864729994e-05
7923,ప్రసిద్దమైన,1,2.2277668864729994e-05
7924,ప్రసిద్ది,1,2.2277668864729994e-05
7925,ప్రసిద్ధం,1,2.2277668864729994e-05
7926,ప్రసిద్ధిగాంచు,1,2.2277668864729994e-05
7927,ప్రహసనం,1,2.2277668864729994e-05
7928,ప్రా,1,2.2277668864729994e-05
7929,ప్రాంక్లిన్,1,2.2277668864729994e-05
7930,ప్రాంతాలాంటివి,1,2.2277668864729994e-05
7931,ప్రాకు,1,2.2277668864729994e-05
7932,ప్రాకృతం,1,2.2277668864729994e-05
7933,ప్రాకృతికం,1,2.2277668864729994e-05
7934,ప్రాకృతిక్,1,2.2277668864729994e-05
7935,ప్రాక్టికల్,1,2.2277668864729994e-05
7936,ప్రాక్సీ,1,2.2277668864729994e-05
7937,ప్రాచీనకాలం,1,2.2277668864729994e-05
7938,ప్రాచ్య,1,2.2277668864729994e-05
7939,ప్రాడక్టు,1,2.2277668864729994e-05
7940,ప్రాడెక్ట్,1,2.2277668864729994e-05
7941,ప్రాణత్యాగం,1,2.2277668864729994e-05
7942,ప్రాణవాయువు,1,2.2277668864729994e-05
7943,ప్రాణాపాయం,1,2.2277668864729994e-05
7944,ప్రాతః,1,2.2277668864729994e-05
7945,ప్రాతినిథ్యం,1,2.2277668864729994e-05
7946,ప్రాదాన్యత,1,2.2277668864729994e-05
7947,ప్రాదేశిక,1,2.2277668864729994e-05
7948,ప్రాన్స్,1,2.2277668864729994e-05
7949,ప్రాబల్యం,1,2.2277668864729994e-05
7950,ప్రాబ్లమ్,1,2.2277668864729994e-05
7951,ప్రాబ్లమ్స్,1,2.2277668864729994e-05
7952,ప్రాబ్లెమ్స్,1,2.2277668864729994e-05
7953,ప్రామాణికం,1,2.2277668864729994e-05
7954,ప్రామానణికంగా,1,2.2277668864729994e-05
7955,ప్రాముఖ్యం,1,2.2277668864729994e-05
7956,ప్రాముఖ్యంచైత్ర,1,2.2277668864729994e-05
7957,ప్రారంభోత్సవం,1,2.2277668864729994e-05
7958,ప్రార్థించు,1,2.2277668864729994e-05
7959,ప్రార్ధన,1,2.2277668864729994e-05
7960,ప్రావిడెంట్,1,2.2277668864729994e-05
7961,ప్రాశస్త్యం,1,2.2277668864729994e-05
7962,ప్రాసెసింగ్,1,2.2277668864729994e-05
7963,ప్రాసెస్,1,2.2277668864729994e-05
7964,ప్రింటర్,1,2.2277668864729994e-05
7965,ప్రింటింగ్,1,2.2277668864729994e-05
7966,ప్రికాషన్స్,1,2.2277668864729994e-05
7967,ప్రిన్సిపాల్,1,2.2277668864729994e-05
7968,ప్రిపరేషన్,1,2.2277668864729994e-05
7969,ప్రియ,1,2.2277668864729994e-05
7970,ప్రియాంక,1,2.2277668864729994e-05
7971,ప్రియురాలు,1,2.2277668864729994e-05
7972,ప్రీ,1,2.2277668864729994e-05
7973,ప్రీతి,1,2.2277668864729994e-05
7974,ప్రీత్యర్ధం,1,2.2277668864729994e-05
7975,ప్రీమియం,1,2.2277668864729994e-05
7976,ప్రూఫ్,1,2.2277668864729994e-05
7977,ప్రె,1,2.2277668864729994e-05
7978,ప్రెగ్నెంట్,1,2.2277668864729994e-05
7979,ప్రెషర్,1,2.2277668864729994e-05
7980,ప్రెసెంట్,1,2.2277668864729994e-05
7981,ప్రేక్షకురాలిగా,1,2.2277668864729994e-05
7982,ప్రేమించినందుకే,1,2.2277668864729994e-05
7983,ప్రేలుడు,1,2.2277668864729994e-05
7984,ప్రైజెస్,1,2.2277668864729994e-05
7985,ప్రైసెస్,1,2.2277668864729994e-05
7986,ప్రైస్,1,2.2277668864729994e-05
7987,ప్రైస్ను,1,2.2277668864729994e-05
7988,ప్రొటీన్,1,2.2277668864729994e-05
7989,ప్రొటెక్షన్,1,2.2277668864729994e-05
7990,ప్రొడక్టు,1,2.2277668864729994e-05
7991,ప్రొడక్ట్,1,2.2277668864729994e-05
7992,ప్రోగ్రాంలు,1,2.2277668864729994e-05
7993,ప్రోగ్రామింగ్,1,2.2277668864729994e-05
7994,ప్రోగ్రెస్,1,2.2277668864729994e-05
7995,ప్రోడక్టుల,1,2.2277668864729994e-05
7996,ప్రోపర్గా,1,2.2277668864729994e-05
7997,ప్రోబ్లమ్,1,2.2277668864729994e-05
7998,ప్రోసెసర్,1,2.2277668864729994e-05
7999,ప్రోసెసింగ్,1,2.2277668864729994e-05
8000,ప్లయిన్,1,2.2277668864729994e-05
8001,ప్లాంట్స్,1,2.2277668864729994e-05
8002,ప్లాగరిజం,1,2.2277668864729994e-05
8003,ప్లాజం,1,2.2277668864729994e-05
8004,ప్లానింగ్,1,2.2277668864729994e-05
8005,ప్లాస్టిక్,1,2.2277668864729994e-05
8006,ప్లాస్మా,1,2.2277668864729994e-05
8007,ప్లూటో,1,2.2277668864729994e-05
8008,ప్లూమ్స్,1,2.2277668864729994e-05
8009,ప్లేటు,1,2.2277668864729994e-05
8010,ప్లేయర్,1,2.2277668864729994e-05
8011,ప్లైవేట్,1,2.2277668864729994e-05
8012,ప్లైస్టోసీన్,1,2.2277668864729994e-05
8013,ఫంక్షన్సు,1,2.2277668864729994e-05
8014,ఫంగిసైడ్,1,2.2277668864729994e-05
8015,ఫరధర్గా,1,2.2277668864729994e-05
8016,ఫరీదాబాద్,1,2.2277668864729994e-05
8017,ఫర్టిలైజర్స్,1,2.2277668864729994e-05
8018,ఫర్డ్,1,2.2277668864729994e-05
8019,ఫర్ఫెక్ట్,1,2.2277668864729994e-05
8020,ఫలసాయం,1,2.2277668864729994e-05
8021,ఫసల్,1,2.2277668864729994e-05
8022,ఫస్టు,1,2.2277668864729994e-05
8023,ఫాక్టర్,1,2.2277668864729994e-05
8024,ఫాన్స్,1,2.2277668864729994e-05
8025,ఫామ్,1,2.2277668864729994e-05
8026,ఫామ్స్,1,2.2277668864729994e-05
8027,ఫారిన్,1,2.2277668864729994e-05
8028,ఫారెస్ట్,1,2.2277668864729994e-05
8029,ఫార్మల్,1,2.2277668864729994e-05
8030,ఫార్మారంగం,1,2.2277668864729994e-05
8031,ఫాలోయింగ్,1,2.2277668864729994e-05
8032,ఫాల్,1,2.2277668864729994e-05
8033,ఫాల్స్,1,2.2277668864729994e-05
8034,ఫాస్టర్,1,2.2277668864729994e-05
8035,ఫిక్షన్,1,2.2277668864729994e-05
8036,ఫిజికల్,1,2.2277668864729994e-05
8037,ఫిజియోథెరపిస్ట్,1,2.2277668864729994e-05
8038,ఫిట్గా,1,2.2277668864729994e-05
8039,ఫిదా,1,2.2277668864729994e-05
8040,ఫిఫ్టీయా,1,2.2277668864729994e-05
8041,ఫిఫ్త్,1,2.2277668864729994e-05
8042,ఫియోనా,1,2.2277668864729994e-05
8043,ఫిర్యాదు,1,2.2277668864729994e-05
8044,ఫిలడెల్ఫియా,1,2.2277668864729994e-05
8045,ఫిలాసఫీ,1,2.2277668864729994e-05
8046,ఫిలిప్రీస్,1,2.2277668864729994e-05
8047,ఫిలిమ్,1,2.2277668864729994e-05
8048,ఫిల్,1,2.2277668864729994e-05
8049,ఫిల్క్,1,2.2277668864729994e-05
8050,ఫిషర్,1,2.2277668864729994e-05
8051,ఫిష్,1,2.2277668864729994e-05
8052,ఫీచర్స్,1,2.2277668864729994e-05
8053,ఫీడ్,1,2.2277668864729994e-05
8054,ఫీల్డ్,1,2.2277668864729994e-05
8055,ఫీల్డ్స్,1,2.2277668864729994e-05
8056,ఫుట్పాత్,1,2.2277668864729994e-05
8057,ఫుడ్దేం,1,2.2277668864729994e-05
8058,ఫెడరల్,1,2.2277668864729994e-05
8059,ఫెడ్రో,1,2.2277668864729994e-05
8060,ఫెయిల్,1,2.2277668864729994e-05
8061,ఫెల్డ్స్పార్,1,2.2277668864729994e-05
8062,ఫెష్,1,2.2277668864729994e-05
8063,ఫెసిలిటీ,1,2.2277668864729994e-05
8064,ఫేర్,1,2.2277668864729994e-05
8065,ఫేస్బుక్,1,2.2277668864729994e-05
8066,ఫై,1,2.2277668864729994e-05
8067,ఫైండ్,1,2.2277668864729994e-05
8068,ఫైటోకెమికల్స్,1,2.2277668864729994e-05
8069,ఫైట్లు,1,2.2277668864729994e-05
8070,ఫైనాన్షియల్,1,2.2277668864729994e-05
8071,ఫైనాన్షియల్స్,1,2.2277668864729994e-05
8072,ఫైనాన్స్,1,2.2277668864729994e-05
8073,ఫైరోక్సీన్,1,2.2277668864729994e-05
8074,ఫైర్,1,2.2277668864729994e-05
8075,ఫో,1,2.2277668864729994e-05
8076,ఫోకస్,1,2.2277668864729994e-05
8077,ఫోటోగ్రఫీయే,1,2.2277668864729994e-05
8078,ఫోటోసింథసిస్,1,2.2277668864729994e-05
8079,ఫోటోస్పియర్,1,2.2277668864729994e-05
8080,ఫోన్లనేటువంటివి,1,2.2277668864729994e-05
8081,ఫోరం,1,2.2277668864729994e-05
8082,ఫౌండేషన్,1,2.2277668864729994e-05
8083,ఫ్యాకల్టీ,1,2.2277668864729994e-05
8084,ఫ్యాక్టరీస్,1,2.2277668864729994e-05
8085,ఫ్యాన్స్,1,2.2277668864729994e-05
8086,ఫ్యామిలిగా,1,2.2277668864729994e-05
8087,ఫ్యామిలీస్,1,2.2277668864729994e-05
8088,ఫ్యామ్,1,2.2277668864729994e-05
8089,ఫ్యూచర్,1,2.2277668864729994e-05
8090,ఫ్యూయల్,1,2.2277668864729994e-05
8091,ఫ్యూస్,1,2.2277668864729994e-05
8092,ఫ్రమ్,1,2.2277668864729994e-05
8093,ఫ్రాంక్,1,2.2277668864729994e-05
8094,ఫ్రాంటియర్,1,2.2277668864729994e-05
8095,ఫ్రాన్సు,1,2.2277668864729994e-05
8096,ఫ్రిజ్,1,2.2277668864729994e-05
8097,ఫ్రీగా,1,2.2277668864729994e-05
8098,ఫ్రూట్,1,2.2277668864729994e-05
8099,ఫ్రెం,1,2.2277668864729994e-05
8100,ఫ్రెంచ్,1,2.2277668864729994e-05
8101,ఫ్రేగ్రెన్స్,1,2.2277668864729994e-05
8102,ఫ్రేమింగ్,1,2.2277668864729994e-05
8103,ఫ్రేమ్వర్క్,1,2.2277668864729994e-05
8104,ఫ్లయిట్,1,2.2277668864729994e-05
8105,ఫ్లాగ్,1,2.2277668864729994e-05
8106,ఫ్లాట్,1,2.2277668864729994e-05
8107,ఫ్లాట్ఫామ్స్,1,2.2277668864729994e-05
8108,ఫ్లిప్కార్ట్,1,2.2277668864729994e-05
8109,ఫ్లేవనాయిడ్స్,1,2.2277668864729994e-05
8110,ఫ్లైట్,1,2.2277668864729994e-05
8111,ఫ్లోరిన్,1,2.2277668864729994e-05
8112,బంక,1,2.2277668864729994e-05
8113,బంకు,1,2.2277668864729994e-05
8114,బండ,1,2.2277668864729994e-05
8115,బంతిపూలు,1,2.2277668864729994e-05
8116,బందోబస్తు,1,2.2277668864729994e-05
8117,బంద్యత్వం,1,2.2277668864729994e-05
8118,బంధుత్వంతోనే,1,2.2277668864729994e-05
8119,బంధుప్రీతి,1,2.2277668864729994e-05
8120,బంధువర్గం,1,2.2277668864729994e-05
8121,బక్క,1,2.2277668864729994e-05
8122,బక్షించి,1,2.2277668864729994e-05
8123,బటన్,1,2.2277668864729994e-05
8124,బటర్,1,2.2277668864729994e-05
8125,బట్వాడా,1,2.2277668864729994e-05
8126,బఠానీలు,1,2.2277668864729994e-05
8127,బడ్డీ,1,2.2277668864729994e-05
8128,బడ్వైజర్,1,2.2277668864729994e-05
8129,బతకమ్మ,1,2.2277668864729994e-05
8130,బత్తాయి,1,2.2277668864729994e-05
8131,బత్తుగా,1,2.2277668864729994e-05
8132,బదిలీ,1,2.2277668864729994e-05
8133,బద్ధం,1,2.2277668864729994e-05
8134,బద్రపరచటం,1,2.2277668864729994e-05
8135,బనగానపల్లె,1,2.2277668864729994e-05
8136,బనావ్య,1,2.2277668864729994e-05
8137,బయటకెళ్ళిపోవడమో,1,2.2277668864729994e-05
8138,బయటనుంచి,1,2.2277668864729994e-05
8139,బయటపడ్,1,2.2277668864729994e-05
8140,బయటికిపోయే,1,2.2277668864729994e-05
8141,బయలుదేరామనువాదం,1,2.2277668864729994e-05
8142,బయలుదేర్,1,2.2277668864729994e-05
8143,బయోటా,1,2.2277668864729994e-05
8144,బయోమ్,1,2.2277668864729994e-05
8145,బయోలాజికల్,1,2.2277668864729994e-05
8146,బరంపురం,1,2.2277668864729994e-05
8147,బరదత్పురా,1,2.2277668864729994e-05
8148,బరి,1,2.2277668864729994e-05
8149,బరువున్న,1,2.2277668864729994e-05
8150,బర్గర్,1,2.2277668864729994e-05
8151,బర్త్డే,1,2.2277668864729994e-05
8152,బర్ఫీ,1,2.2277668864729994e-05
8153,బర్మీస్,1,2.2277668864729994e-05
8154,బలగం,1,2.2277668864729994e-05
8155,బలమైన,1,2.2277668864729994e-05
8156,బలవర్ధకం,1,2.2277668864729994e-05
8157,బలహీనత,1,2.2277668864729994e-05
8158,బలాబలాలు,1,2.2277668864729994e-05
8159,బల్,1,2.2277668864729994e-05
8160,బళ్లారి,1,2.2277668864729994e-05
8161,బషీర్,1,2.2277668864729994e-05
8162,బసాల్ట్,1,2.2277668864729994e-05
8163,బస్తా,1,2.2277668864729994e-05
8164,బహదుర్,1,2.2277668864729994e-05
8165,బహమన్,1,2.2277668864729994e-05
8166,బహాదుర్,1,2.2277668864729994e-05
8167,బహుకణం,1,2.2277668864729994e-05
8168,బహుత్,1,2.2277668864729994e-05
8169,బహుమతి,1,2.2277668864729994e-05
8170,బహుముఖం,1,2.2277668864729994e-05
8171,బహుళబాహు,1,2.2277668864729994e-05
8172,బాండ్,1,2.2277668864729994e-05
8173,బాంధవ్యం,1,2.2277668864729994e-05
8174,బాంబ్,1,2.2277668864729994e-05
8175,బాంస్వాడా,1,2.2277668864729994e-05
8176,బాగలేదు,1,2.2277668864729994e-05
8177,బాగవుతుందనే,1,2.2277668864729994e-05
8178,బాగాపడుతొందా,1,2.2277668864729994e-05
8179,బాగాలేకపోయిన,1,2.2277668864729994e-05
8180,బాగాలేదు,1,2.2277668864729994e-05
8181,బాగుపరచ్,1,2.2277668864729994e-05
8182,బాగోగులు,1,2.2277668864729994e-05
8183,బాగ్,1,2.2277668864729994e-05
8184,బాటిల్,1,2.2277668864729994e-05
8185,బాటిల్స్,1,2.2277668864729994e-05
8186,బాడి,1,2.2277668864729994e-05
8187,బాడీవాష్,1,2.2277668864729994e-05
8188,బాణం,1,2.2277668864729994e-05
8189,బాత్,1,2.2277668864729994e-05
8190,బాత్రూం,1,2.2277668864729994e-05
8191,బాత్రూమ్,1,2.2277668864729994e-05
8192,బాదంపప్పు,1,2.2277668864729994e-05
8193,బాదు,1,2.2277668864729994e-05
8194,బాద్షా,1,2.2277668864729994e-05
8195,బాధాకరం,1,2.2277668864729994e-05
8196,బాన్సువాడ,1,2.2277668864729994e-05
8197,బాపూజీ,1,2.2277668864729994e-05
8198,బాబా,1,2.2277668864729994e-05
8199,బాబ్జీ,1,2.2277668864729994e-05
8200,బామ్,1,2.2277668864729994e-05
8201,బాయిడ్,1,2.2277668864729994e-05
8202,బాయిల్,1,2.2277668864729994e-05
8203,బాయ్కట్,1,2.2277668864729994e-05
8204,బారినపడకుండా,1,2.2277668864729994e-05
8205,బారినపడే,1,2.2277668864729994e-05
8206,బార్లీ,1,2.2277668864729994e-05
8207,బార్స్,1,2.2277668864729994e-05
8208,బాలమురళీకృష్ణ,1,2.2277668864729994e-05
8209,బాలసుబ్రమణ్యం,1,2.2277668864729994e-05
8210,బాలిబాలికలందరినీ,1,2.2277668864729994e-05
8211,బాలుడు,1,2.2277668864729994e-05
8212,బాలేదురా,1,2.2277668864729994e-05
8213,బాల్కన్,1,2.2277668864729994e-05
8214,బావి,1,2.2277668864729994e-05
8215,బావురు,1,2.2277668864729994e-05
8216,బాస్కెట్,1,2.2277668864729994e-05
8217,బాస్కెట్బాల్,1,2.2277668864729994e-05
8218,బాస్మతి,1,2.2277668864729994e-05
8219,బింద్రన్,1,2.2277668864729994e-05
8220,బిఎస్జి,1,2.2277668864729994e-05
8221,బికాజ్,1,2.2277668864729994e-05
8222,బిగ్,1,2.2277668864729994e-05
8223,బిగ్గరగా,1,2.2277668864729994e-05
8224,బిజలింగ్,1,2.2277668864729994e-05
8225,బిజిగా,1,2.2277668864729994e-05
8226,బిజీ,1,2.2277668864729994e-05
8227,బిజెపి,1,2.2277668864729994e-05
8228,బిట్టర్,1,2.2277668864729994e-05
8229,బిపిన్,1,2.2277668864729994e-05
8230,బియర్డో,1,2.2277668864729994e-05
8231,బియర్డ్,1,2.2277668864729994e-05
8232,బిర్యాననే,1,2.2277668864729994e-05
8233,బిర్యానీయే,1,2.2277668864729994e-05
8234,బిల్డప్,1,2.2277668864729994e-05
8235,బిళ్ళ,1,2.2277668864729994e-05
8236,బిశ్వభూషణ్,1,2.2277668864729994e-05
8237,బిస్కెట్స్,1,2.2277668864729994e-05
8238,బీఇ,1,2.2277668864729994e-05
8239,బీజింగ్,1,2.2277668864729994e-05
8240,బీజెపి,1,2.2277668864729994e-05
8241,బీజేపీ,1,2.2277668864729994e-05
8242,బీజేపీయేతర,1,2.2277668864729994e-05
8243,బీట్,1,2.2277668864729994e-05
8244,బీట్రూట్,1,2.2277668864729994e-05
8245,బీట్స్,1,2.2277668864729994e-05
8246,బీడీ,1,2.2277668864729994e-05
8247,బీద,1,2.2277668864729994e-05
8248,బీదప్రజలు,1,2.2277668864729994e-05
8249,బీన్,1,2.2277668864729994e-05
8250,బీన్స్,1,2.2277668864729994e-05
8251,బీబి,1,2.2277668864729994e-05
8252,బీబీ,1,2.2277668864729994e-05
8253,బీసీ,1,2.2277668864729994e-05
8254,బీహారు,1,2.2277668864729994e-05
8255,బుచ్చిరెడ్డి,1,2.2277668864729994e-05
8256,బుడితి,1,2.2277668864729994e-05
8257,బుద్దారెడ్డి,1,2.2277668864729994e-05
8258,బుద్ధారెడ్డి,1,2.2277668864729994e-05
8259,బుద్ధుడు,1,2.2277668864729994e-05
8260,బుధవారమన్నా,1,2.2277668864729994e-05
8261,బుర్రకథ,1,2.2277668864729994e-05
8262,బులక్,1,2.2277668864729994e-05
8263,బులెట్,1,2.2277668864729994e-05
8264,బుల్పుల్,1,2.2277668864729994e-05
8265,బుల్లి,1,2.2277668864729994e-05
8266,బూత్,1,2.2277668864729994e-05
8267,బృహత్,1,2.2277668864729994e-05
8268,బృహత్తర,1,2.2277668864729994e-05
8269,బెంగళూర్,1,2.2277668864729994e-05
8270,బెంగాలీలు,1,2.2277668864729994e-05
8271,బెంగుళూర్,1,2.2277668864729994e-05
8272,బెంచి,1,2.2277668864729994e-05
8273,బెంజ్,1,2.2277668864729994e-05
8274,బెండ్లియాడి,1,2.2277668864729994e-05
8275,బెట్టర్,1,2.2277668864729994e-05
8276,బెడ్,1,2.2277668864729994e-05
8277,బెడ్డోమి,1,2.2277668864729994e-05
8278,బెడ్రూమ్,1,2.2277668864729994e-05
8279,బెనర్జీ,1,2.2277668864729994e-05
8280,బెనర్టీ,1,2.2277668864729994e-05
8281,బెనిఫిట్,1,2.2277668864729994e-05
8282,బెనిఫిట్స్,1,2.2277668864729994e-05
8283,బెన్ఫిటేగా,1,2.2277668864729994e-05
8284,బెయిల్,1,2.2277668864729994e-05
8285,బెర్గెరాన్,1,2.2277668864729994e-05
8286,బెలూం,1,2.2277668864729994e-05
8287,బెలూన్,1,2.2277668864729994e-05
8288,బెల్జియం,1,2.2277668864729994e-05
8289,బెల్ట్,1,2.2277668864729994e-05
8290,బెల్లంపల్లి,1,2.2277668864729994e-05
8291,బేక్,1,2.2277668864729994e-05
8292,బేగంపేట,1,2.2277668864729994e-05
8293,బేబీ,1,2.2277668864729994e-05
8294,బేరన్,1,2.2277668864729994e-05
8295,బేరీసెంటర్,1,2.2277668864729994e-05
8296,బేర్,1,2.2277668864729994e-05
8297,బేసిక్,1,2.2277668864729994e-05
8298,బేసిక్స్,1,2.2277668864729994e-05
8299,బేస్,1,2.2277668864729994e-05
8300,బైకింగ్,1,2.2277668864729994e-05
8301,బైక్లు,1,2.2277668864729994e-05
8302,బైక్స్,1,2.2277668864729994e-05
8303,బైపాస్,1,2.2277668864729994e-05
8304,బైశాఖ్,1,2.2277668864729994e-05
8305,బైశ్వాఖి,1,2.2277668864729994e-05
8306,బైసాఖి,1,2.2277668864729994e-05
8307,బైస్ట,1,2.2277668864729994e-05
8308,బొండు,1,2.2277668864729994e-05
8309,బొంబై,1,2.2277668864729994e-05
8310,బొగ్గు,1,2.2277668864729994e-05
8311,బొటానికల్,1,2.2277668864729994e-05
8312,బొత్స,1,2.2277668864729994e-05
8313,బొప్పాయి,1,2.2277668864729994e-05
8314,బొయ్యి,1,2.2277668864729994e-05
8315,బొర్రా,1,2.2277668864729994e-05
8316,బోండాలు,1,2.2277668864729994e-05
8317,బోటి,1,2.2277668864729994e-05
8318,బోధింపబడేవి,1,2.2277668864729994e-05
8319,బోఫోర్స్,1,2.2277668864729994e-05
8320,బోర్వెల్,1,2.2277668864729994e-05
8321,బోస్,1,2.2277668864729994e-05
8322,బౌండరీ,1,2.2277668864729994e-05
8323,బౌద్ధ్,1,2.2277668864729994e-05
8324,బౌలర్,1,2.2277668864729994e-05
8325,బౌలింగ్,1,2.2277668864729994e-05
8326,బ్యాంకింగ్,1,2.2277668864729994e-05
8327,బ్యాంకులైతే,1,2.2277668864729994e-05
8328,బ్యాంగ్,1,2.2277668864729994e-05
8329,బ్యాక్టీరియా,1,2.2277668864729994e-05
8330,బ్యాటింగ్,1,2.2277668864729994e-05
8331,బ్యాట్,1,2.2277668864729994e-05
8332,బ్యాడ్మింటన్,1,2.2277668864729994e-05
8333,బ్యానర్,1,2.2277668864729994e-05
8334,బ్యారేజ్,1,2.2277668864729994e-05
8335,బ్రతిమాలు,1,2.2277668864729994e-05
8336,బ్రత్,1,2.2277668864729994e-05
8337,బ్రదర్స్,1,2.2277668864729994e-05
8338,బ్రస్,1,2.2277668864729994e-05
8339,బ్రహ్మకప్పగించిన,1,2.2277668864729994e-05
8340,బ్రహ్మదేవుడు,1,2.2277668864729994e-05
8341,బ్రహ్మానందరెడ్డి,1,2.2277668864729994e-05
8342,బ్రాంకైటిస్,1,2.2277668864729994e-05
8343,బ్రాంచెస్,1,2.2277668864729994e-05
8344,బ్రాంచ్,1,2.2277668864729994e-05
8345,బ్రాండ్,1,2.2277668864729994e-05
8346,బ్రాడ్బ్యాండ్,1,2.2277668864729994e-05
8347,బ్రాహ్మణం,1,2.2277668864729994e-05
8348,బ్రింజాల్,1,2.2277668864729994e-05
8349,బ్రిక్స్,1,2.2277668864729994e-05
8350,బ్రిటీష్,1,2.2277668864729994e-05
8351,బ్రిడ్జ్,1,2.2277668864729994e-05
8352,బ్రీడ్,1,2.2277668864729994e-05
8353,బ్రూక్స్,1,2.2277668864729994e-05
8354,బ్రూస్,1,2.2277668864729994e-05
8355,బ్రెజిల్,1,2.2277668864729994e-05
8356,బ్రేకబుల్,1,2.2277668864729994e-05
8357,బ్రేక్,1,2.2277668864729994e-05
8358,బ్రైడ్,1,2.2277668864729994e-05
8359,బ్రోకరేజి,1,2.2277668864729994e-05
8360,బ్రౌజర్,1,2.2277668864729994e-05
8361,బ్రౌజ్,1,2.2277668864729994e-05
8362,బ్రౌన్,1,2.2277668864729994e-05
8363,బ్లాకు,1,2.2277668864729994e-05
8364,బ్లాక్బెర్రీ,1,2.2277668864729994e-05
8365,బ్లౌజెస్,1,2.2277668864729994e-05
8366,భంగకరం,1,2.2277668864729994e-05
8367,భంగిమ,1,2.2277668864729994e-05
8368,భగీరథుడు,1,2.2277668864729994e-05
8369,భగ్నం,1,2.2277668864729994e-05
8370,భజరంగ,1,2.2277668864729994e-05
8371,భట్టారకుడు,1,2.2277668864729994e-05
8372,భయంకరమైనటువంటి,1,2.2277668864729994e-05
8373,భయపడ్,1,2.2277668864729994e-05
8374,భయభక్తి,1,2.2277668864729994e-05
8375,భరించు,1,2.2277668864729994e-05
8376,భరితం,1,2.2277668864729994e-05
8377,భవిష్యం,1,2.2277668864729994e-05
8378,భస్మాసుర,1,2.2277668864729994e-05
8379,భాగమ్,1,2.2277668864729994e-05
8380,భాగాహారం,1,2.2277668864729994e-05
8381,భాగ్యం,1,2.2277668864729994e-05
8382,భామాకలాపం,1,2.2277668864729994e-05
8383,భారతి,1,2.2277668864729994e-05
8384,భారతీయు,1,2.2277668864729994e-05
8385,భారతీయుల్లో,1,2.2277668864729994e-05
8386,భారి,1,2.2277668864729994e-05
8387,భారేతీయ,1,2.2277668864729994e-05
8388,భార్గవి,1,2.2277668864729994e-05
8389,భావజాలం,1,2.2277668864729994e-05
8390,భావాభినయం,1,2.2277668864729994e-05
8391,భావిజీవిత,1,2.2277668864729994e-05
8392,భావిస్తున్నామండీ,1,2.2277668864729994e-05
8393,భావై,1,2.2277668864729994e-05
8394,భాషలలోను,1,2.2277668864729994e-05
8395,భాషలున్నాయి,1,2.2277668864729994e-05
8396,భాషాంతరీకరణం,1,2.2277668864729994e-05
8397,భాషాభేషజం,1,2.2277668864729994e-05
8398,భాషావేత్త,1,2.2277668864729994e-05
8399,భాషాశాస్త్రవేత్త,1,2.2277668864729994e-05
8400,భాసిల్లు,1,2.2277668864729994e-05
8401,భాస్కరాచార్యుడు,1,2.2277668864729994e-05
8402,భాస్కర్,1,2.2277668864729994e-05
8403,భింద్రన్,1,2.2277668864729994e-05
8404,భిడే,1,2.2277668864729994e-05
8405,భిన్నం,1,2.2277668864729994e-05
8406,భిన్నాభిప్రాయం,1,2.2277668864729994e-05
8407,భీమునిపట్నం,1,2.2277668864729994e-05
8408,భీష్ముడు,1,2.2277668864729994e-05
8409,భుపాలపల్లి,1,2.2277668864729994e-05
8410,భువనేశ్వర్,1,2.2277668864729994e-05
8411,భువసేశ్వర్,1,2.2277668864729994e-05
8412,భూకక్ష,1,2.2277668864729994e-05
8413,భూకక్ష్య,1,2.2277668864729994e-05
8414,భూగ్రహపు,1,2.2277668864729994e-05
8415,భూతవర్తమాన,1,2.2277668864729994e-05
8416,భూతాపం,1,2.2277668864729994e-05
8417,భూపతి,1,2.2277668864729994e-05
8418,భూభ్రమణం,1,2.2277668864729994e-05
8419,భూమధ్యరేఖ,1,2.2277668864729994e-05
8420,భూమాతగా,1,2.2277668864729994e-05
8421,భూమిక,1,2.2277668864729994e-05
8422,భూసంవత్సరం,1,2.2277668864729994e-05
8423,భూస్వామి,1,2.2277668864729994e-05
8424,భేటీ,1,2.2277668864729994e-05
8425,భోషామాధ్యమపాఠశాలయైనా,1,2.2277668864729994e-05
8426,భౌతికశాస్త్రం,1,2.2277668864729994e-05
8427,భ్రమ,1,2.2277668864729994e-05
8428,భ్రష్టుపట్టి,1,2.2277668864729994e-05
8429,మంగమ్మ,1,2.2277668864729994e-05
8430,మంగోలాయిడ్,1,2.2277668864729994e-05
8431,మంగ్రి,1,2.2277668864729994e-05
8432,మంచం,1,2.2277668864729994e-05
8433,మంచికి,1,2.2277668864729994e-05
8434,మంచిని,1,2.2277668864729994e-05
8435,మంచిర్యల్,1,2.2277668864729994e-05
8436,మంచివేనండీ,1,2.2277668864729994e-05
8437,మంచుగడ్ద,1,2.2277668864729994e-05
8438,మంచుయుగాల,1,2.2277668864729994e-05
8439,మంచూరీయా,1,2.2277668864729994e-05
8440,మంచ్,1,2.2277668864729994e-05
8441,మండల్,1,2.2277668864729994e-05
8442,మండువేసవి,1,2.2277668864729994e-05
8443,మంతిత్వశాఖ,1,2.2277668864729994e-05
8444,మంతిమండలి,1,2.2277668864729994e-05
8445,మంత్,1,2.2277668864729994e-05
8446,మంత్రం,1,2.2277668864729994e-05
8447,మంత్రిత్వం,1,2.2277668864729994e-05
8448,మంత్రివర్గాన్పి,1,2.2277668864729994e-05
8449,మంత్స్,1,2.2277668864729994e-05
8450,మంద,1,2.2277668864729994e-05
8451,మందం,1,2.2277668864729994e-05
8452,మందకొడి,1,2.2277668864729994e-05
8453,మందహాసం,1,2.2277668864729994e-05
8454,మందికిపైగా,1,2.2277668864729994e-05
8455,మందిరం,1,2.2277668864729994e-05
8456,మందులకైతే,1,2.2277668864729994e-05
8457,మం్రతి,1,2.2277668864729994e-05
8458,మకుటం,1,2.2277668864729994e-05
8459,మగదీరా,1,2.2277668864729994e-05
8460,మగవారే,1,2.2277668864729994e-05
8461,మగ్గం,1,2.2277668864729994e-05
8462,మగ్గు,1,2.2277668864729994e-05
8463,మచ్,1,2.2277668864729994e-05
8464,మజిలీ,1,2.2277668864729994e-05
8465,మజ్జిగ,1,2.2277668864729994e-05
8466,మటుమాయం,1,2.2277668864729994e-05
8467,మట్టపల్లి,1,2.2277668864729994e-05
8468,మడక,1,2.2277668864729994e-05
8469,మడి,1,2.2277668864729994e-05
8470,మణివన్నన్,1,2.2277668864729994e-05
8471,మతమభేదమనియె,1,2.2277668864729994e-05
8472,మతవిశ్వాసం,1,2.2277668864729994e-05
8473,మత్స్యవతారిదారియైన,1,2.2277668864729994e-05
8474,మత్స్యశాఖ,1,2.2277668864729994e-05
8475,మత్స్యావతారము,1,2.2277668864729994e-05
8476,మదర్,1,2.2277668864729994e-05
8477,మద్గతు,1,2.2277668864729994e-05
8478,మద్ధతు,1,2.2277668864729994e-05
8479,మధి,1,2.2277668864729994e-05
8480,మధుమేహం,1,2.2277668864729994e-05
8481,మధ్యధరా,1,2.2277668864729994e-05
8482,మధ్యయుగం,1,2.2277668864729994e-05
8483,మధ్యవర్తిత్వం,1,2.2277668864729994e-05
8484,మధ్యాహ్సం,1,2.2277668864729994e-05
8485,మనకిష్టమొచ్చిన,1,2.2277668864729994e-05
8486,మనకొక,1,2.2277668864729994e-05
8487,మనతోడివారైన,1,2.2277668864729994e-05
8488,మనమిచ్చే,1,2.2277668864729994e-05
8489,మనమేదైతే,1,2.2277668864729994e-05
8490,మనమేసే,1,2.2277668864729994e-05
8491,మనవంతు,1,2.2277668864729994e-05
8492,మనవరాళ్లు,1,2.2277668864729994e-05
8493,మనవి,1,2.2277668864729994e-05
8494,మనశ్శాంతి,1,2.2277668864729994e-05
8495,మనస్ఫూర్తి,1,2.2277668864729994e-05
8496,మనిక్కమ్,1,2.2277668864729994e-05
8497,మనుపు,1,2.2277668864729994e-05
8498,మనుమడు,1,2.2277668864729994e-05
8499,మనుమరాలు,1,2.2277668864729994e-05
8500,మనుషులోయ్,1,2.2277668864729994e-05
8501,మనోజ్,1,2.2277668864729994e-05
8502,మనోజ్ఞం,1,2.2277668864729994e-05
8503,మనోవైజ్ఞానికం,1,2.2277668864729994e-05
8504,మన్ననలనందుకున్న,1,2.2277668864729994e-05
8505,మన్నించు,1,2.2277668864729994e-05
8506,మన్ను,1,2.2277668864729994e-05
8507,మన్యంకొండ,1,2.2277668864729994e-05
8508,మమత,1,2.2277668864729994e-05
8509,మమ్మీ,1,2.2277668864729994e-05
8510,మయకృష్ణన్,1,2.2277668864729994e-05
8511,మయసభ,1,2.2277668864729994e-05
8512,మయిన,1,2.2277668864729994e-05
8513,మరగనీ,1,2.2277668864729994e-05
8514,మరగుజ్జు,1,2.2277668864729994e-05
8515,మరగుజ్జుగా,1,2.2277668864729994e-05
8516,మరణశిక్ష,1,2.2277668864729994e-05
8517,మరణానంతరం,1,2.2277668864729994e-05
8518,మరణి,1,2.2277668864729994e-05
8519,మరమ్మత్తు,1,2.2277668864729994e-05
8520,మరవద్దు,1,2.2277668864729994e-05
8521,మరాఠి,1,2.2277668864729994e-05
8522,మరాఠీలు,1,2.2277668864729994e-05
8523,మరికొందరు,1,2.2277668864729994e-05
8524,మరికొన్ని,1,2.2277668864729994e-05
8525,మరుగుజ్జు,1,2.2277668864729994e-05
8526,మరుగుదొడ్డి,1,2.2277668864729994e-05
8527,మరుసటి,1,2.2277668864729994e-05
8528,మరుసటిరోజు,1,2.2277668864729994e-05
8529,మరెక్కడనుండైనా,1,2.2277668864729994e-05
8530,మరెన్నో,1,2.2277668864729994e-05
8531,మరొకపదం,1,2.2277668864729994e-05
8532,మరొకసారి,1,2.2277668864729994e-05
8533,మరోపైపు,1,2.2277668864729994e-05
8534,మరోవలయం,1,2.2277668864729994e-05
8535,మరోవైపు,1,2.2277668864729994e-05
8536,మర్,1,2.2277668864729994e-05
8537,మర్దనా,1,2.2277668864729994e-05
8538,మర్నాడు,1,2.2277668864729994e-05
8539,మలయాళీలు,1,2.2277668864729994e-05
8540,మలవిసర్జనం,1,2.2277668864729994e-05
8541,మలి,1,2.2277668864729994e-05
8542,మలినం,1,2.2277668864729994e-05
8543,మలేషియా,1,2.2277668864729994e-05
8544,మల్టీప్లెక్స్,1,2.2277668864729994e-05
8545,మల్లన్నసాగర్,1,2.2277668864729994e-05
8546,మల్లిఖార్జున్,1,2.2277668864729994e-05
8547,మల్లీశ్వరి,1,2.2277668864729994e-05
8548,మల్లెపువ్వు,1,2.2277668864729994e-05
8549,మల్లెపూవు,1,2.2277668864729994e-05
8550,మల్లేశ్వరి,1,2.2277668864729994e-05
8551,మళ్టీ,1,2.2277668864729994e-05
8552,మసాజ్,1,2.2277668864729994e-05
8553,మహమ్నారి,1,2.2277668864729994e-05
8554,మహమ్మద్,1,2.2277668864729994e-05
8555,మహమ్మారి,1,2.2277668864729994e-05
8556,మహల్,1,2.2277668864729994e-05
8557,మహాజనపదం,1,2.2277668864729994e-05
8558,మహాత్యం,1,2.2277668864729994e-05
8559,మహానంది,1,2.2277668864729994e-05
8560,మహానగరం,1,2.2277668864729994e-05
8561,మహానగర్,1,2.2277668864729994e-05
8562,మహానుభావుడు,1,2.2277668864729994e-05
8563,మహాబృంద,1,2.2277668864729994e-05
8564,మహాభోధి,1,2.2277668864729994e-05
8565,మహామహులంతా,1,2.2277668864729994e-05
8566,మహారాజ్కుమార్,1,2.2277668864729994e-05
8567,మహాశివరాత్రి,1,2.2277668864729994e-05
8568,మహిళలుండగా,1,2.2277668864729994e-05
8569,మహోత్సవం,1,2.2277668864729994e-05
8570,మహోత్సవ్గా,1,2.2277668864729994e-05
8571,మహోన్నతం,1,2.2277668864729994e-05
8572,మహ్మద్,1,2.2277668864729994e-05
8573,మహ్మాత్మా,1,2.2277668864729994e-05
8574,మాంచెష్టర్,1,2.2277668864729994e-05
8575,మాంటిల్కు,1,2.2277668864729994e-05
8576,మాంసాహారం,1,2.2277668864729994e-05
8577,మాకెక్కువ,1,2.2277668864729994e-05
8578,మాకైతే,1,2.2277668864729994e-05
8579,మాకొక,1,2.2277668864729994e-05
8580,మాకొకరోజు,1,2.2277668864729994e-05
8581,మాక్జిమం,1,2.2277668864729994e-05
8582,మాగల్లన్,1,2.2277668864729994e-05
8583,మాగ్నటోస్పియర్,1,2.2277668864729994e-05
8584,మాగ్నిట్యూడ్,1,2.2277668864729994e-05
8585,మాగ్నెటోస్ఫియర్,1,2.2277668864729994e-05
8586,మాగ్మాటిజంల,1,2.2277668864729994e-05
8587,మాఘమాసంతోనే,1,2.2277668864729994e-05
8588,మాజీమంత్రి,1,2.2277668864729994e-05
8589,మాట్లాడచ్చు,1,2.2277668864729994e-05
8590,మాట్లాడుకునేందుకే,1,2.2277668864729994e-05
8591,మాట్లాడుకోవాల,1,2.2277668864729994e-05
8592,మాట్లాడుటకు,1,2.2277668864729994e-05
8593,మాట్లాడుతు,1,2.2277668864729994e-05
8594,మాట్లాడుతూరాష్ట్రపభుత్వం,1,2.2277668864729994e-05
8595,మాట్లాడేలాగ,1,2.2277668864729994e-05
8596,మాట్లాదుతూఅసైన్ల్,1,2.2277668864729994e-05
8597,మాడుకు,1,2.2277668864729994e-05
8598,మాతృగ్రహ,1,2.2277668864729994e-05
8599,మాతృస్వరూపం,1,2.2277668864729994e-05
8600,మాత్ప,1,2.2277668864729994e-05
8601,మాత్ర,1,2.2277668864729994e-05
8602,మాత్రమేకాక,1,2.2277668864729994e-05
8603,మాత్రాన,1,2.2277668864729994e-05
8604,మాధవికెఱియ,1,2.2277668864729994e-05
8605,మాధవ్,1,2.2277668864729994e-05
8606,మానం,1,2.2277668864729994e-05
8607,మానవజన్య,1,2.2277668864729994e-05
8608,మానవత్వం,1,2.2277668864729994e-05
8609,మానవీయ,1,2.2277668864729994e-05
8610,మానసం,1,2.2277668864729994e-05
8611,మానిటర్,1,2.2277668864729994e-05
8612,మాను,1,2.2277668864729994e-05
8613,మానేరు,1,2.2277668864729994e-05
8614,మాములు,1,2.2277668864729994e-05
8615,మామ్,1,2.2277668864729994e-05
8616,మాయ,1,2.2277668864729994e-05
8617,మాయాజాలం,1,2.2277668864729994e-05
8618,మారుమూల,1,2.2277668864729994e-05
8619,మారేపల్లి,1,2.2277668864729994e-05
8620,మార్కాపురం,1,2.2277668864729994e-05
8621,మార్క్,1,2.2277668864729994e-05
8622,మార్గదర్యకాల,1,2.2277668864729994e-05
8623,మార్గదర్శనం,1,2.2277668864729994e-05
8624,మార్గమని,1,2.2277668864729994e-05
8625,మార్ట్,1,2.2277668864729994e-05
8626,మార్తాండ్,1,2.2277668864729994e-05
8627,మార్ఫీ,1,2.2277668864729994e-05
8628,మాల్దీవ్,1,2.2277668864729994e-05
8629,మాల్సు,1,2.2277668864729994e-05
8630,మాల్స్,1,2.2277668864729994e-05
8631,మావి,1,2.2277668864729994e-05
8632,మావోయిస్ట్,1,2.2277668864729994e-05
8633,మాస్టర్,1,2.2277668864729994e-05
8634,మాస్టర్స్,1,2.2277668864729994e-05
8635,మింత్రా,1,2.2277668864729994e-05
8636,మికాక్స్,1,2.2277668864729994e-05
8637,మిక్కిలి,1,2.2277668864729994e-05
8638,మిగిలనవన్నీ,1,2.2277668864729994e-05
8639,మిగిలినవన్నీ,1,2.2277668864729994e-05
8640,మిఠాయి,1,2.2277668864729994e-05
8641,మిత్రుడు,1,2.2277668864729994e-05
8642,మినపప్పు,1,2.2277668864729994e-05
8643,మినహాయింపు,1,2.2277668864729994e-05
8644,మినిమం,1,2.2277668864729994e-05
8645,మినిమమ్,1,2.2277668864729994e-05
8646,మినిస్టర్,1,2.2277668864729994e-05
8647,మిమల్ని,1,2.2277668864729994e-05
8648,మిమ్మలని,1,2.2277668864729994e-05
8649,మిరియం,1,2.2277668864729994e-05
8650,మిర్చి,1,2.2277668864729994e-05
8651,మిర్రర్స్,1,2.2277668864729994e-05
8652,మిలటరీ,1,2.2277668864729994e-05
8653,మిలర్ల,1,2.2277668864729994e-05
8654,మిలాంకోవిక్,1,2.2277668864729994e-05
8655,మిలాన్కోవిట్చ్,1,2.2277668864729994e-05
8656,మిలియను,1,2.2277668864729994e-05
8657,మిల్లర్,1,2.2277668864729994e-05
8658,మిల్లీ,1,2.2277668864729994e-05
8659,మిళితమై,1,2.2277668864729994e-05
8660,మిస్టేక్,1,2.2277668864729994e-05
8661,మీకెంతో,1,2.2277668864729994e-05
8662,మీకొకసారి,1,2.2277668864729994e-05
8663,మీక్కూడా,1,2.2277668864729994e-05
8664,మీగడ,1,2.2277668864729994e-05
8665,మీటింగ్,1,2.2277668864729994e-05
8666,మీదకొచ్చి,1,2.2277668864729994e-05
8667,మీదున్న,1,2.2277668864729994e-05
8668,మీన్స్,1,2.2277668864729994e-05
8669,మీరక్కడ,1,2.2277668864729994e-05
8670,మీరన్నది,1,2.2277668864729994e-05
8671,మీరాలం,1,2.2277668864729994e-05
8672,మీరేమైనా,1,2.2277668864729994e-05
8673,మీరైతే,1,2.2277668864729994e-05
8674,మీరొక,1,2.2277668864729994e-05
8675,మీల్,1,2.2277668864729994e-05
8676,ముంగిట,1,2.2277668864729994e-05
8677,ముందర,1,2.2277668864729994e-05
8678,ముందుకెళ్తున్న,1,2.2277668864729994e-05
8679,ముంపు,1,2.2277668864729994e-05
8680,ముంబయి,1,2.2277668864729994e-05
8681,ముక్తార్,1,2.2277668864729994e-05
8682,ముక్త్,1,2.2277668864729994e-05
8683,ముఖ్యపాత్ర,1,2.2277668864729994e-05
8684,ముఖ్యమంగ్రి,1,2.2277668864729994e-05
8685,ముఖ్యమంతుల,1,2.2277668864729994e-05
8686,ముఖ్యమయిన,1,2.2277668864729994e-05
8687,ముఖ్యమయినవిగా,1,2.2277668864729994e-05
8688,ముఖ్యముగా,1,2.2277668864729994e-05
8689,ముఖ్యోద్దేశం,1,2.2277668864729994e-05
8690,ముఖ్వమంత్రి,1,2.2277668864729994e-05
8691,ముగి,1,2.2277668864729994e-05
8692,ముగీయకుండానే,1,2.2277668864729994e-05
8693,ముగ్గు,1,2.2277668864729994e-05
8694,ముచ్చింతల్,1,2.2277668864729994e-05
8695,ముఠా,1,2.2277668864729994e-05
8696,ముడిపడి,1,2.2277668864729994e-05
8697,ముడిపడిన,1,2.2277668864729994e-05
8698,ముతకబియ్యపు,1,2.2277668864729994e-05
8699,ముత్తూర్,1,2.2277668864729994e-05
8700,ముత్యం,1,2.2277668864729994e-05
8701,ముదిగొండ,1,2.2277668864729994e-05
8702,ముద్రణ,1,2.2277668864729994e-05
8703,మునగ,1,2.2277668864729994e-05
8704,మునిసిపల్,1,2.2277668864729994e-05
8705,మునుగు,1,2.2277668864729994e-05
8706,మునుపు,1,2.2277668864729994e-05
8707,మున్ముందు,1,2.2277668864729994e-05
8708,మున్సిపల్,1,2.2277668864729994e-05
8709,మున్సిపాల్టీ,1,2.2277668864729994e-05
8710,మున్సీపల్,1,2.2277668864729994e-05
8711,ముప్పవరపు,1,2.2277668864729994e-05
8712,ముప్పి,1,2.2277668864729994e-05
8713,ముప్పైయేళ్ళుగా,1,2.2277668864729994e-05
8714,ముమ్మరం,1,2.2277668864729994e-05
8715,మురికి,1,2.2277668864729994e-05
8716,ముర్తుజానగర్,1,2.2277668864729994e-05
8717,ములక్కాడ,1,2.2277668864729994e-05
8718,మువ్వ,1,2.2277668864729994e-05
8719,ముష్టి,1,2.2277668864729994e-05
8720,ముసలి,1,2.2277668864729994e-05
8721,ముసునూరు,1,2.2277668864729994e-05
8722,ముసులోళ్ళు,1,2.2277668864729994e-05
8723,ముస్లిమ్,1,2.2277668864729994e-05
8724,మూకీ,1,2.2277668864729994e-05
8725,మూటకట్టి,1,2.2277668864729994e-05
8726,మూటగట్టుకున్నాయి,1,2.2277668864729994e-05
8727,మూడవరోజు,1,2.2277668864729994e-05
8728,మూడవసారి,1,2.2277668864729994e-05
8729,మూడొందలు,1,2.2277668864729994e-05
8730,మూడోఏటా,1,2.2277668864729994e-05
8731,మూఢనమ్మకం,1,2.2277668864729994e-05
8732,మూతపడ్డాయి,1,2.2277668864729994e-05
8733,మూత్రం,1,2.2277668864729994e-05
8734,మూన్,1,2.2277668864729994e-05
8735,మూన్స్,1,2.2277668864729994e-05
8736,మూలాధారం,1,2.2277668864729994e-05
8737,మూల్యం,1,2.2277668864729994e-05
8738,మూహుర్తం,1,2.2277668864729994e-05
8739,మృగశిర,1,2.2277668864729994e-05
8740,మృగాదౌచ,1,2.2277668864729994e-05
8741,మృతదేహం,1,2.2277668864729994e-05
8742,మృతుడు,1,2.2277668864729994e-05
8743,మృదుత్వం,1,2.2277668864729994e-05
8744,మృదులాంగ,1,2.2277668864729994e-05
8745,మెం,1,2.2277668864729994e-05
8746,మెంట్,1,2.2277668864729994e-05
8747,మెంతి,1,2.2277668864729994e-05
8748,మెంతుకూర,1,2.2277668864729994e-05
8749,మెంబెర్సే,1,2.2277668864729994e-05
8750,మెంబెర్స్,1,2.2277668864729994e-05
8751,మెకానికల్,1,2.2277668864729994e-05
8752,మెకార్డెనీ,1,2.2277668864729994e-05
8753,మెక్సికన్,1,2.2277668864729994e-05
8754,మెగస్తనీసు,1,2.2277668864729994e-05
8755,మెగా,1,2.2277668864729994e-05
8756,మెగాథర్మల్,1,2.2277668864729994e-05
8757,మెగ్నీేషీియం,1,2.2277668864729994e-05
8758,మెచ్యూర్డ్,1,2.2277668864729994e-05
8759,మెటామార్ఫిక్,1,2.2277668864729994e-05
8760,మెట్ట,1,2.2277668864729994e-05
8761,మెట్రిక్,1,2.2277668864729994e-05
8762,మెట్రో,1,2.2277668864729994e-05
8763,మెట్లెక్కి,1,2.2277668864729994e-05
8764,మెడ,1,2.2277668864729994e-05
8765,మెడిసిన్,1,2.2277668864729994e-05
8766,మెన్సురల్,1,2.2277668864729994e-05
8767,మెప్పి,1,2.2277668864729994e-05
8768,మెమరబుల్,1,2.2277668864729994e-05
8769,మెరిట్,1,2.2277668864729994e-05
8770,మెరిసాయి,1,2.2277668864729994e-05
8771,మెరుగుపర్,1,2.2277668864729994e-05
8772,మెర్కెల్,1,2.2277668864729994e-05
8773,మెర్జ్డ్,1,2.2277668864729994e-05
8774,మెలగు,1,2.2277668864729994e-05
8775,మెలనేసియన్,1,2.2277668864729994e-05
8776,మెలుకులేంటంటే,1,2.2277668864729994e-05
8777,మెషిన్,1,2.2277668864729994e-05
8778,మెషీన్,1,2.2277668864729994e-05
8779,మెషీన్స్,1,2.2277668864729994e-05
8780,మెసపుటేమియన్,1,2.2277668864729994e-05
8781,మెసోస్ఫియర్,1,2.2277668864729994e-05
8782,మేకప్,1,2.2277668864729994e-05
8783,మేఘసందేశం,1,2.2277668864729994e-05
8784,మేఘాలయ,1,2.2277668864729994e-05
8785,మేజర్,1,2.2277668864729994e-05
8786,మేటి,1,2.2277668864729994e-05
8787,మేడారం,1,2.2277668864729994e-05
8788,మేడ్చల్,1,2.2277668864729994e-05
8789,మేథావి,1,2.2277668864729994e-05
8790,మేధ,1,2.2277668864729994e-05
8791,మేనమామ,1,2.2277668864729994e-05
8792,మేనల్లుడు,1,2.2277668864729994e-05
8793,మేనేజ్మెంట్,1,2.2277668864729994e-05
8794,మేపు,1,2.2277668864729994e-05
8795,మేప్,1,2.2277668864729994e-05
8796,మేమెంత,1,2.2277668864729994e-05
8797,మేమెప్పుడు,1,2.2277668864729994e-05
8798,మేమైతే,1,2.2277668864729994e-05
8799,మేమ్,1,2.2277668864729994e-05
8800,మేలవింపు,1,2.2277668864729994e-05
8801,మేళం,1,2.2277668864729994e-05
8802,మేషం,1,2.2277668864729994e-05
8803,మేషవిషువత్తునుంచి,1,2.2277668864729994e-05
8804,మేషవిషువత్తే,1,2.2277668864729994e-05
8805,మేష్టారు,1,2.2277668864729994e-05
8806,మేసిడోనియా,1,2.2277668864729994e-05
8807,మై,1,2.2277668864729994e-05
8808,మైకు,1,2.2277668864729994e-05
8809,మైక్రోథర్మల్,1,2.2277668864729994e-05
8810,మైక్రోప్రోసెసర్,1,2.2277668864729994e-05
8811,మైక్రోసాఫ్ట్,1,2.2277668864729994e-05
8812,మైత్రి,1,2.2277668864729994e-05
8813,మైనర్,1,2.2277668864729994e-05
8814,మైనెస్గా,1,2.2277668864729994e-05
8815,మైలురాయి,1,2.2277668864729994e-05
8816,మైలోమా,1,2.2277668864729994e-05
8817,మైసమ్మ,1,2.2277668864729994e-05
8818,మొ,1,2.2277668864729994e-05
8819,మొక్కజొన్న,1,2.2277668864729994e-05
8820,మొక్కు,1,2.2277668864729994e-05
8821,మొగ్గ,1,2.2277668864729994e-05
8822,మొగ్గు,1,2.2277668864729994e-05
8823,మొఘల్,1,2.2277668864729994e-05
8824,మొట్టమొదట,1,2.2277668864729994e-05
8825,మొట్టమొదటగా,1,2.2277668864729994e-05
8826,మొత్తంలోరైతుబంధు,1,2.2277668864729994e-05
8827,మొదటితరం,1,2.2277668864729994e-05
8828,మొదటివారం,1,2.2277668864729994e-05
8829,మొయిలీ,1,2.2277668864729994e-05
8830,మొయ్యి,1,2.2277668864729994e-05
8831,మొరోవికిక్,1,2.2277668864729994e-05
8832,మొవ్వ,1,2.2277668864729994e-05
8833,మొస,1,2.2277668864729994e-05
8834,మొసలి,1,2.2277668864729994e-05
8835,మొహం,1,2.2277668864729994e-05
8836,మొహియుద్దీన్,1,2.2277668864729994e-05
8837,మోక్షగుండం,1,2.2277668864729994e-05
8838,మోచేయి,1,2.2277668864729994e-05
8839,మోజు,1,2.2277668864729994e-05
8840,మోటారు,1,2.2277668864729994e-05
8841,మోడోగలింగం,1,2.2277668864729994e-05
8842,మోపిదేవి,1,2.2277668864729994e-05
8843,మోప్,1,2.2277668864729994e-05
8844,మోమోస్,1,2.2277668864729994e-05
8845,మోసం,1,2.2277668864729994e-05
8846,మోహినీ,1,2.2277668864729994e-05
8847,మౌఖికం,1,2.2277668864729994e-05
8848,మౌలాన్,1,2.2277668864729994e-05
8849,మౌళికం,1,2.2277668864729994e-05
8850,మ్య,1,2.2277668864729994e-05
8851,మ్యాగజైన్,1,2.2277668864729994e-05
8852,మ్యాచెస్,1,2.2277668864729994e-05
8853,మ్యాజెస్టిక్గా,1,2.2277668864729994e-05
8854,మ్యాథమెటిక్స్,1,2.2277668864729994e-05
8855,మ్యాథ్స్,1,2.2277668864729994e-05
8856,మ్యాన్,1,2.2277668864729994e-05
8857,మ్యాష్,1,2.2277668864729994e-05
8858,మ్యూజికల్,1,2.2277668864729994e-05
8859,మ్యూజిక్,1,2.2277668864729994e-05
8860,యంతాల,1,2.2277668864729994e-05
8861,యకారాదిగానే,1,2.2277668864729994e-05
8862,యజుర్వేదం,1,2.2277668864729994e-05
8863,యజ్ఞయాగాది,1,2.2277668864729994e-05
8864,యత్నం,1,2.2277668864729994e-05
8865,యథాతథంగా,1,2.2277668864729994e-05
8866,యదావిధిగా,1,2.2277668864729994e-05
8867,యమున,1,2.2277668864729994e-05
8868,యశోద,1,2.2277668864729994e-05
8869,యస్,1,2.2277668864729994e-05
8870,యాంకర్,1,2.2277668864729994e-05
8871,యాంగ్జైటీగా,1,2.2277668864729994e-05
8872,యాండసైట్,1,2.2277668864729994e-05
8873,యాంత్రీకరణం,1,2.2277668864729994e-05
8874,యాక్చువల్గా,1,2.2277668864729994e-05
8875,యాక్టివేషన్,1,2.2277668864729994e-05
8876,యాక్సిడెంట్స్,1,2.2277668864729994e-05
8877,యాజ్,1,2.2277668864729994e-05
8878,యాత్రమెలి,1,2.2277668864729994e-05
8879,యాదగిరిగుట్ట,1,2.2277668864729994e-05
8880,యాదవల్లి,1,2.2277668864729994e-05
8881,యాదృచ్ఛిక,1,2.2277668864729994e-05
8882,యాన్,1,2.2277668864729994e-05
8883,యాపిల్,1,2.2277668864729994e-05
8884,యాప్ను,1,2.2277668864729994e-05
8885,యాప్లు,1,2.2277668864729994e-05
8886,యాప్స్,1,2.2277668864729994e-05
8887,యాబ్సల్యూట్,1,2.2277668864729994e-05
8888,యార్క్,1,2.2277668864729994e-05
8889,యాల్టా,1,2.2277668864729994e-05
8890,యావత్,1,2.2277668864729994e-05
8891,యాస,1,2.2277668864729994e-05
8892,యాసంగి,1,2.2277668864729994e-05
8893,యాస్,1,2.2277668864729994e-05
8894,యితర,1,2.2277668864729994e-05
8895,యివ్వడం,1,2.2277668864729994e-05
8896,యుఎస్,1,2.2277668864729994e-05
8897,యుకు,1,2.2277668864729994e-05
8898,యుక్తి,1,2.2277668864729994e-05
8899,యుగకర్తగా,1,2.2277668864729994e-05
8900,యుగకవిగా,1,2.2277668864729994e-05
8901,యుగపురుషుడు,1,2.2277668864729994e-05
8902,యుగాదయశ్చ,1,2.2277668864729994e-05
8903,యుద్గప్రాతిపదికన,1,2.2277668864729994e-05
8904,యుద్ద,1,2.2277668864729994e-05
8905,యుద్ధభూమి,1,2.2277668864729994e-05
8906,యున్నది,1,2.2277668864729994e-05
8907,యురేనియం,1,2.2277668864729994e-05
8908,యువతి,1,2.2277668864729994e-05
8909,యూఎన్,1,2.2277668864729994e-05
8910,యూఏఎన్,1,2.2277668864729994e-05
8911,యూఏన్,1,2.2277668864729994e-05
8912,యూజర్,1,2.2277668864729994e-05
8913,యూజ్ఫుల్,1,2.2277668864729994e-05
8914,యూటర్స్,1,2.2277668864729994e-05
8915,యూటీఎఫ్,1,2.2277668864729994e-05
8916,యూత్,1,2.2277668864729994e-05
8917,యూనికోడ్,1,2.2277668864729994e-05
8918,యూనివర్సల్,1,2.2277668864729994e-05
8919,యూరీ,1,2.2277668864729994e-05
8920,యూరేసియన్,1,2.2277668864729994e-05
8921,యూరోపియన్,1,2.2277668864729994e-05
8922,యూసీఎస్,1,2.2277668864729994e-05
8923,యూసెజ్,1,2.2277668864729994e-05
8924,యూసేజ్,1,2.2277668864729994e-05
8925,యెల్లో,1,2.2277668864729994e-05
8926,యే,1,2.2277668864729994e-05
8927,యైన,1,2.2277668864729994e-05
8928,యొకటి,1,2.2277668864729994e-05
8929,యోగ్యం,1,2.2277668864729994e-05
8930,యోజన,1,2.2277668864729994e-05
8931,యోధుడు,1,2.2277668864729994e-05
8932,రంగంలోను,1,2.2277668864729994e-05
8933,రంగంలోనైన,1,2.2277668864729994e-05
8934,రంగవల్లి,1,2.2277668864729994e-05
8935,రంగాన్సి,1,2.2277668864729994e-05
8936,రంగారెడ్డి,1,2.2277668864729994e-05
8937,రంగురంగుల,1,2.2277668864729994e-05
8938,రంగోళి,1,2.2277668864729994e-05
8939,రంజాన్,1,2.2277668864729994e-05
8940,రంజి,1,2.2277668864729994e-05
8941,రంజిత్,1,2.2277668864729994e-05
8942,రంధ్రం,1,2.2277668864729994e-05
8943,రకాలపూలు,1,2.2277668864729994e-05
8944,రకాలైనటువంటి,1,2.2277668864729994e-05
8945,రకు,1,2.2277668864729994e-05
8946,రక్తదాతల,1,2.2277668864729994e-05
8947,రక్తప్రసరణం,1,2.2277668864729994e-05
8948,రక్షణశాఖ,1,2.2277668864729994e-05
8949,రక్షి,1,2.2277668864729994e-05
8950,రక్షితం,1,2.2277668864729994e-05
8951,రగుల్కొల్పి,1,2.2277668864729994e-05
8952,రఘు,1,2.2277668864729994e-05
8953,రఘురామయ్య,1,2.2277668864729994e-05
8954,రఘువరన్,1,2.2277668864729994e-05
8955,రఘువీరారెడ్డి,1,2.2277668864729994e-05
8956,రచనలప్పుడు,1,2.2277668864729994e-05
8957,రజతం,1,2.2277668864729994e-05
8958,రజత్కుమార్,1,2.2277668864729994e-05
8959,రతనం,1,2.2277668864729994e-05
8960,రత్నవేలు,1,2.2277668864729994e-05
8961,రథం,1,2.2277668864729994e-05
8962,రప్పి,1,2.2277668864729994e-05
8963,రఫ్,1,2.2277668864729994e-05
8964,రఫ్గా,1,2.2277668864729994e-05
8965,రబీ,1,2.2277668864729994e-05
8966,రబ్బరు,1,2.2277668864729994e-05
8967,రమణ,1,2.2277668864729994e-05
8968,రమేశ్,1,2.2277668864729994e-05
8969,రమ్మంటారా,1,2.2277668864729994e-05
8970,రమ్మన్నాను,1,2.2277668864729994e-05
8971,రవ,1,2.2277668864729994e-05
8972,రవికాంత్,1,2.2277668864729994e-05
8973,రవిశంకర్పపసాద్,1,2.2277668864729994e-05
8974,రవీంద్రనాథ్,1,2.2277668864729994e-05
8975,రవీంద్రభారతి,1,2.2277668864729994e-05
8976,రష్యన్,1,2.2277668864729994e-05
8977,రసూల్,1,2.2277668864729994e-05
8978,రహస్యం,1,2.2277668864729994e-05
8979,రాంగానే,1,2.2277668864729994e-05
8980,రాంచరణ్,1,2.2277668864729994e-05
8981,రాంచీ,1,2.2277668864729994e-05
8982,రాంబాబు,1,2.2277668864729994e-05
8983,రాకేశ్,1,2.2277668864729994e-05
8984,రాక్షసి,1,2.2277668864729994e-05
8985,రాక్షసివే,1,2.2277668864729994e-05
8986,రాగం,1,2.2277668864729994e-05
8987,రాగి,1,2.2277668864729994e-05
8988,రాచరికం,1,2.2277668864729994e-05
8989,రాజకీయవేత్త,1,2.2277668864729994e-05
8990,రాజకీయానుభవం,1,2.2277668864729994e-05
8991,రాజకుమారి,1,2.2277668864729994e-05
8992,రాజన్న,1,2.2277668864729994e-05
8993,రాజభరణాల,1,2.2277668864729994e-05
8994,రాజమర్యాదలు,1,2.2277668864729994e-05
8995,రాజమహేంద్రవరం,1,2.2277668864729994e-05
8996,రాజమౌళి,1,2.2277668864729994e-05
8997,రాజస్థాన్,1,2.2277668864729994e-05
8998,రాజుకుంది,1,2.2277668864729994e-05
8999,రాజేందనాథ్,1,2.2277668864729994e-05
9000,రాజేందర్,1,2.2277668864729994e-05
9001,రాజేంద్ర,1,2.2277668864729994e-05
9002,రాజేశ్వరరావు,1,2.2277668864729994e-05
9003,రాజేష్,1,2.2277668864729994e-05
9004,రాజ్కోట్,1,2.2277668864729994e-05
9005,రాజ్నారాయణ్,1,2.2277668864729994e-05
9006,రాజ్యంగ,1,2.2277668864729994e-05
9007,రాజ్యమని,1,2.2277668864729994e-05
9008,రాజ్యాంగబద్ద,1,2.2277668864729994e-05
9009,రాజ్వసభ,1,2.2277668864729994e-05
9010,రాతప్రతి,1,2.2277668864729994e-05
9011,రాత్రికల్లా,1,2.2277668864729994e-05
9012,రాదారుల,1,2.2277668864729994e-05
9013,రాధాకృష్నన్,1,2.2277668864729994e-05
9014,రాఫ్టింగ్,1,2.2277668864729994e-05
9015,రాబోయే,1,2.2277668864729994e-05
9016,రామకృష్ణారెడ్డి,1,2.2277668864729994e-05
9017,రామచిలుక,1,2.2277668864729994e-05
9018,రామలింగారెడ్డి,1,2.2277668864729994e-05
9019,రామాలయం,1,2.2277668864729994e-05
9020,రామి,1,2.2277668864729994e-05
9021,రాముడు,1,2.2277668864729994e-05
9022,రామ్నాథ్,1,2.2277668864729994e-05
9023,రామ్పూర్,1,2.2277668864729994e-05
9024,రాయడప్ప,1,2.2277668864729994e-05
9025,రాయప్రోలు,1,2.2277668864729994e-05
9026,రాయబారం,1,2.2277668864729994e-05
9027,రాయిస్,1,2.2277668864729994e-05
9028,రాయ్,1,2.2277668864729994e-05
9029,రాయ్బరేలీ,1,2.2277668864729994e-05
9030,రావం,1,2.2277668864729994e-05
9031,రావత్,1,2.2277668864729994e-05
9032,రావాల్లంటే,1,2.2277668864729994e-05
9033,రావాల్సిందే,1,2.2277668864729994e-05
9034,రాష్ట్రపతిపాలన,1,2.2277668864729994e-05
9035,రాష్ట్రమంతటా,1,2.2277668864729994e-05
9036,రాష్ట్రస్థాయి,1,2.2277668864729994e-05
9037,రాష్ట్రీయం,1,2.2277668864729994e-05
9038,రాష్ట్వాల,1,2.2277668864729994e-05
9039,రాసాగింది,1,2.2277668864729994e-05
9040,రాసు,1,2.2277668864729994e-05
9041,రింగర్,1,2.2277668864729994e-05
9042,రింగు,1,2.2277668864729994e-05
9043,రికార్డింగ్,1,2.2277668864729994e-05
9044,రిక్వెస్ట్,1,2.2277668864729994e-05
9045,రిచ్,1,2.2277668864729994e-05
9046,రిజర్వాయర్,1,2.2277668864729994e-05
9047,రిజర్వేషను,1,2.2277668864729994e-05
9048,రిజల్ట్,1,2.2277668864729994e-05
9049,రిజిస్టర్,1,2.2277668864729994e-05
9050,రిజిస్టర్డ్,1,2.2277668864729994e-05
9051,రిజిస్టేషన్,1,2.2277668864729994e-05
9052,రిజెక్ట్,1,2.2277668864729994e-05
9053,రిటర్నింగ్,1,2.2277668864729994e-05
9054,రిటర్సింగ్,1,2.2277668864729994e-05
9055,రిడ్జెస్,1,2.2277668864729994e-05
9056,రిపబ్లిక్,1,2.2277668864729994e-05
9057,రిపేర్,1,2.2277668864729994e-05
9058,రిపేర్స్,1,2.2277668864729994e-05
9059,రిపోర్ట్,1,2.2277668864729994e-05
9060,రిఫర్,1,2.2277668864729994e-05
9061,రిబోఫ్లేవిన్,1,2.2277668864729994e-05
9062,రిబ్కా,1,2.2277668864729994e-05
9063,రిమాండ్,1,2.2277668864729994e-05
9064,రిమైండర్,1,2.2277668864729994e-05
9065,రిమైనింగ్,1,2.2277668864729994e-05
9066,రిమోట్,1,2.2277668864729994e-05
9067,రియల్,1,2.2277668864729994e-05
9068,రియాలిటీ,1,2.2277668864729994e-05
9069,రిలేషన్,1,2.2277668864729994e-05
9070,రిలేషన్స్,1,2.2277668864729994e-05
9071,రివ్యూస్,1,2.2277668864729994e-05
9072,రిషిక,1,2.2277668864729994e-05
9073,రిసార్ట్,1,2.2277668864729994e-05
9074,రిసెప్షనిస్ట్,1,2.2277668864729994e-05
9075,రిస్క్,1,2.2277668864729994e-05
9076,రీఛార్జ్,1,2.2277668864729994e-05
9077,రీజనబుల్,1,2.2277668864729994e-05
9078,రీజనింగుగా,1,2.2277668864729994e-05
9079,రీఫండ్,1,2.2277668864729994e-05
9080,రీమోడలింగ్,1,2.2277668864729994e-05
9081,రీలు,1,2.2277668864729994e-05
9082,రీషఫుల్,1,2.2277668864729994e-05
9083,రీసైకిల్,1,2.2277668864729994e-05
9084,రుచి,1,2.2277668864729994e-05
9085,రుచికరం,1,2.2277668864729994e-05
9086,రుచులు,1,2.2277668864729994e-05
9087,రుజువు,1,2.2277668864729994e-05
9088,రుపాయ,1,2.2277668864729994e-05
9089,రుబ్బు,1,2.2277668864729994e-05
9090,రుషికొండ,1,2.2277668864729994e-05
9091,రూజ్వెల్ట్,1,2.2277668864729994e-05
9092,రూజ్వెల్డ్,1,2.2277668864729994e-05
9093,రూతమ్మ,1,2.2277668864729994e-05
9094,రూపంలోను,1,2.2277668864729994e-05
9095,రూపమని,1,2.2277668864729994e-05
9096,రూపముగా,1,2.2277668864729994e-05
9097,రూపశిల్పం,1,2.2277668864729994e-05
9098,రూపాంతరం,1,2.2277668864729994e-05
9099,రూపాయులు,1,2.2277668864729994e-05
9100,రూబిక్స్,1,2.2277668864729994e-05
9101,రూబీ,1,2.2277668864729994e-05
9102,రెండంతస్థుల,1,2.2277668864729994e-05
9103,రెండిటికీ,1,2.2277668864729994e-05
9104,రెండుగంటలు,1,2.2277668864729994e-05
9105,రెండువంతుల,1,2.2277668864729994e-05
9106,రెండువేలు,1,2.2277668864729994e-05
9107,రెందున్నర,1,2.2277668864729994e-05
9108,రెజల్యూషన్,1,2.2277668864729994e-05
9109,రెడీమేడ్,1,2.2277668864729994e-05
9110,రెడ్గి,1,2.2277668864729994e-05
9111,రెడ్మీ,1,2.2277668864729994e-05
9112,రెడ్యూస్,1,2.2277668864729994e-05
9113,రెమ్,1,2.2277668864729994e-05
9114,రెయిన్,1,2.2277668864729994e-05
9115,రెసిడెన్నియల్,1,2.2277668864729994e-05
9116,రెసిడెన్షియల్,1,2.2277668864729994e-05
9117,రెస్టారెంట్ద,1,2.2277668864729994e-05
9118,రెస్ట్,1,2.2277668864729994e-05
9119,రెస్పాన్సిబిలిటీ,1,2.2277668864729994e-05
9120,రే,1,2.2277668864729994e-05
9121,రేం,1,2.2277668864729994e-05
9122,రేడియంట్,1,2.2277668864729994e-05
9123,రేడియేషన్,1,2.2277668864729994e-05
9124,రేడియోమెట్రిక్,1,2.2277668864729994e-05
9125,రేపల్లె,1,2.2277668864729994e-05
9126,రేలంగి,1,2.2277668864729994e-05
9127,రేవంత్,1,2.2277668864729994e-05
9128,రేవు,1,2.2277668864729994e-05
9129,రైజ్,1,2.2277668864729994e-05
9130,రైట్,1,2.2277668864729994e-05
9131,రైతనా,1,2.2277668864729994e-05
9132,రైతన్నలు,1,2.2277668864729994e-05
9133,రైతాంగం,1,2.2277668864729994e-05
9134,రైతుబంధుకు,1,2.2277668864729994e-05
9135,రైఫిల్,1,2.2277668864729994e-05
9136,రొజల్ల,1,2.2277668864729994e-05
9137,రొట్టె,1,2.2277668864729994e-05
9138,రొడీనియా,1,2.2277668864729994e-05
9139,రొప్పు,1,2.2277668864729994e-05
9140,రో,1,2.2277668864729994e-05
9141,రోజాపూలు,1,2.2277668864729994e-05
9142,రోజువారి,1,2.2277668864729994e-05
9143,రోజ్,1,2.2277668864729994e-05
9144,రోటేషన్,1,2.2277668864729994e-05
9145,రోడ్దు,1,2.2277668864729994e-05
9146,రోడ్రిగో,1,2.2277668864729994e-05
9147,రోమం,1,2.2277668864729994e-05
9148,రోమన్,1,2.2277668864729994e-05
9149,రోమింగ్,1,2.2277668864729994e-05
9150,రోల్,1,2.2277668864729994e-05
9151,రోస్,1,2.2277668864729994e-05
9152,రోహిణి,1,2.2277668864729994e-05
9153,రౌండ్టేబుల్,1,2.2277668864729994e-05
9154,రౌస్,1,2.2277668864729994e-05
9155,ర్యామ్,1,2.2277668864729994e-05
9156,ర్యాలీలు,1,2.2277668864729994e-05
9157,లంగా,1,2.2277668864729994e-05
9158,లంచగొండితనం,1,2.2277668864729994e-05
9159,లండన్నుండ,1,2.2277668864729994e-05
9160,లంబం,1,2.2277668864729994e-05
9161,లంబాడి,1,2.2277668864729994e-05
9162,లక్క,1,2.2277668864729994e-05
9163,లక్షలమంది,1,2.2277668864729994e-05
9164,లక్షలాది,1,2.2277668864729994e-05
9165,లక్ష్మం,1,2.2277668864729994e-05
9166,లక్ష్మణరెడ్డి,1,2.2277668864729994e-05
9167,లక్ష్మమ్మ,1,2.2277668864729994e-05
9168,లక్ష్మిదేవి,1,2.2277668864729994e-05
9169,లక్ష్మీకాంతం,1,2.2277668864729994e-05
9170,లక్ష్మీదేవి,1,2.2277668864729994e-05
9171,లడఖ్,1,2.2277668864729994e-05
9172,లతోపాటు,1,2.2277668864729994e-05
9173,లన్నిటిలోకీ,1,2.2277668864729994e-05
9174,లబ్ది,1,2.2277668864729994e-05
9175,లబ్దిదారులు,1,2.2277668864729994e-05
9176,లబ్ధిదారి,1,2.2277668864729994e-05
9177,లయబద్ధం,1,2.2277668864729994e-05
9178,లలిత,1,2.2277668864729994e-05
9179,లవంగం,1,2.2277668864729994e-05
9180,లహరి,1,2.2277668864729994e-05
9181,లాంగ్వేజెస్,1,2.2277668864729994e-05
9182,లాంగ్వేజ్,1,2.2277668864729994e-05
9183,లాంఛ్,1,2.2277668864729994e-05
9184,లాకు,1,2.2277668864729994e-05
9185,లాగిన్,1,2.2277668864729994e-05
9186,లాగే,1,2.2277668864729994e-05
9187,లాటమ్,1,2.2277668864729994e-05
9188,లాపోర్ట్,1,2.2277668864729994e-05
9189,లాబొరేటరీ,1,2.2277668864729994e-05
9190,లాబ్,1,2.2277668864729994e-05
9191,లారీ,1,2.2277668864729994e-05
9192,లార్జ్,1,2.2277668864729994e-05
9193,లావాదేవీలు,1,2.2277668864729994e-05
9194,లావు,1,2.2277668864729994e-05
9195,లావెండర్,1,2.2277668864729994e-05
9196,లాసన్,1,2.2277668864729994e-05
9197,లాసెట్,1,2.2277668864729994e-05
9198,లాస్ఏంజెల్స్,1,2.2277668864729994e-05
9199,లాస్యకళ,1,2.2277668864729994e-05
9200,లింకు,1,2.2277668864729994e-05
9201,లింక్,1,2.2277668864729994e-05
9202,లింక్డ్ఇన్,1,2.2277668864729994e-05
9203,లింగమూర్తి,1,2.2277668864729994e-05
9204,లిక్కర్,1,2.2277668864729994e-05
9205,లిక్విడ్,1,2.2277668864729994e-05
9206,లిఖితం,1,2.2277668864729994e-05
9207,లిపులలాగే,1,2.2277668864729994e-05
9208,లిఫ్టింగ్,1,2.2277668864729994e-05
9209,లిఫ్ట్,1,2.2277668864729994e-05
9210,లిమ్,1,2.2277668864729994e-05
9211,లియొనార్డొ,1,2.2277668864729994e-05
9212,లివర్,1,2.2277668864729994e-05
9213,లివింగ్,1,2.2277668864729994e-05
9214,లీ,1,2.2277668864729994e-05
9215,లీంగయ్య,1,2.2277668864729994e-05
9216,లీటర్,1,2.2277668864729994e-05
9217,లీలావృత్తములవలె,1,2.2277668864729994e-05
9218,లీవ్స్,1,2.2277668864729994e-05
9219,లూజుగా,1,2.2277668864729994e-05
9220,లెండియా,1,2.2277668864729994e-05
9221,లెక్కకట్టి,1,2.2277668864729994e-05
9222,లెక్కగట్ట,1,2.2277668864729994e-05
9223,లెగ్,1,2.2277668864729994e-05
9224,లెగ్స్,1,2.2277668864729994e-05
9225,లెజిస్లేటివ్,1,2.2277668864729994e-05
9226,లెనోవో,1,2.2277668864729994e-05
9227,లెర్నింగ్,1,2.2277668864729994e-05
9228,లెవన్,1,2.2277668864729994e-05
9229,లెసన్స్,1,2.2277668864729994e-05
9230,లెస్,1,2.2277668864729994e-05
9231,లెస్లీ,1,2.2277668864729994e-05
9232,లేకపోయింది,1,2.2277668864729994e-05
9233,లేకపోయినప్పటికీ,1,2.2277668864729994e-05
9234,లేకపోలేదు,1,2.2277668864729994e-05
9235,లేకపోవటం,1,2.2277668864729994e-05
9236,లేకపోవటంవల్ల,1,2.2277668864729994e-05
9237,లేక్సు,1,2.2277668864729994e-05
9238,లేటరల్,1,2.2277668864729994e-05
9239,లేటిన్,1,2.2277668864729994e-05
9240,లేడి,1,2.2277668864729994e-05
9241,లేడీస్,1,2.2277668864729994e-05
9242,లేదనమాట,1,2.2277668864729994e-05
9243,లేదమ్మా,1,2.2277668864729994e-05
9244,లేదేమో,1,2.2277668864729994e-05
9245,లేనప్పుడు,1,2.2277668864729994e-05
9246,లేనిపోని,1,2.2277668864729994e-05
9247,లేనివి,1,2.2277668864729994e-05
9248,లేపు,1,2.2277668864729994e-05
9249,లేమి,1,2.2277668864729994e-05
9250,లేయర్,1,2.2277668864729994e-05
9251,లేలాండ్,1,2.2277668864729994e-05
9252,లేవగొ,1,2.2277668864729994e-05
9253,లేవనెత్త్,1,2.2277668864729994e-05
9254,లైంగికం,1,2.2277668864729994e-05
9255,లైటింగ్,1,2.2277668864729994e-05
9256,లైటింగ్స్,1,2.2277668864729994e-05
9257,లైనర్,1,2.2277668864729994e-05
9258,లైన్,1,2.2277668864729994e-05
9259,లైబ్రరీ,1,2.2277668864729994e-05
9260,లైమ్రోడ్,1,2.2277668864729994e-05
9261,లైవ్,1,2.2277668864729994e-05
9262,లైసెన్సు,1,2.2277668864729994e-05
9263,లైస్,1,2.2277668864729994e-05
9264,లొంగు,1,2.2277668864729994e-05
9265,లొంగ్,1,2.2277668864729994e-05
9266,లోకజ్ఞానం,1,2.2277668864729994e-05
9267,లోకల్,1,2.2277668864729994e-05
9268,లోకసభ,1,2.2277668864729994e-05
9269,లోకేష్,1,2.2277668864729994e-05
9270,లోగుట్టు,1,2.2277668864729994e-05
9271,లోడ్,1,2.2277668864729994e-05
9272,లోన్,1,2.2277668864729994e-05
9273,లోన్లవి,1,2.2277668864729994e-05
9274,లోన్లు,1,2.2277668864729994e-05
9275,లోపం,1,2.2277668864729994e-05
9276,లోసం,1,2.2277668864729994e-05
9277,లోహితం,1,2.2277668864729994e-05
9278,ల్యాండ్స్,1,2.2277668864729994e-05
9279,ల్యాక్స్కో,1,2.2277668864729994e-05
9280,ల్యాప్టాప్,1,2.2277668864729994e-05
9281,ల్యాబ్,1,2.2277668864729994e-05
9282,వంకరుగా,1,2.2277668864729994e-05
9283,వంటిల్లు,1,2.2277668864729994e-05
9284,వందనాశివ,1,2.2277668864729994e-05
9285,వందలాది,1,2.2277668864729994e-05
9286,వంశధార,1,2.2277668864729994e-05
9287,వంశీకృష్ణ,1,2.2277668864729994e-05
9288,వక్రత,1,2.2277668864729994e-05
9289,వగరు,1,2.2277668864729994e-05
9290,వచి,1,2.2277668864729994e-05
9291,వచ్చించి,1,2.2277668864729994e-05
9292,వచ్చిందంటే,1,2.2277668864729994e-05
9293,వచ్చిందమ్మా,1,2.2277668864729994e-05
9294,వచ్చినపు,1,2.2277668864729994e-05
9295,వచ్చినపుడు,1,2.2277668864729994e-05
9296,వచ్చేటట్టుగా,1,2.2277668864729994e-05
9297,వచ్చేవారి,1,2.2277668864729994e-05
9298,వజ్రం,1,2.2277668864729994e-05
9299,వడ,1,2.2277668864729994e-05
9300,వడలు,1,2.2277668864729994e-05
9301,వడ్డీ,1,2.2277668864729994e-05
9302,వడ్రంగి,1,2.2277668864729994e-05
9303,వడ్లు,1,2.2277668864729994e-05
9304,వత్తిడి,1,2.2277668864729994e-05
9305,వదలు,1,2.2277668864729994e-05
9306,వదిలించు,1,2.2277668864729994e-05
9307,వద్దండి,1,2.2277668864729994e-05
9308,వద్దనుకుంటే,1,2.2277668864729994e-05
9309,వద్దే,1,2.2277668864729994e-05
9310,వధువు,1,2.2277668864729994e-05
9311,వధూవరులు,1,2.2277668864729994e-05
9312,వనభోజనం,1,2.2277668864729994e-05
9313,వనెల,1,2.2277668864729994e-05
9314,వన్డే,1,2.2277668864729994e-05
9315,వన్యప్రాణి,1,2.2277668864729994e-05
9316,వయసులోయోగా,1,2.2277668864729994e-05
9317,వయస్కురాలిగా,1,2.2277668864729994e-05
9318,వయోజనవిద్య,1,2.2277668864729994e-05
9319,వయోవర్గం,1,2.2277668864729994e-05
9320,వరకుందా,1,2.2277668864729994e-05
9321,వరలక్ష్మమ్మ,1,2.2277668864729994e-05
9322,వరికరం,1,2.2277668864729994e-05
9323,వరిమొక్క,1,2.2277668864729994e-05
9324,వరుడు,1,2.2277668864729994e-05
9325,వర్కింగ్,1,2.2277668864729994e-05
9326,వర్గక్రమంగా,1,2.2277668864729994e-05
9327,వర్డ్,1,2.2277668864729994e-05
9328,వర్ణనాత్మకం,1,2.2277668864729994e-05
9329,వర్త,1,2.2277668864729994e-05
9330,వర్తి,1,2.2277668864729994e-05
9331,వర్తిత్వం,1,2.2277668864729994e-05
9332,వర్దస్,1,2.2277668864729994e-05
9333,వర్ధిల్లు,1,2.2277668864729994e-05
9334,వర్మ,1,2.2277668864729994e-05
9335,వర్వం,1,2.2277668864729994e-05
9336,వర్శింగ్,1,2.2277668864729994e-05
9337,వలననే,1,2.2277668864729994e-05
9338,వలనె,1,2.2277668864729994e-05
9339,వలయాకారం,1,2.2277668864729994e-05
9340,వలయు,1,2.2277668864729994e-05
9341,వలసొచ్చి,1,2.2277668864729994e-05
9342,వలె,1,2.2277668864729994e-05
9343,వల్లనైనా,1,2.2277668864729994e-05
9344,వల్లభాయ్,1,2.2277668864729994e-05
9345,వసంతపంచమి,1,2.2277668864729994e-05
9346,వసతిదీవన,1,2.2277668864729994e-05
9347,వసుదైక,1,2.2277668864729994e-05
9348,వసూల్,1,2.2277668864729994e-05
9349,వస్తుందేమోగానీ,1,2.2277668864729994e-05
9350,వస్తున్నాయ్,1,2.2277668864729994e-05
9351,వస్తులనన్నింటినీ,1,2.2277668864729994e-05
9352,వస్తువులేమీ,1,2.2277668864729994e-05
9353,వస్తువుల్లో,1,2.2277668864729994e-05
9354,వస్తూన్న,1,2.2277668864729994e-05
9355,వహి,1,2.2277668864729994e-05
9356,వహీదా,1,2.2277668864729994e-05
9357,వాంతి,1,2.2277668864729994e-05
9358,వాకింగ్,1,2.2277668864729994e-05
9359,వాకిలి,1,2.2277668864729994e-05
9360,వాక్ఇన్నా,1,2.2277668864729994e-05
9361,వాక్యూమ్,1,2.2277668864729994e-05
9362,వాగు,1,2.2277668864729994e-05
9363,వాగ్ధాటి,1,2.2277668864729994e-05
9364,వాఙ్మయదురంధరుడు,1,2.2277668864729994e-05
9365,వాచికం,1,2.2277668864729994e-05
9366,వాటర్ఫాల్స్,1,2.2277668864729994e-05
9367,వాటికున్న,1,2.2277668864729994e-05
9368,వాట్,1,2.2277668864729994e-05
9369,వాట్సప్,1,2.2277668864729994e-05
9370,వాట్స్ఆప్,1,2.2277668864729994e-05
9371,వాడరేవు,1,2.2277668864729994e-05
9372,వాడుకుంటున్సా,1,2.2277668864729994e-05
9373,వాడుతారంటే,1,2.2277668864729994e-05
9374,వాడుతునాం,1,2.2277668864729994e-05
9375,వాడైన,1,2.2277668864729994e-05
9376,వాణి,1,2.2277668864729994e-05
9377,వాణిజ్యపరం,1,2.2277668864729994e-05
9378,వాదం,1,2.2277668864729994e-05
9379,వాదించు,1,2.2277668864729994e-05
9380,వాదోపవాదాలు,1,2.2277668864729994e-05
9381,వాన,1,2.2277668864729994e-05
9382,వానకాలం,1,2.2277668864729994e-05
9383,వానరం,1,2.2277668864729994e-05
9384,వాయవ్యం,1,2.2277668864729994e-05
9385,వాయించు,1,2.2277668864729994e-05
9386,వాయిద్యకారులు,1,2.2277668864729994e-05
9387,వాయిస్,1,2.2277668864729994e-05
9388,వారపత్రిక,1,2.2277668864729994e-05
9389,వారసవాహికలు,1,2.2277668864729994e-05
9390,వారసుడు,1,2.2277668864729994e-05
9391,వారసురాలు,1,2.2277668864729994e-05
9392,వారింట్లో,1,2.2277668864729994e-05
9393,వారికేమి,1,2.2277668864729994e-05
9394,వారిద్దరు,1,2.2277668864729994e-05
9395,వారినందరి,1,2.2277668864729994e-05
9396,వారియర్,1,2.2277668864729994e-05
9397,వారివి,1,2.2277668864729994e-05
9398,వారెంట్,1,2.2277668864729994e-05
9399,వార్తాప్రసారం,1,2.2277668864729994e-05
9400,వార్తాలు,1,2.2277668864729994e-05
9401,వార్షికం,1,2.2277668864729994e-05
9402,వాలెట్,1,2.2277668864729994e-05
9403,వాలెట్ను,1,2.2277668864729994e-05
9404,వాల్డర్,1,2.2277668864729994e-05
9405,వాళ్ళంటే,1,2.2277668864729994e-05
9406,వాళ్ళంతా,1,2.2277668864729994e-05
9407,వాళ్ళందరం,1,2.2277668864729994e-05
9408,వాళ్ళందరినీ,1,2.2277668864729994e-05
9409,వాళ్ళందరు,1,2.2277668864729994e-05
9410,వాళ్ళకంటు,1,2.2277668864729994e-05
9411,వాళ్ళగా,1,2.2277668864729994e-05
9412,వాళ్ళదే,1,2.2277668864729994e-05
9413,వాళ్ళమే,1,2.2277668864729994e-05
9414,వాళ్ళెందుకు,1,2.2277668864729994e-05
9415,వాళ్ళేం,1,2.2277668864729994e-05
9416,వాషింగ్టన్,1,2.2277668864729994e-05
9417,వాసం,1,2.2277668864729994e-05
9418,వాసన,1,2.2277668864729994e-05
9419,వాస్కోడగామా,1,2.2277668864729994e-05
9420,వాస్తవికం,1,2.2277668864729994e-05
9421,వాస్తుపై,1,2.2277668864729994e-05
9422,వాస్తుశిల్పం,1,2.2277668864729994e-05
9423,వింత,1,2.2277668864729994e-05
9424,విఆర్,1,2.2277668864729994e-05
9425,విఎం,1,2.2277668864729994e-05
9426,విఎన్ఆర్,1,2.2277668864729994e-05
9427,వికలాంగురాలైన,1,2.2277668864729994e-05
9428,వికారాబాద్,1,2.2277668864729994e-05
9429,విక్రమార్కుడు,1,2.2277668864729994e-05
9430,విగ్రహావిష్కరణ,1,2.2277668864729994e-05
9431,విచార్,1,2.2277668864729994e-05
9432,విచిత్రం,1,2.2277668864729994e-05
9433,విజయకుమార్,1,2.2277668864729994e-05
9434,విజయదశమి,1,2.2277668864729994e-05
9435,విజయపురి,1,2.2277668864729994e-05
9436,విజయభాస్కరరెడ్డి,1,2.2277668864729994e-05
9437,విజయ్,1,2.2277668864729994e-05
9438,విజార్డ్,1,2.2277668864729994e-05
9439,విజువల్,1,2.2277668864729994e-05
9440,విజ్ఞాన్,1,2.2277668864729994e-05
9441,విటమిన్స్,1,2.2277668864729994e-05
9442,విటారా,1,2.2277668864729994e-05
9443,విఠల్,1,2.2277668864729994e-05
9444,విడగొ,1,2.2277668864729994e-05
9445,విడదలయ,1,2.2277668864729994e-05
9446,విడమర్చి,1,2.2277668864729994e-05
9447,విడిచిపెట్టు,1,2.2277668864729994e-05
9448,విడిది,1,2.2277668864729994e-05
9449,విడిపడి,1,2.2277668864729994e-05
9450,విడిపి,1,2.2277668864729994e-05
9451,విడిభాగం,1,2.2277668864729994e-05
9452,విడుదలచేసింది,1,2.2277668864729994e-05
9453,విడుదలయ్యాయి,1,2.2277668864729994e-05
9454,విడుదలయ్యింది,1,2.2277668864729994e-05
9455,విడుదలవుతున్నట్టు,1,2.2277668864729994e-05
9456,విత్,1,2.2277668864729994e-05
9457,విత్డ్రా,1,2.2277668864729994e-05
9458,విదూషకుడు,1,2.2277668864729994e-05
9459,విదేశాంగం,1,2.2277668864729994e-05
9460,విదేశీయుడు,1,2.2277668864729994e-05
9461,విద్యనందించి,1,2.2277668864729994e-05
9462,విద్యామండలి,1,2.2277668864729994e-05
9463,విద్యారంగాలనేకం,1,2.2277668864729994e-05
9464,విద్యార్థుపై,1,2.2277668864729994e-05
9465,విద్యార్ది,1,2.2277668864729994e-05
9466,విద్యార్ధి,1,2.2277668864729994e-05
9467,విద్యావిధానమంతా,1,2.2277668864729994e-05
9468,విద్యాశాఖాధికారి,1,2.2277668864729994e-05
9469,విద్యాసంవత్సరం,1,2.2277668864729994e-05
9470,విద్యాసంస్థ,1,2.2277668864729994e-05
9471,విద్యుదయస్కాంత,1,2.2277668864729994e-05
9472,విద్యుదయస్కాంతత్వం,1,2.2277668864729994e-05
9473,విద్యుద్బందక,1,2.2277668864729994e-05
9474,విద్యుల్లేఖ,1,2.2277668864729994e-05
9475,విద్వేషం,1,2.2277668864729994e-05
9476,విధముగా,1,2.2277668864729994e-05
9477,విధమెన,1,2.2277668864729994e-05
9478,విధానమని,1,2.2277668864729994e-05
9479,విధానసభ,1,2.2277668864729994e-05
9480,వినయ్,1,2.2277668864729994e-05
9481,వినాయకచవితి,1,2.2277668864729994e-05
9482,వినాయకుడు,1,2.2277668864729994e-05
9483,వినిపి,1,2.2277668864729994e-05
9484,వినిమయం,1,2.2277668864729994e-05
9485,వినియోగదారు,1,2.2277668864729994e-05
9486,వినెగార్,1,2.2277668864729994e-05
9487,వినేటపుడు,1,2.2277668864729994e-05
9488,వినోదాత్మక,1,2.2277668864729994e-05
9489,విన్,1,2.2277668864729994e-05
9490,విన్నకోట,1,2.2277668864729994e-05
9491,విన్యాసం,1,2.2277668864729994e-05
9492,విపక్షం,1,2.2277668864729994e-05
9493,విపత్కర,1,2.2277668864729994e-05
9494,విపత్తు,1,2.2277668864729994e-05
9495,విపర్తి,1,2.2277668864729994e-05
9496,విపేకానంద,1,2.2277668864729994e-05
9497,విఫలమగుటచే,1,2.2277668864729994e-05
9498,విభజి,1,2.2277668864729994e-05
9499,విభాగాలన్నీ,1,2.2277668864729994e-05
9500,విభిన్నం,1,2.2277668864729994e-05
9501,విభూషణ్,1,2.2277668864729994e-05
9502,విమర్శకుడు,1,2.2277668864729994e-05
9503,విమోచనం,1,2.2277668864729994e-05
9504,వియన్నా,1,2.2277668864729994e-05
9505,విరాజిల్లు,1,2.2277668864729994e-05
9506,విరిగిన,1,2.2277668864729994e-05
9507,విరివి,1,2.2277668864729994e-05
9508,విరుద్ధం,1,2.2277668864729994e-05
9509,విర్,1,2.2277668864729994e-05
9510,విలక్షణం,1,2.2277668864729994e-05
9511,విలసిల్లు,1,2.2277668864729994e-05
9512,విలేఖరి,1,2.2277668864729994e-05
9513,విలేజెస్,1,2.2277668864729994e-05
9514,విల్లివాకంలోనే,1,2.2277668864729994e-05
9515,వివక్ష,1,2.2277668864729994e-05
9516,వివక్షత,1,2.2277668864729994e-05
9517,వివరాలందించి,1,2.2277668864729994e-05
9518,వివిఎస్,1,2.2277668864729994e-05
9519,వివిధరకం,1,2.2277668864729994e-05
9520,వివేకానందుడు,1,2.2277668864729994e-05
9521,విశాఖపట్పం,1,2.2277668864729994e-05
9522,విశిష్టత,1,2.2277668864729994e-05
9523,విశేషణం,1,2.2277668864729994e-05
9524,విశ్లేషకులు,1,2.2277668864729994e-05
9525,విశ్లేషణం,1,2.2277668864729994e-05
9526,విశ్లేషి,1,2.2277668864729994e-05
9527,విశ్వనాథ్,1,2.2277668864729994e-05
9528,విశ్వనాధం,1,2.2277668864729994e-05
9529,విశ్వవిద్యాలయ్ం,1,2.2277668864729994e-05
9530,విశ్వవ్యాప్తం,1,2.2277668864729994e-05
9531,విశ్వామిత్రుడు,1,2.2277668864729994e-05
9532,విషవః,1,2.2277668864729994e-05
9533,విషవాయువు,1,2.2277668864729994e-05
9534,విషాదం,1,2.2277668864729994e-05
9535,విషు,1,2.2277668864729994e-05
9536,విషుత్కాలం,1,2.2277668864729994e-05
9537,విషువత్తునిబట్టి,1,2.2277668864729994e-05
9538,విష్ణు,1,2.2277668864729994e-05
9539,విష్ణుపురాణం,1,2.2277668864729994e-05
9540,విసర్జన,1,2.2277668864729994e-05
9541,విస్తరణ,1,2.2277668864729994e-05
9542,విస్తారం,1,2.2277668864729994e-05
9543,విస్స,1,2.2277668864729994e-05
9544,విస్సయ్య,1,2.2277668864729994e-05
9545,విహరించు,1,2.2277668864729994e-05
9546,విహారయాత్ర,1,2.2277668864729994e-05
9547,విహారి,1,2.2277668864729994e-05
9548,వీఎంఆర్డీఏ,1,2.2277668864729994e-05
9549,వీక,1,2.2277668864729994e-05
9550,వీక్గా,1,2.2277668864729994e-05
9551,వీటన్నింటి,1,2.2277668864729994e-05
9552,వీటన్నిటికీ,1,2.2277668864729994e-05
9553,వీటో,1,2.2277668864729994e-05
9554,వీట్స్టన్,1,2.2277668864729994e-05
9555,వీడియొ,1,2.2277668864729994e-05
9556,వీడియోలు,1,2.2277668864729994e-05
9557,వీడ్కోలు,1,2.2277668864729994e-05
9558,వీన్,1,2.2277668864729994e-05
9559,వీరంతా,1,2.2277668864729994e-05
9560,వీరపాండ్యన్,1,2.2277668864729994e-05
9561,వీరశైవం,1,2.2277668864729994e-05
9562,వీర్రాజు,1,2.2277668864729994e-05
9563,వీలర్,1,2.2277668864729994e-05
9564,వీలుకలుగుతుంది,1,2.2277668864729994e-05
9565,వీలుకూడ,1,2.2277668864729994e-05
9566,వీల్చైర్,1,2.2277668864729994e-05
9567,వీల్లేదని,1,2.2277668864729994e-05
9568,వుంచి,1,2.2277668864729994e-05
9569,వుండాల్సిందే,1,2.2277668864729994e-05
9570,వుండుటకు,1,2.2277668864729994e-05
9571,వున్నదని,1,2.2277668864729994e-05
9572,వుపన్యాసం,1,2.2277668864729994e-05
9573,వుపాధ్యాయునిగా,1,2.2277668864729994e-05
9574,వూసపాటిరేగ,1,2.2277668864729994e-05
9575,వూహించిన,1,2.2277668864729994e-05
9576,వృక్షజాలం,1,2.2277668864729994e-05
9577,వృక్షసంపద,1,2.2277668864729994e-05
9578,వృత్తాంతం,1,2.2277668864729994e-05
9579,వృత్తినైనా,1,2.2277668864729994e-05
9580,వృత్తివిద్యలు,1,2.2277668864729994e-05
9581,వృద్ది,1,2.2277668864729994e-05
9582,వృద్దిచెందే,1,2.2277668864729994e-05
9583,వృద్దిరేటు,1,2.2277668864729994e-05
9584,వృధా,1,2.2277668864729994e-05
9585,వెంకట,1,2.2277668864729994e-05
9586,వెంకటకృష్ణయ్య,1,2.2277668864729994e-05
9587,వెంకటగిరి,1,2.2277668864729994e-05
9588,వెంకటపతి,1,2.2277668864729994e-05
9589,వెంకటమ్మ,1,2.2277668864729994e-05
9590,వెంకటాపురం,1,2.2277668864729994e-05
9591,వెంక్కటామయ్య,1,2.2277668864729994e-05
9592,వెండి,1,2.2277668864729994e-05
9593,వెక్కిరి,1,2.2277668864729994e-05
9594,వెజ్జు,1,2.2277668864729994e-05
9595,వెటర్నరీ,1,2.2277668864729994e-05
9596,వెట్టి,1,2.2277668864729994e-05
9597,వెట్టినామనుకో,1,2.2277668864729994e-05
9598,వెడ్డాయిడ్,1,2.2277668864729994e-05
9599,వెదజల్లు,1,2.2277668864729994e-05
9600,వెనుకకు,1,2.2277668864729994e-05
9601,వెనుకలుగా,1,2.2277668864729994e-05
9602,వెన్నంటు,1,2.2277668864729994e-05
9603,వెన్నెముక,1,2.2277668864729994e-05
9604,వెన్నెల,1,2.2277668864729994e-05
9605,వెబ్,1,2.2277668864729994e-05
9606,వెరైటీ,1,2.2277668864729994e-05
9607,వెరైటీగా,1,2.2277668864729994e-05
9608,వెర్నర్,1,2.2277668864729994e-05
9609,వెలగ,1,2.2277668864729994e-05
9610,వెలసిన,1,2.2277668864729994e-05
9611,వెలిబుచ్చు,1,2.2277668864729994e-05
9612,వెలిసాయి,1,2.2277668864729994e-05
9613,వెలుతురు,1,2.2277668864729994e-05
9614,వెలువడేటువంటి,1,2.2277668864729994e-05
9615,వెల్దపుగా,1,2.2277668864729994e-05
9616,వెల్దాం,1,2.2277668864729994e-05
9617,వెల్లి,1,2.2277668864729994e-05
9618,వెల్లులిపాయలు,1,2.2277668864729994e-05
9619,వెళదామండీ,1,2.2277668864729994e-05
9620,వెళ్తా,1,2.2277668864729994e-05
9621,వెళ్తూండగా,1,2.2277668864729994e-05
9622,వెళ్లవలసినదిగా,1,2.2277668864729994e-05
9623,వెళ్లాలైనా,1,2.2277668864729994e-05
9624,వెళ్ళండి,1,2.2277668864729994e-05
9625,వెళ్ళకుండా,1,2.2277668864729994e-05
9626,వెళ్ళకూడదు,1,2.2277668864729994e-05
9627,వెళ్ళచ్చు,1,2.2277668864729994e-05
9628,వెళ్ళడము,1,2.2277668864729994e-05
9629,వెళ్ళవచ్చు,1,2.2277668864729994e-05
9630,వెళ్ళవలసి,1,2.2277668864729994e-05
9631,వెళ్ళా,1,2.2277668864729994e-05
9632,వెళ్ళాం,1,2.2277668864729994e-05
9633,వెళ్ళాడని,1,2.2277668864729994e-05
9634,వెళ్ళాడు,1,2.2277668864729994e-05
9635,వెళ్ళాము,1,2.2277668864729994e-05
9636,వెళ్ళాలంటే,1,2.2277668864729994e-05
9637,వెళ్ళాలని,1,2.2277668864729994e-05
9638,వెళ్ళాలనుకుంటే,1,2.2277668864729994e-05
9639,వెళ్ళాల్సి,1,2.2277668864729994e-05
9640,వెళ్ళింది,1,2.2277668864729994e-05
9641,వెళ్ళిపోతాం,1,2.2277668864729994e-05
9642,వెళ్ళిపోతుంది,1,2.2277668864729994e-05
9643,వెళ్ళిపోతే,1,2.2277668864729994e-05
9644,వెళ్ళిపోయాక,1,2.2277668864729994e-05
9645,వెళ్ళిపోయిన,1,2.2277668864729994e-05
9646,వెళ్ళిపోవటం,1,2.2277668864729994e-05
9647,వెళ్ళిపోవడం,1,2.2277668864729994e-05
9648,వెళ్ళిపోవాలంటే,1,2.2277668864729994e-05
9649,వెళ్ళిపోవాలని,1,2.2277668864729994e-05
9650,వెళ్ళుతున్నపుడు,1,2.2277668864729994e-05
9651,వెళ్ళె,1,2.2277668864729994e-05
9652,వెళ్ళేటప్పటికి,1,2.2277668864729994e-05
9653,వెళ్ళేలాగా,1,2.2277668864729994e-05
9654,వెళ్ళేసరికి,1,2.2277668864729994e-05
9655,వెళ్ళేసి,1,2.2277668864729994e-05
9656,వెస్ట్రెన్,1,2.2277668864729994e-05
9657,వెహికల్,1,2.2277668864729994e-05
9658,వేంకటేశ్వర,1,2.2277668864729994e-05
9659,వేంగి,1,2.2277668864729994e-05
9660,వేగాస్,1,2.2277668864729994e-05
9661,వేట,1,2.2277668864729994e-05
9662,వేటాడు,1,2.2277668864729994e-05
9663,వేడెక్క్,1,2.2277668864729994e-05
9664,వేడ్,1,2.2277668864729994e-05
9665,వేణుగోపాలరావు,1,2.2277668864729994e-05
9666,వేత్త,1,2.2277668864729994e-05
9667,వేదకాలం,1,2.2277668864729994e-05
9668,వేదాంతం,1,2.2277668864729994e-05
9669,వేధి,1,2.2277668864729994e-05
9670,వేపకొళ్ళు,1,2.2277668864729994e-05
9671,వేపచిగుళ్ళు,1,2.2277668864729994e-05
9672,వేపచెట్టు,1,2.2277668864729994e-05
9673,వేమూరు,1,2.2277668864729994e-05
9674,వేయంగానే,1,2.2277668864729994e-05
9675,వేరుశనగపప్పు,1,2.2277668864729994e-05
9676,వేరేవిధం,1,2.2277668864729994e-05
9677,వేరేసి,1,2.2277668864729994e-05
9678,వేరొకరు,1,2.2277668864729994e-05
9679,వేలకొలది,1,2.2277668864729994e-05
9680,వేలయితే,1,2.2277668864729994e-05
9681,వేవ్,1,2.2277668864729994e-05
9682,వేసాక,1,2.2277668864729994e-05
9683,వేసుకున్నామంటే,1,2.2277668864729994e-05
9684,వేసుకోకపోవడం,1,2.2277668864729994e-05
9685,వేస్ట్,1,2.2277668864729994e-05
9686,వేస్తు,1,2.2277668864729994e-05
9687,వైఎస్ఆర్గా,1,2.2277668864729994e-05
9688,వైఖరి,1,2.2277668864729994e-05
9689,వైజ్ణానిక,1,2.2277668864729994e-05
9690,వైతాళికుడు,1,2.2277668864729994e-05
9691,వైద్యఆరోగ్యమంత్రి,1,2.2277668864729994e-05
9692,వైద్యవిద్య,1,2.2277668864729994e-05
9693,వైద్యశాస్త్రం,1,2.2277668864729994e-05
9694,వైఫై,1,2.2277668864729994e-05
9695,వైభవం,1,2.2277668864729994e-05
9696,వైయస్ఆర్,1,2.2277668864729994e-05
9697,వైరం,1,2.2277668864729994e-05
9698,వైర్లెస్పై,1,2.2277668864729994e-05
9699,వైవిధ్యభరిత,1,2.2277668864729994e-05
9700,వైశాలినగర్,1,2.2277668864729994e-05
9701,వైశాల్యం,1,2.2277668864729994e-05
9702,వైశ్య,1,2.2277668864729994e-05
9703,వైష్ణవి,1,2.2277668864729994e-05
9704,వైష్ణవుడు,1,2.2277668864729994e-05
9705,వైస్బాడెన్,1,2.2277668864729994e-05
9706,వొచ్చేసేసి,1,2.2277668864729994e-05
9707,వోటు,1,2.2277668864729994e-05
9708,వ్యంజన్,1,2.2277668864729994e-05
9709,వ్యత్యాసం,1,2.2277668864729994e-05
9710,వ్యర్థ,1,2.2277668864729994e-05
9711,వ్యర్థం,1,2.2277668864729994e-05
9712,వ్యర్థవాదాలేల,1,2.2277668864729994e-05
9713,వ్యర్ధం,1,2.2277668864729994e-05
9714,వ్యవసాయభివృద్ధి,1,2.2277668864729994e-05
9715,వ్యవసాయశాఖ,1,2.2277668864729994e-05
9716,వ్యవసాయాధారితమైనవి,1,2.2277668864729994e-05
9717,వ్యవసాయాభివృద్ధి,1,2.2277668864729994e-05
9718,వ్యవస్,1,2.2277668864729994e-05
9719,వ్యవస్థాపకురాలు,1,2.2277668864729994e-05
9720,వ్యవహృతం,1,2.2277668864729994e-05
9721,వ్యాఖ్య,1,2.2277668864729994e-05
9722,వ్యాపారి,1,2.2277668864729994e-05
9723,వ్యాసరచన,1,2.2277668864729994e-05
9724,వ్యాసార్ధం,1,2.2277668864729994e-05
9725,వ్యుం,1,2.2277668864729994e-05
9726,వ్యూస్,1,2.2277668864729994e-05
9727,వ్యూహాత్మకం,1,2.2277668864729994e-05
9728,వ్రాయుటకు,1,2.2277668864729994e-05
9729,వ్రిస్ట్,1,2.2277668864729994e-05
9730,శంకరాచార్యుడు,1,2.2277668864729994e-05
9731,శంషాబాద్,1,2.2277668864729994e-05
9732,శకలం,1,2.2277668864729994e-05
9733,శకలక,1,2.2277668864729994e-05
9734,శక్తికాంత,1,2.2277668864729994e-05
9735,శక్తికాంత్,1,2.2277668864729994e-05
9736,శక్తిదాయకమైన,1,2.2277668864729994e-05
9737,శతాబ్దాలముందే,1,2.2277668864729994e-05
9738,శత్రు,1,2.2277668864729994e-05
9739,శత్రువు,1,2.2277668864729994e-05
9740,శబ్దమైనా,1,2.2277668864729994e-05
9741,శరణ్యం,1,2.2277668864729994e-05
9742,శవణ,1,2.2277668864729994e-05
9743,శశిధర్,1,2.2277668864729994e-05
9744,శస్త్రం,1,2.2277668864729994e-05
9745,శాంతం,1,2.2277668864729994e-05
9746,శాంతకుమారి,1,2.2277668864729994e-05
9747,శాంతినికేతన్,1,2.2277668864729994e-05
9748,శాంతిభద్రత,1,2.2277668864729994e-05
9749,శాంసంగ్,1,2.2277668864729994e-05
9750,శాకాహారులైతే,1,2.2277668864729994e-05
9751,శాఖమంగ్రి,1,2.2277668864729994e-05
9752,శాతవాహన,1,2.2277668864729994e-05
9753,శాన్,1,2.2277668864729994e-05
9754,శాప్లోనే,1,2.2277668864729994e-05
9755,శామిక్,1,2.2277668864729994e-05
9756,శారద,1,2.2277668864729994e-05
9757,శారీస్,1,2.2277668864729994e-05
9758,శాలపల్లి,1,2.2277668864729994e-05
9759,శాల్తీ,1,2.2277668864729994e-05
9760,శాసనరాజధానిగా,1,2.2277668864729994e-05
9761,శాసనసమండలి,1,2.2277668864729994e-05
9762,శాస్త్రకారులు,1,2.2277668864729994e-05
9763,శాస్త్రీయం,1,2.2277668864729994e-05
9764,శిక్షకుడు,1,2.2277668864729994e-05
9765,శిక్షణాలయం,1,2.2277668864729994e-05
9766,శిలువ,1,2.2277668864729994e-05
9767,శిల్పకళ,1,2.2277668864729994e-05
9768,శిల్పారామం,1,2.2277668864729994e-05
9769,శివపార్వతి,1,2.2277668864729994e-05
9770,శివపై,1,2.2277668864729994e-05
9771,శివరాం,1,2.2277668864729994e-05
9772,శివలింగం,1,2.2277668864729994e-05
9773,శివలింగక్షేత్రాల,1,2.2277668864729994e-05
9774,శివాజీ,1,2.2277668864729994e-05
9775,శీతలీకరణం,1,2.2277668864729994e-05
9776,శీర్షిక,1,2.2277668864729994e-05
9777,శుక్లపక్షం,1,2.2277668864729994e-05
9778,శుద్ధపాడ్యమి,1,2.2277668864729994e-05
9779,శుభం,1,2.2277668864729994e-05
9780,శుభతరుణ,1,2.2277668864729994e-05
9781,శుభదినం,1,2.2277668864729994e-05
9782,శుభోదయం,1,2.2277668864729994e-05
9783,శుష్కం,1,2.2277668864729994e-05
9784,శృంగారం,1,2.2277668864729994e-05
9785,శృతి,1,2.2277668864729994e-05
9786,శెట్టియుల,1,2.2277668864729994e-05
9787,శెనగ,1,2.2277668864729994e-05
9788,శేఖర్,1,2.2277668864729994e-05
9789,శేఖర్రెడ్డి,1,2.2277668864729994e-05
9790,శేషు,1,2.2277668864729994e-05
9791,శేషుడు,1,2.2277668864729994e-05
9792,శోధనం,1,2.2277668864729994e-05
9793,శోభాయమానం,1,2.2277668864729994e-05
9794,శోభిల్లు,1,2.2277668864729994e-05
9795,శోషణం,1,2.2277668864729994e-05
9796,శౌర్యం,1,2.2277668864729994e-05
9797,శ్రద్ద,1,2.2277668864729994e-05
9798,శ్రద్దగా,1,2.2277668864729994e-05
9799,శ్రామిక,1,2.2277668864729994e-05
9800,శ్రావణి,1,2.2277668864729994e-05
9801,శ్రీకాంతచారి,1,2.2277668864729994e-05
9802,శ్రీకృష్ణదేవరాయ,1,2.2277668864729994e-05
9803,శ్రీనివాసులు,1,2.2277668864729994e-05
9804,శ్రీపాద,1,2.2277668864729994e-05
9805,శ్రీపెంకటేశ్వర,1,2.2277668864729994e-05
9806,శ్రీమంతుడు,1,2.2277668864729994e-05
9807,శ్రీమద్భాగవతం,1,2.2277668864729994e-05
9808,శ్రీరాం,1,2.2277668864729994e-05
9809,శ్రీరాజ్యలక్ష్మీ,1,2.2277668864729994e-05
9810,శ్రీరామకృష్ణ,1,2.2277668864729994e-05
9811,శ్రీరామనవమి,1,2.2277668864729994e-05
9812,శ్రీరాముడు,1,2.2277668864729994e-05
9813,శ్రీరాములు,1,2.2277668864729994e-05
9814,శ్రీలక్ష్మి,1,2.2277668864729994e-05
9815,శ్రీసిటీ,1,2.2277668864729994e-05
9816,శ్రుతి,1,2.2277668864729994e-05
9817,శ్రేయం,1,2.2277668864729994e-05
9818,శ్రేష్ఠ,1,2.2277668864729994e-05
9819,శ్రేష్ఠమయిన,1,2.2277668864729994e-05
9820,శ్రోత,1,2.2277668864729994e-05
9821,శ్వాస,1,2.2277668864729994e-05
9822,శ్వాసకోశం,1,2.2277668864729994e-05
9823,శ్వాసక్రియ,1,2.2277668864729994e-05
9824,శ్వేతాచల,1,2.2277668864729994e-05
9825,షట్టర్,1,2.2277668864729994e-05
9826,షర్టు,1,2.2277668864729994e-05
9827,షర్ట్స్,1,2.2277668864729994e-05
9828,షహీద్,1,2.2277668864729994e-05
9829,షాంపులు,1,2.2277668864729994e-05
9830,షాక్వేవ్ల,1,2.2277668864729994e-05
9831,షాపేనానే,1,2.2277668864729994e-05
9832,షార్ట్,1,2.2277668864729994e-05
9833,షిప్,1,2.2277668864729994e-05
9834,షిరిడి,1,2.2277668864729994e-05
9835,షీట్స్,1,2.2277668864729994e-05
9836,షుగర్,1,2.2277668864729994e-05
9837,షుగర్కేన్,1,2.2277668864729994e-05
9838,షూట్,1,2.2277668864729994e-05
9839,షూలు,1,2.2277668864729994e-05
9840,షూస్,1,2.2277668864729994e-05
9841,షెఫ్,1,2.2277668864729994e-05
9842,షొర్ట్,1,2.2277668864729994e-05
9843,షో,1,2.2277668864729994e-05
9844,షోకైతే,1,2.2277668864729994e-05
9845,షోరియా,1,2.2277668864729994e-05
9846,ష్యూర్,1,2.2277668864729994e-05
9847,సంకరం,1,2.2277668864729994e-05
9848,సంకలనం,1,2.2277668864729994e-05
9849,సంకల్పం,1,2.2277668864729994e-05
9850,సంకీర్ణ,1,2.2277668864729994e-05
9851,సంకెతాల,1,2.2277668864729994e-05
9852,సంకేతాలున్నా,1,2.2277668864729994e-05
9853,సంకేమం,1,2.2277668864729994e-05
9854,సంక్రమణం,1,2.2277668864729994e-05
9855,సంక్రాంత్రి,1,2.2277668864729994e-05
9856,సంక్లిష్టత,1,2.2277668864729994e-05
9857,సంక్షిప్తం,1,2.2277668864729994e-05
9858,సంక్షేణ,1,2.2277668864729994e-05
9859,సంఖ్యాపరంగా,1,2.2277668864729994e-05
9860,సంగణకం,1,2.2277668864729994e-05
9861,సంగారెడ్డి,1,2.2277668864729994e-05
9862,సంగ్రామం,1,2.2277668864729994e-05
9863,సంఘజీవి,1,2.2277668864729994e-05
9864,సంఘటితం,1,2.2277668864729994e-05
9865,సంఘిష్టి,1,2.2277668864729994e-05
9866,సంఘీభావం,1,2.2277668864729994e-05
9867,సంఘ్,1,2.2277668864729994e-05
9868,సంచరించు,1,2.2277668864729994e-05
9869,సంచలనం,1,2.2277668864729994e-05
9870,సంచలనాత్మకంగా,1,2.2277668864729994e-05
9871,సంచారజాతి,1,2.2277668864729994e-05
9872,సంచాలకుడు,1,2.2277668864729994e-05
9873,సంచిక,1,2.2277668864729994e-05
9874,సండేస్,1,2.2277668864729994e-05
9875,సంత,1,2.2277668864729994e-05
9876,సంతతి,1,2.2277668864729994e-05
9877,సంతరి,1,2.2277668864729994e-05
9878,సంతానం,1,2.2277668864729994e-05
9879,సంతృప్తికరం,1,2.2277668864729994e-05
9880,సంత్సరాదులే,1,2.2277668864729994e-05
9881,సందర్పన,1,2.2277668864729994e-05
9882,సందర్పించి,1,2.2277668864729994e-05
9883,సందర్భంలోనైనా,1,2.2277668864729994e-05
9884,సందర్భానుసారం,1,2.2277668864729994e-05
9885,సందర్భాలున్నాయి,1,2.2277668864729994e-05
9886,సందు,1,2.2277668864729994e-05
9887,సంధించు,1,2.2277668864729994e-05
9888,సంపన్న,1,2.2277668864729994e-05
9889,సంపాదకుడు,1,2.2277668864729994e-05
9890,సంపూర్ణ,1,2.2277668864729994e-05
9891,సంపూర్ణం,1,2.2277668864729994e-05
9892,సంప్రదాయిక,1,2.2277668864729994e-05
9893,సంప్రదింపు,1,2.2277668864729994e-05
9894,సంబం,1,2.2277668864729994e-05
9895,సంబంధంలేని,1,2.2277668864729994e-05
9896,సంబంధీకులై,1,2.2277668864729994e-05
9897,సంభారం,1,2.2277668864729994e-05
9898,సంభావ్యత,1,2.2277668864729994e-05
9899,సంభాషి,1,2.2277668864729994e-05
9900,సంయమనం,1,2.2277668864729994e-05
9901,సంరక్షకురాలిగా,1,2.2277668864729994e-05
9902,సంవత్పరాల,1,2.2277668864729994e-05
9903,సంవత్సరమంతా,1,2.2277668864729994e-05
9904,సంవత్సరమైతే,1,2.2277668864729994e-05
9905,సంవత్సరాదులేమిటి,1,2.2277668864729994e-05
9906,సంవత్సరాల్లోపే,1,2.2277668864729994e-05
9907,సంవిధానం,1,2.2277668864729994e-05
9908,సంవృద్ధి,1,2.2277668864729994e-05
9909,సంసిద్ధుడు,1,2.2277668864729994e-05
9910,సంస్కరి,1,2.2277668864729994e-05
9911,సంస్కృతకావ్యాల,1,2.2277668864729994e-05
9912,సంస్కృతికం,1,2.2277668864729994e-05
9913,సంస్కృతీకరణం,1,2.2277668864729994e-05
9914,సంస్ట,1,2.2277668864729994e-05
9915,సంస్థాగతం,1,2.2277668864729994e-05
9916,సకలజనుల,1,2.2277668864729994e-05
9917,సక్రియం,1,2.2277668864729994e-05
9918,సఖి,1,2.2277668864729994e-05
9919,సగర్వం,1,2.2277668864729994e-05
9920,సడలింపు,1,2.2277668864729994e-05
9921,సడెన్,1,2.2277668864729994e-05
9922,సత్తా,1,2.2277668864729994e-05
9923,సత్తు,1,2.2277668864729994e-05
9924,సత్ఫలితం,1,2.2277668864729994e-05
9925,సత్యభామాకలాపమున,1,2.2277668864729994e-05
9926,సత్యమయ్య,1,2.2277668864729994e-05
9927,సత్యవాన్,1,2.2277668864729994e-05
9928,సత్వంత్సింగ్,1,2.2277668864729994e-05
9929,సదరన్,1,2.2277668864729994e-05
9930,సదుపయోగం,1,2.2277668864729994e-05
9931,సన్నం,1,2.2277668864729994e-05
9932,సన్నకారు,1,2.2277668864729994e-05
9933,సన్నద్దంగా,1,2.2277668864729994e-05
9934,సన్నివేశం,1,2.2277668864729994e-05
9935,సపోజ్,1,2.2277668864729994e-05
9936,సప్తగిరి,1,2.2277668864729994e-05
9937,సప్లైస్,1,2.2277668864729994e-05
9938,సబబని,1,2.2277668864729994e-05
9939,సబర్బన్,1,2.2277668864729994e-05
9940,సబ్జెక్టు,1,2.2277668864729994e-05
9941,సబ్జెక్ట్సే,1,2.2277668864729994e-05
9942,సబ్బు,1,2.2277668864729994e-05
9943,సబ్సిడీపై,1,2.2277668864729994e-05
9944,సబ్స్క్రిప్షన్,1,2.2277668864729994e-05
9945,సభాపతి,1,2.2277668864729994e-05
9946,సభ్యతం,1,2.2277668864729994e-05
9947,సభ్యదేశం,1,2.2277668864729994e-05
9948,సభ్యదేశాలన్నింటికీ,1,2.2277668864729994e-05
9949,సభ్యదేశాలుగా,1,2.2277668864729994e-05
9950,సభ్యురాలు,1,2.2277668864729994e-05
9951,సభ్యులంతా,1,2.2277668864729994e-05
9952,సభ్యుల్లో,1,2.2277668864729994e-05
9953,సమ,1,2.2277668864729994e-05
9954,సమంత,1,2.2277668864729994e-05
9955,సమకూరు,1,2.2277668864729994e-05
9956,సమగ్ర,1,2.2277668864729994e-05
9957,సమగ్రంతు,1,2.2277668864729994e-05
9958,సమగ్రత,1,2.2277668864729994e-05
9959,సమతామూర్తి,1,2.2277668864729994e-05
9960,సమన్యాయం,1,2.2277668864729994e-05
9961,సమయపాలన,1,2.2277668864729994e-05
9962,సమయమైనా,1,2.2277668864729994e-05
9963,సమయస్ఫూర్తి,1,2.2277668864729994e-05
9964,సమర్ణంగా,1,2.2277668864729994e-05
9965,సమర్థనం,1,2.2277668864729994e-05
9966,సమర్థవంతం,1,2.2277668864729994e-05
9967,సమర్థవంతంగ,1,2.2277668864729994e-05
9968,సమశీతోష్ణం,1,2.2277668864729994e-05
9969,సమాచారమునయినా,1,2.2277668864729994e-05
9970,సమాజ్,1,2.2277668864729994e-05
9971,సమాదానం,1,2.2277668864729994e-05
9972,సమానత్వం,1,2.2277668864729994e-05
9973,సమానార్థకం,1,2.2277668864729994e-05
9974,సమాయత్తం,1,2.2277668864729994e-05
9975,సమారాధనం,1,2.2277668864729994e-05
9976,సమాహారం,1,2.2277668864729994e-05
9977,సమిక్ష,1,2.2277668864729994e-05
9978,సమీకరి,1,2.2277668864729994e-05
9979,సముద,1,2.2277668864729994e-05
9980,సముద్రఖని,1,2.2277668864729994e-05
9981,సమృద్ది,1,2.2277668864729994e-05
9982,సమేత,1,2.2277668864729994e-05
9983,సమ్మతి,1,2.2277668864729994e-05
9984,సయ్యదయ్యమాట,1,2.2277668864729994e-05
9985,సరం,1,2.2277668864729994e-05
9986,సరంజామా,1,2.2277668864729994e-05
9987,సరదా,1,2.2277668864729994e-05
9988,సరళి,1,2.2277668864729994e-05
9989,సరసన,1,2.2277668864729994e-05
9990,సరస్సు,1,2.2277668864729994e-05
9991,సరికొత్త,1,2.2277668864729994e-05
9992,సరిపోద్ది,1,2.2277668864729994e-05
9993,సరిపోలడం,1,2.2277668864729994e-05
9994,సరిసమానం,1,2.2277668864729994e-05
9995,సరీసృపం,1,2.2277668864729994e-05
9996,సరేంద్ర,1,2.2277668864729994e-05
9997,సరేనమ్మ,1,2.2277668864729994e-05
9998,సరోజాదేవి,1,2.2277668864729994e-05
9999,సరోజి,1,2.2277668864729994e-05
10000,సరౌండింగ్స్,1,2.2277668864729994e-05
10001,సర్కస్,1,2.2277668864729994e-05
10002,సర్కార్,1,2.2277668864729994e-05
10003,సర్కులేషన్,1,2.2277668864729994e-05
10004,సర్జన్,1,2.2277668864729994e-05
10005,సర్జర్,1,2.2277668864729994e-05
10006,సర్జు,1,2.2277668864729994e-05
10007,సర్టిఫికెటు,1,2.2277668864729994e-05
10008,సర్టిఫికెట్,1,2.2277668864729994e-05
10009,సర్టిఫికేటు,1,2.2277668864729994e-05
10010,సర్టిఫేట్,1,2.2277668864729994e-05
10011,సర్ఫేస్,1,2.2277668864729994e-05
10012,సర్వదా,1,2.2277668864729994e-05
10013,సర్వప్రతినిధి,1,2.2277668864729994e-05
10014,సర్వసామాన్యం,1,2.2277668864729994e-05
10015,సర్విస్,1,2.2277668864729994e-05
10016,సర్వీసెస్,1,2.2277668864729994e-05
10017,సర్వేపల్లి,1,2.2277668864729994e-05
10018,సర్వోత్కృష్ఠ,1,2.2277668864729994e-05
10019,సర్హికల్,1,2.2277668864729994e-05
10020,సల్ఫేట్,1,2.2277668864729994e-05
10021,సవం,1,2.2277668864729994e-05
10022,సవతి,1,2.2277668864729994e-05
10023,సవత్సరం,1,2.2277668864729994e-05
10024,సవారి,1,2.2277668864729994e-05
10025,సవాళ్ళను,1,2.2277668864729994e-05
10026,సవ్వడి,1,2.2277668864729994e-05
10027,ససర్జ,1,2.2277668864729994e-05
10028,సస్పెండ్,1,2.2277668864729994e-05
10029,సస్పెన్షన్,1,2.2277668864729994e-05
10030,సహ,1,2.2277668864729994e-05
10031,సహకరి,1,2.2277668864729994e-05
10032,సహకరించవలసిందిగా,1,2.2277668864729994e-05
10033,సహజవనరులపై,1,2.2277668864729994e-05
10034,సహజసిద్ధం,1,2.2277668864729994e-05
10035,సహజీవనం,1,2.2277668864729994e-05
10036,సహవిద్యార్థి,1,2.2277668864729994e-05
10037,సహస్రాబ్ది,1,2.2277668864729994e-05
10038,సహాధ్యాయి,1,2.2277668864729994e-05
10039,సహాయకారి,1,2.2277668864729994e-05
10040,సహాయపడుతాయి,1,2.2277668864729994e-05
10041,సహాయపడ్,1,2.2277668864729994e-05
10042,సహాయమంతి,1,2.2277668864729994e-05
10043,సహాయమంత్రి,1,2.2277668864729994e-05
10044,సాం,1,2.2277668864729994e-05
10045,సాంకేతికత,1,2.2277668864729994e-05
10046,సాంకేతికపరం,1,2.2277668864729994e-05
10047,సాంద్రం,1,2.2277668864729994e-05
10048,సాంబయ్యఉ,1,2.2277668864729994e-05
10049,సాంబా,1,2.2277668864729994e-05
10050,సాంబార్,1,2.2277668864729994e-05
10051,సాంస్కృతి,1,2.2277668864729994e-05
10052,సాకు,1,2.2277668864729994e-05
10053,సాక్ష్యాధారం,1,2.2277668864729994e-05
10054,సాగదియ్యి,1,2.2277668864729994e-05
10055,సాగరం,1,2.2277668864729994e-05
10056,సాగి,1,2.2277668864729994e-05
10057,సాగుతున్నరో,1,2.2277668864729994e-05
10058,సాగుబడి,1,2.2277668864729994e-05
10059,సాగ్,1,2.2277668864729994e-05
10060,సాటర్డే,1,2.2277668864729994e-05
10061,సాత్జోన్,1,2.2277668864729994e-05
10062,సాధనముగా,1,2.2277668864729994e-05
10063,సాధారణమైంది,1,2.2277668864729994e-05
10064,సాధారణమైనదిగా,1,2.2277668864729994e-05
10065,సాధించనేమో,1,2.2277668864729994e-05
10066,సాధికారం,1,2.2277668864729994e-05
10067,సాధులోకపాల,1,2.2277668864729994e-05
10068,సాధుశీల,1,2.2277668864729994e-05
10069,సాధ్యం,1,2.2277668864729994e-05
10070,సాధ్యమేనని,1,2.2277668864729994e-05
10071,సానబెట్టు,1,2.2277668864729994e-05
10072,సానిటేషన్,1,2.2277668864729994e-05
10073,సానుకూలాంశంగా,1,2.2277668864729994e-05
10074,సానుభూతి,1,2.2277668864729994e-05
10075,సాన్,1,2.2277668864729994e-05
10076,సాపేక్షికంగా,1,2.2277668864729994e-05
10077,సాఫీగా,1,2.2277668864729994e-05
10078,సాఫ్ట్,1,2.2277668864729994e-05
10079,సామగ్రి,1,2.2277668864729994e-05
10080,సామరస్యం,1,2.2277668864729994e-05
10081,సామర్ధ్యం,1,2.2277668864729994e-05
10082,సామర్ధ్యత,1,2.2277668864729994e-05
10083,సామాజకీయం,1,2.2277668864729994e-05
10084,సామాన్యం,1,2.2277668864729994e-05
10085,సామీప్యత,1,2.2277668864729994e-05
10086,సాము,1,2.2277668864729994e-05
10087,సామ్యవాదం,1,2.2277668864729994e-05
10088,సాయపడు,1,2.2277668864729994e-05
10089,సాయింత్రం,1,2.2277668864729994e-05
10090,సాయిపల్లవి,1,2.2277668864729994e-05
10091,సారవంతం,1,2.2277668864729994e-05
10092,సారవంతమయ్యి,1,2.2277668864729994e-05
10093,సారు,1,2.2277668864729994e-05
10094,సార్థకం,1,2.2277668864729994e-05
10095,సార్థకత,1,2.2277668864729994e-05
10096,సార్వతిక,1,2.2277668864729994e-05
10097,సార్వభౌమిక,1,2.2277668864729994e-05
10098,సాల్ట్,1,2.2277668864729994e-05
10099,సావిత్రి,1,2.2277668864729994e-05
10100,సాస్,1,2.2277668864729994e-05
10101,సాహసోపేతం,1,2.2277668864729994e-05
10102,సాహిత్యపరం,1,2.2277668864729994e-05
10103,సింగరేణి,1,2.2277668864729994e-05
10104,సింగర్,1,2.2277668864729994e-05
10105,సింగి,1,2.2277668864729994e-05
10106,సింగిరెడ్డి,1,2.2277668864729994e-05
10107,సింగ్ఫో,1,2.2277668864729994e-05
10108,సింధు,1,2.2277668864729994e-05
10109,సింహం,1,2.2277668864729994e-05
10110,సింహగర్జన,1,2.2277668864729994e-05
10111,సింహాసనం,1,2.2277668864729994e-05
10112,సిఆర్వీ,1,2.2277668864729994e-05
10113,సిఈ,1,2.2277668864729994e-05
10114,సిఎంగా,1,2.2277668864729994e-05
10115,సిఎంను,1,2.2277668864729994e-05
10116,సికింద్రాబాద్,1,2.2277668864729994e-05
10117,సిక్కిం,1,2.2277668864729994e-05
10118,సిక్స్త్,1,2.2277668864729994e-05
10119,సిగ్నల్స్,1,2.2277668864729994e-05
10120,సిగ్నళ్ళు,1,2.2277668864729994e-05
10121,సిటర్,1,2.2277668864729994e-05
10122,సిట్టింగ్,1,2.2277668864729994e-05
10123,సిడాక్,1,2.2277668864729994e-05
10124,సిద్దం,1,2.2277668864729994e-05
10125,సిద్దాంతం,1,2.2277668864729994e-05
10126,సిద్దేంద్ర,1,2.2277668864729994e-05
10127,సిద్ధంతం,1,2.2277668864729994e-05
10128,సిద్ధాంతకర్త,1,2.2277668864729994e-05
10129,సిద్ధేంద్ర,1,2.2277668864729994e-05
10130,సినాప్టిక్,1,2.2277668864729994e-05
10131,సినిమాస్,1,2.2277668864729994e-05
10132,సిన్హా,1,2.2277668864729994e-05
10133,సిపిఎం,1,2.2277668864729994e-05
10134,సిపెర్,1,2.2277668864729994e-05
10135,సిఫార్సు,1,2.2277668864729994e-05
10136,సిమెంట్,1,2.2277668864729994e-05
10137,సిమ్,1,2.2277668864729994e-05
10138,సిరప్స్,1,2.2277668864729994e-05
10139,సిరా,1,2.2277668864729994e-05
10140,సిరిసిల్ల,1,2.2277668864729994e-05
10141,సిరీస్,1,2.2277668864729994e-05
10142,సిలబసు,1,2.2277668864729994e-05
10143,సిలబస్,1,2.2277668864729994e-05
10144,సిలికా,1,2.2277668864729994e-05
10145,సిలికానాంధ్ర,1,2.2277668864729994e-05
10146,సిలికేట్,1,2.2277668864729994e-05
10147,సీఈస్,1,2.2277668864729994e-05
10148,సీటర్,1,2.2277668864729994e-05
10149,సీట్,1,2.2277668864729994e-05
10150,సీడ్స్,1,2.2277668864729994e-05
10151,సీత,1,2.2277668864729994e-05
10152,సీతాఫలం,1,2.2277668864729994e-05
10153,సీతారాములు,1,2.2277668864729994e-05
10154,సీమన్స్,1,2.2277668864729994e-05
10155,సీమాంధ్ర,1,2.2277668864729994e-05
10156,సీరం,1,2.2277668864729994e-05
10157,సుందర్గఢ్,1,2.2277668864729994e-05
10158,సుఖం,1,2.2277668864729994e-05
10159,సుఖాంతం,1,2.2277668864729994e-05
10160,సుఖేందర్,1,2.2277668864729994e-05
10161,సుఖేందర్రెడ్డి,1,2.2277668864729994e-05
10162,సుగమం,1,2.2277668864729994e-05
10163,సుజాత,1,2.2277668864729994e-05
10164,సుజుకీ,1,2.2277668864729994e-05
10165,సుట్రహ్మణ్యం,1,2.2277668864729994e-05
10166,సుడిగాలివలె,1,2.2277668864729994e-05
10167,సుత్రాల,1,2.2277668864729994e-05
10168,సుద్ద,1,2.2277668864729994e-05
10169,సునామీ,1,2.2277668864729994e-05
10170,సున్నఒకటి,1,2.2277668864729994e-05
10171,సున్నాఒకటి,1,2.2277668864729994e-05
10172,సుప్రసిద్ధుడు,1,2.2277668864729994e-05
10173,సుప్రియ,1,2.2277668864729994e-05
10174,సుబ్బయ్య,1,2.2277668864729994e-05
10175,సుబ్బరాజు,1,2.2277668864729994e-05
10176,సుబ్బారావు,1,2.2277668864729994e-05
10177,సుభద్ర,1,2.2277668864729994e-05
10178,సుమన్,1,2.2277668864729994e-05
10179,సుమాంజలి,1,2.2277668864729994e-05
10180,సుముఖత,1,2.2277668864729994e-05
10181,సురవరం,1,2.2277668864729994e-05
10182,సులువు,1,2.2277668864729994e-05
10183,సుల్తనేట్,1,2.2277668864729994e-05
10184,సుల్తాను,1,2.2277668864729994e-05
10185,సువర్ణావకాశం,1,2.2277668864729994e-05
10186,సువర్ణావకాశమైనా,1,2.2277668864729994e-05
10187,సుష్టి,1,2.2277668864729994e-05
10188,సుస్థిరత,1,2.2277668864729994e-05
10189,సూక్ష్మం,1,2.2277668864729994e-05
10190,సూక్ష్మపరికర్మరి,1,2.2277668864729994e-05
10191,సూత్రధారుడు,1,2.2277668864729994e-05
10192,సూపర్నోవా,1,2.2277668864729994e-05
10193,సూరజ్,1,2.2277668864729994e-05
10194,సూరయ్య,1,2.2277668864729994e-05
10195,సూర్యగ్రహణం,1,2.2277668864729994e-05
10196,సూర్యదేవర,1,2.2277668864729994e-05
10197,సూర్యనారాయణ,1,2.2277668864729994e-05
10198,సూర్యమధ్యరేఖ,1,2.2277668864729994e-05
10199,సూర్యమాన,1,2.2277668864729994e-05
10200,సూర్యమానపు,1,2.2277668864729994e-05
10201,సూర్యలంక,1,2.2277668864729994e-05
10202,సూర్యుడుండే,1,2.2277668864729994e-05
10203,సూళ్లూరుపేట,1,2.2277668864729994e-05
10204,సృజ,1,2.2277668864729994e-05
10205,సృజనాత్మకతను,1,2.2277668864729994e-05
10206,సె,1,2.2277668864729994e-05
10207,సెంటరేనా,1,2.2277668864729994e-05
10208,సెంటర్,1,2.2277668864729994e-05
10209,సెంటర్స్,1,2.2277668864729994e-05
10210,సెంటినెల్,1,2.2277668864729994e-05
10211,సెంథిల్,1,2.2277668864729994e-05
10212,సెకండు,1,2.2277668864729994e-05
10213,సెకను,1,2.2277668864729994e-05
10214,సెక్రటరీ,1,2.2277668864729994e-05
10215,సెగ్మెంట్,1,2.2277668864729994e-05
10216,సెటిల్,1,2.2277668864729994e-05
10217,సెట్టింగ్,1,2.2277668864729994e-05
10218,సెట్టు,1,2.2277668864729994e-05
10219,సెడిమెంటరీ,1,2.2277668864729994e-05
10220,సెడిమెంట్,1,2.2277668864729994e-05
10221,సెన్సార్,1,2.2277668864729994e-05
10222,సెన్సిటివిటీ,1,2.2277668864729994e-05
10223,సెపరేట్గా,1,2.2277668864729994e-05
10224,సెప్టంబర్,1,2.2277668864729994e-05
10225,సెర్బియా,1,2.2277668864729994e-05
10226,సెర్లాక్,1,2.2277668864729994e-05
10227,సెలబ్రెటీ,1,2.2277668864729994e-05
10228,సెలబ్రేషన్,1,2.2277668864729994e-05
10229,సెల్ఫోను,1,2.2277668864729994e-05
10230,సెల్ఫోన్లు,1,2.2277668864729994e-05
10231,సెల్యులర్,1,2.2277668864729994e-05
10232,సెల్లింగ్,1,2.2277668864729994e-05
10233,సెల్స్,1,2.2277668864729994e-05
10234,సెవెంటీన్,1,2.2277668864729994e-05
10235,సెవెంత్,1,2.2277668864729994e-05
10236,సేంద్రియం,1,2.2277668864729994e-05
10237,సేంద్రీయ,1,2.2277668864729994e-05
10238,సేకరుణలు,1,2.2277668864729994e-05
10239,సేత,1,2.2277668864729994e-05
10240,సేద్యం,1,2.2277668864729994e-05
10241,సేఫ్టీగా,1,2.2277668864729994e-05
10242,సేమ్,1,2.2277668864729994e-05
10243,సేల్,1,2.2277668864729994e-05
10244,సేల్స్,1,2.2277668864729994e-05
10245,సేవారంగం,1,2.2277668864729994e-05
10246,సై,1,2.2277668864729994e-05
10247,సైంటిష్టు,1,2.2277668864729994e-05
10248,సైకస్,1,2.2277668864729994e-05
10249,సైకిళ్లు,1,2.2277668864729994e-05
10250,సైక్లింగ్,1,2.2277668864729994e-05
10251,సైగ,1,2.2277668864729994e-05
10252,సైజ్,1,2.2277668864729994e-05
10253,సైట్ను,1,2.2277668864729994e-05
10254,సైడిరియల్,1,2.2277668864729994e-05
10255,సైడు,1,2.2277668864729994e-05
10256,సైదిరియల్,1,2.2277668864729994e-05
10257,సైద్ధాంతికం,1,2.2277668864729994e-05
10258,సైన్అప్,1,2.2277668864729994e-05
10259,సైన్సు,1,2.2277668864729994e-05
10260,సైలెన్సర్,1,2.2277668864729994e-05
10261,సొన,1,2.2277668864729994e-05
10262,సొల్యూషన్,1,2.2277668864729994e-05
10263,సోక్రటీస్,1,2.2277668864729994e-05
10264,సోదర,1,2.2277668864729994e-05
10265,సోదా,1,2.2277668864729994e-05
10266,సోనియా,1,2.2277668864729994e-05
10267,సోఫా,1,2.2277668864729994e-05
10268,సోమన,1,2.2277668864729994e-05
10269,సోమనాథుడు,1,2.2277668864729994e-05
10270,సోమర్,1,2.2277668864729994e-05
10271,సోమిరెడ్డి,1,2.2277668864729994e-05
10272,సోయా,1,2.2277668864729994e-05
10273,సోలోన్,1,2.2277668864729994e-05
10274,సౌండ్సు,1,2.2277668864729994e-05
10275,సౌందర,1,2.2277668864729994e-05
10276,సౌకర్యమున్న,1,2.2277668864729994e-05
10277,సౌచోంగ్,1,2.2277668864729994e-05
10278,సౌధం,1,2.2277668864729994e-05
10279,సౌరకుటుంబం,1,2.2277668864729994e-05
10280,సౌరమానం,1,2.2277668864729994e-05
10281,సౌరశక్తి,1,2.2277668864729994e-05
10282,స్కనింగ్,1,2.2277668864729994e-05
10283,స్కానింగ్,1,2.2277668864729994e-05
10284,స్కాన్,1,2.2277668864729994e-05
10285,స్కామ్,1,2.2277668864729994e-05
10286,స్కాలర్షిప్,1,2.2277668864729994e-05
10287,స్కిల్,1,2.2277668864729994e-05
10288,స్కీనింగ్,1,2.2277668864729994e-05
10289,స్కేల్,1,2.2277668864729994e-05
10290,స్క్యాన్,1,2.2277668864729994e-05
10291,స్క్రీనింగ్,1,2.2277668864729994e-05
10292,స్క్వాడ్,1,2.2277668864729994e-05
10293,స్టవ్,1,2.2277668864729994e-05
10294,స్టాండర్డ్,1,2.2277668864729994e-05
10295,స్టాండ్,1,2.2277668864729994e-05
10296,స్టాన్లీ,1,2.2277668864729994e-05
10297,స్టాఫ్,1,2.2277668864729994e-05
10298,స్టీఫాన్,1,2.2277668864729994e-05
10299,స్టీమ్,1,2.2277668864729994e-05
10300,స్టీరింగ్,1,2.2277668864729994e-05
10301,స్టూడియో,1,2.2277668864729994e-05
10302,స్టూడియోగా,1,2.2277668864729994e-05
10303,స్టూడెంట్స్,1,2.2277668864729994e-05
10304,స్టూపం,1,2.2277668864729994e-05
10305,స్టెయిన్,1,2.2277668864729994e-05
10306,స్టెరోకార్పస్,1,2.2277668864729994e-05
10307,స్టెల్లార్,1,2.2277668864729994e-05
10308,స్టేజ్,1,2.2277668864729994e-05
10309,స్టేట్మెంట్,1,2.2277668864729994e-05
10310,స్టేట్స్,1,2.2277668864729994e-05
10311,స్టేషనరీ,1,2.2277668864729994e-05
10312,స్టేషను,1,2.2277668864729994e-05
10313,స్టైలిష్,1,2.2277668864729994e-05
10314,స్టైల్,1,2.2277668864729994e-05
10315,స్టోర్డ్,1,2.2277668864729994e-05
10316,స్టోర్స్,1,2.2277668864729994e-05
10317,స్ట్రక్,1,2.2277668864729994e-05
10318,స్ట్రాబెరీ,1,2.2277668864729994e-05
10319,స్ట్రిక్ట్,1,2.2277668864729994e-05
10320,స్ట్రీమ్,1,2.2277668864729994e-05
10321,స్ట్రెయిట్గా,1,2.2277668864729994e-05
10322,స్ట్రెస్,1,2.2277668864729994e-05
10323,స్ట్రోగర్,1,2.2277668864729994e-05
10324,స్తంభాకారం,1,2.2277668864729994e-05
10325,స్తోమత,1,2.2277668864729994e-05
10326,స్థబ్ధుడు,1,2.2277668864729994e-05
10327,స్థానంలోను,1,2.2277668864729994e-05
10328,స్థాపన,1,2.2277668864729994e-05
10329,స్థాయికైతే,1,2.2277668864729994e-05
10330,స్థితిమంతులైన,1,2.2277668864729994e-05
10331,స్థిరనివాసుల,1,2.2277668864729994e-05
10332,స్థూపం,1,2.2277668864729994e-05
10333,స్ధాయి,1,2.2277668864729994e-05
10334,స్నాచింగ్,1,2.2277668864729994e-05
10335,స్నాప్,1,2.2277668864729994e-05
10336,స్నేహతత్త్వం,1,2.2277668864729994e-05
10337,స్నేహపూర్వకంగా,1,2.2277668864729994e-05
10338,స్నో,1,2.2277668864729994e-05
10339,స్నోబోర్డింగ్,1,2.2277668864729994e-05
10340,స్పందన,1,2.2277668864729994e-05
10341,స్పటికం,1,2.2277668864729994e-05
10342,స్పష్టత,1,2.2277668864729994e-05
10343,స్పానం,1,2.2277668864729994e-05
10344,స్పాన్సర్,1,2.2277668864729994e-05
10345,స్పామి,1,2.2277668864729994e-05
10346,స్పార్కిల్,1,2.2277668864729994e-05
10347,స్పూను,1,2.2277668864729994e-05
10348,స్పూర్తి,1,2.2277668864729994e-05
10349,స్పూర్థి,1,2.2277668864729994e-05
10350,స్పెండ్,1,2.2277668864729994e-05
10351,స్పెల్లింగ్స్,1,2.2277668864729994e-05
10352,స్పెషల్స్,1,2.2277668864729994e-05
10353,స్పెసిఫికేషన్స్,1,2.2277668864729994e-05
10354,స్పైడర్,1,2.2277668864729994e-05
10355,స్పైసీ,1,2.2277668864729994e-05
10356,స్పైసెస్,1,2.2277668864729994e-05
10357,స్పోర్ట్,1,2.2277668864729994e-05
10358,స్ప్రింక్లర్,1,2.2277668864729994e-05
10359,స్ప్రింగ్,1,2.2277668864729994e-05
10360,స్ప్రెడ్,1,2.2277668864729994e-05
10361,స్ఫోక్,1,2.2277668864729994e-05
10362,స్మ,1,2.2277668864729994e-05
10363,స్మార్ట్,1,2.2277668864729994e-05
10364,స్మార్ట్ఫోన్స్,1,2.2277668864729994e-05
10365,స్మెల్,1,2.2277668864729994e-05
10366,స్మోక్,1,2.2277668864729994e-05
10367,స్రవంతి,1,2.2277668864729994e-05
10368,స్లాంగ్స్,1,2.2277668864729994e-05
10369,స్లాక్,1,2.2277668864729994e-05
10370,స్వంతం,1,2.2277668864729994e-05
10371,స్వగ్రామం,1,2.2277668864729994e-05
10372,స్వచ్చం,1,2.2277668864729994e-05
10373,స్వచ్ఛం,1,2.2277668864729994e-05
10374,స్వతంత్రత,1,2.2277668864729994e-05
10375,స్వదేశం,1,2.2277668864729994e-05
10376,స్వదేశీ,1,2.2277668864729994e-05
10377,స్వదేశ్,1,2.2277668864729994e-05
10378,స్వపరిపాలన,1,2.2277668864729994e-05
10379,స్వప్రయోజనం,1,2.2277668864729994e-05
10380,స్వయంకృషి,1,2.2277668864729994e-05
10381,స్వయంప్రతిపత్తి,1,2.2277668864729994e-05
10382,స్వయంబోధకంగా,1,2.2277668864729994e-05
10383,స్వయంసేవక్,1,2.2277668864729994e-05
10384,స్వయముగా,1,2.2277668864729994e-05
10385,స్వరపరుచు,1,2.2277668864729994e-05
10386,స్వరావంగా,1,2.2277668864729994e-05
10387,స్వరాష్ట్రం,1,2.2277668864729994e-05
10388,స్వర్,1,2.2277668864729994e-05
10389,స్వర్ణయుగం,1,2.2277668864729994e-05
10390,స్వర్ణలత,1,2.2277668864729994e-05
10391,స్వల్స,1,2.2277668864729994e-05
10392,స్వశక్తి,1,2.2277668864729994e-05
10393,స్వస్థం,1,2.2277668864729994e-05
10394,స్వస్థత,1,2.2277668864729994e-05
10395,స్వస్థలం,1,2.2277668864729994e-05
10396,స్వాంతంత్ర్యం,1,2.2277668864729994e-05
10397,స్వాతంత్య్రం,1,2.2277668864729994e-05
10398,స్వాతంత్రం,1,2.2277668864729994e-05
10399,స్వాతి,1,2.2277668864729994e-05
10400,స్వామివారి,1,2.2277668864729994e-05
10401,స్విట్జర్లాండ్,1,2.2277668864729994e-05
10402,స్విమ్మింగ్,1,2.2277668864729994e-05
10403,స్విమ్స్,1,2.2277668864729994e-05
10404,స్వీడన్,1,2.2277668864729994e-05
10405,స్వేచ్ఛానకలుహక్కులత,1,2.2277668864729994e-05
10406,స్సర్వ,1,2.2277668864729994e-05
10407,హంగు,1,2.2277668864729994e-05
10408,హండ్రడ్,1,2.2277668864729994e-05
10409,హంతకుడు,1,2.2277668864729994e-05
10410,హగ్స్,1,2.2277668864729994e-05
10411,హడావిడి,1,2.2277668864729994e-05
10412,హత్యకావించబడటం,1,2.2277668864729994e-05
10413,హత్యాయత్నం,1,2.2277668864729994e-05
10414,హనీఫా,1,2.2277668864729994e-05
10415,హనుమ,1,2.2277668864729994e-05
10416,హనుమంతుడు,1,2.2277668864729994e-05
10417,హనుమాన్,1,2.2277668864729994e-05
10418,హన్స్,1,2.2277668864729994e-05
10419,హయం,1,2.2277668864729994e-05
10420,హయాన్,1,2.2277668864729994e-05
10421,హరిజవహర్లాల్,1,2.2277668864729994e-05
10422,హరిణి,1,2.2277668864729994e-05
10423,హరిదాసు,1,2.2277668864729994e-05
10424,హరిశ్చంద్ర,1,2.2277668864729994e-05
10425,హరిహరన్,1,2.2277668864729994e-05
10426,హర్షం,1,2.2277668864729994e-05
10427,హలెగన్నడ,1,2.2277668864729994e-05
10428,హవర్స్,1,2.2277668864729994e-05
10429,హస్తం,1,2.2277668864729994e-05
10430,హాం,1,2.2277668864729994e-05
10431,హాకింగ్స్,1,2.2277668864729994e-05
10432,హాజరు,1,2.2277668864729994e-05
10433,హాజరుపర్చగా,1,2.2277668864729994e-05
10434,హాట్,1,2.2277668864729994e-05
10435,హాట్గా,1,2.2277668864729994e-05
10436,హానికరం,1,2.2277668864729994e-05
10437,హానీమూన్,1,2.2277668864729994e-05
10438,హాన్స్,1,2.2277668864729994e-05
10439,హామీపై,1,2.2277668864729994e-05
10440,హాయనం,1,2.2277668864729994e-05
10441,హాయి,1,2.2277668864729994e-05
10442,హారన్,1,2.2277668864729994e-05
10443,హార్డ్,1,2.2277668864729994e-05
10444,హార్పిక్,1,2.2277668864729994e-05
10445,హార్స్,1,2.2277668864729994e-05
10446,హార్స్లీ,1,2.2277668864729994e-05
10447,హాలిడే,1,2.2277668864729994e-05
10448,హాలు,1,2.2277668864729994e-05
10449,హాల్ట్,1,2.2277668864729994e-05
10450,హాసన్,1,2.2277668864729994e-05
10451,హాస్యం,1,2.2277668864729994e-05
10452,హిందుస్థాన్,1,2.2277668864729994e-05
10453,హిందూస్,1,2.2277668864729994e-05
10454,హిట్,1,2.2277668864729994e-05
10455,హిట్మ్యాన్గా,1,2.2277668864729994e-05
10456,హితం,1,2.2277668864729994e-05
10457,హిమాచల్ప్రదేశ్,1,2.2277668864729994e-05
10458,హిమాలయ,1,2.2277668864729994e-05
10459,హిల్స్ఫియర్,1,2.2277668864729994e-05
10460,హీటర్,1,2.2277668864729994e-05
10461,హీటుగ,1,2.2277668864729994e-05
10462,హీట్,1,2.2277668864729994e-05
10463,హీన్,1,2.2277668864729994e-05
10464,హీరో,1,2.2277668864729994e-05
10465,హీరోయిన్,1,2.2277668864729994e-05
10466,హుకాయ్,1,2.2277668864729994e-05
10467,హుజూరాబాద్,1,2.2277668864729994e-05
10468,హుడ్,1,2.2277668864729994e-05
10469,హుస్సేన్దాసు,1,2.2277668864729994e-05
10470,హృతిక్రోషన్,1,2.2277668864729994e-05
10471,హె,1,2.2277668864729994e-05
10472,హెచ్ఆర్,1,2.2277668864729994e-05
10473,హెచ్చరిక,1,2.2277668864729994e-05
10474,హెచ్డిఐ,1,2.2277668864729994e-05
10475,హెచ్పి,1,2.2277668864729994e-05
10476,హెనిరిక్,1,2.2277668864729994e-05
10477,హెప్సిభా,1,2.2277668864729994e-05
10478,హెమాద్రి,1,2.2277668864729994e-05
10479,హెయిర్,1,2.2277668864729994e-05
10480,హెరాల్డ్,1,2.2277668864729994e-05
10481,హెరాస్మెంట్,1,2.2277668864729994e-05
10482,హెలికాప్టర్,1,2.2277668864729994e-05
10483,హెల్ం,1,2.2277668864729994e-05
10484,హెల్తీగా,1,2.2277668864729994e-05
10485,హెల్మెట్స్,1,2.2277668864729994e-05
10486,హెూంమంతి,1,2.2277668864729994e-05
10487,హేగ్,1,2.2277668864729994e-05
10488,హేజల్,1,2.2277668864729994e-05
10489,హేయ్,1,2.2277668864729994e-05
10490,హైట్,1,2.2277668864729994e-05
10491,హైడ్,1,2.2277668864729994e-05
10492,హైడ్రోస్టాటిక్,1,2.2277668864729994e-05
10493,హైపర్,1,2.2277668864729994e-05
10494,హైలైట్,1,2.2277668864729994e-05
10495,హైవే,1,2.2277668864729994e-05
10496,హైవేస్,1,2.2277668864729994e-05
10497,హో,1,2.2277668864729994e-05
10498,హోండా,1,2.2277668864729994e-05
10499,హోంశాఖ,1,2.2277668864729994e-05
10500,హోటల్స్,1,2.2277668864729994e-05
10501,హోమ్,1,2.2277668864729994e-05
10502,హోరు,1,2.2277668864729994e-05
10503,హోలీ,1,2.2277668864729994e-05
10504,హోల్ట్,1,2.2277668864729994e-05
10505,హోల్డింగ్,1,2.2277668864729994e-05
10506,హోల్స్,1,2.2277668864729994e-05
10507,హోవే,1,2.2277668864729994e-05
10508,హోసూరు,1,2.2277668864729994e-05
10509,హౌ,1,2.2277668864729994e-05
10510,హౌస్,1,2.2277668864729994e-05
10511,హ్యాండ్,1,2.2277668864729994e-05
10512,హ్యాన్,1,2.2277668864729994e-05
10513,హ్యాపీ,1,2.2277668864729994e-05
10514,హ్యూస్,1,2.2277668864729994e-05
10515,హ్రస్వం,1,2.2277668864729994e-05
